,Tenure,Service_Internet,Service_Phone,Service_TV,Contract,PaymentMethod,MonthlyCharges,TotalCharges,StreamingMovies,StreamingMusic,OnlineSecurity,TechSupport,Churn,Age_Group,Charges_Per_Tenure,renewal,Total_Services_Added,average_charge_per_service
0,0.17142857142857143,0.0,1.0,0.0,0.5,1.0,0.3421052631578947,0.12370300498585095,0.0,0.0,1.0,0.0,0.0,0.5,0.05437540781555862,0.014084507042253521,0.2857142857142857,0.058942155511308526
1,0.17142857142857143,0.0,0.0,1.0,1.0,1.0,0.5986842105263158,0.19337016574585633,1.0,1.0,0.0,0.0,0.0,1.0,0.09185818893641702,0.0,0.42857142857142855,0.06881796599785572
2,0.8428571428571429,1.0,0.0,1.0,0.0,1.0,0.6381578947368421,0.9411130575394151,1.0,1.0,0.0,0.0,0.0,0.5,0.09673264216148288,0.8450704225352113,0.5714285714285714,0.2674222698728749
3,0.8,1.0,1.0,1.0,0.0,0.0,0.38815789473684215,0.5981673628890984,0.0,1.0,0.0,1.0,0.0,0.5,0.06043619888552673,0.8028169014084507,0.7142857142857142,0.14155434727114924
4,0.7285714285714286,1.0,1.0,1.0,1.0,0.6666666666666666,0.07236842105263158,0.20967524592372994,1.0,0.0,1.0,1.0,0.0,0.5,0.015261364460233452,0.028169014084507043,0.8571428571428571,0.04240421854145242
5,0.7428571428571429,1.0,1.0,1.0,0.0,0.0,0.381578947368421,0.5516776714728473,1.0,0.0,1.0,0.0,0.0,0.0,0.0598580904451123,0.7464788732394366,0.7142857142857142,0.13054577015367336
6,0.6,1.0,1.0,0.0,1.0,1.0,0.39473684210526316,0.4613933432152001,1.0,0.0,0.0,0.0,0.0,0.5,0.06216162900291519,0.014084507042253521,0.42857142857142855,0.16401822637463623
7,0.5857142857142857,0.0,0.0,1.0,0.0,0.0,0.5197368421052632,0.5580110497237568,0.0,1.0,0.0,0.0,0.0,0.5,0.08004577891477044,0.5915492957746479,0.2857142857142857,0.26462704855261143
8,0.35714285714285715,0.0,1.0,1.0,0.0,0.6666666666666666,0.032894736842105254,0.0874545209540493,0.0,0.0,1.0,1.0,0.0,0.5,0.010838831291234682,0.36619718309859156,0.5714285714285714,0.024850666258232502
9,0.3142857142857143,0.0,1.0,1.0,1.0,1.0,0.3092105263157895,0.20522840587521896,0.0,1.0,0.0,0.0,0.0,0.5,0.04978896037372453,0.0,0.42857142857142855,0.07302994332975954
10,0.6,1.0,1.0,1.0,0.0,0.6666666666666666,0.6118421052631579,0.6492386470826034,1.0,0.0,1.0,1.0,0.0,0.0,0.09271639304736645,0.6056338028169014,0.8571428571428571,0.13162155657177868
11,0.3857142857142857,0.0,1.0,0.0,1.0,0.3333333333333333,0.6578947368421053,0.44805282306966715,0.0,0.0,1.0,0.0,0.0,0.0,0.09919886899151743,0.014084507042253521,0.2857142857142857,0.21255169244907338
12,0.11428571428571427,0.0,0.0,1.0,1.0,1.0,0.13157894736842105,0.04392938957013879,0.0,0.0,1.0,0.0,0.0,0.5,0.022410723635982822,0.0,0.2857142857142857,0.021161995200898554
13,0.2714285714285714,1.0,1.0,1.0,1.0,0.3333333333333333,0.5789473684210527,0.28554103220590216,1.0,1.0,0.0,0.0,0.0,0.5,0.08732327992459944,0.0,0.7142857142857142,0.0675256547710216
14,0.7857142857142857,0.0,0.0,1.0,0.0,1.0,0.09868421052631579,0.25939900282980727,0.0,0.0,0.0,0.0,0.0,0.5,0.019439208294062205,0.7887323943661972,0.14285714285714285,0.1850781130341553
15,0.5428571428571429,0.0,0.0,1.0,0.5,0.6666666666666666,0.5592105263157895,0.5453442932219377,0.0,0.0,1.0,1.0,0.0,0.5,0.08494647043186157,0.04225352112676056,0.42857142857142855,0.19383711134936438
16,0.7142857142857143,1.0,1.0,1.0,1.0,1.0,0.18421052631578946,0.3270448726586713,1.0,1.0,1.0,0.0,0.0,0.0,0.03191587662397664,0.028169014084507043,0.8571428571428571,0.06622650591864866
17,0.15714285714285714,0.0,1.0,1.0,0.5,0.6666666666666666,0.631578947368421,0.1847459911063199,1.0,0.0,0.0,0.0,0.0,0.5,0.09558592522777254,0.014084507042253521,0.42857142857142855,0.06575470975647113
18,0.7714285714285715,1.0,0.0,0.0,0.5,0.3333333333333333,0.4605263157894737,0.6619054035844225,1.0,0.0,0.0,1.0,0.0,0.0,0.0712192614171879,0.056338028169014086,0.42857142857142855,0.235238933986828
19,0.14285714285714285,0.0,1.0,1.0,1.0,0.3333333333333333,0.26315789473684215,0.08705026276782103,1.0,0.0,1.0,0.0,0.0,0.5,0.043355325164938736,0.0,0.5714285714285714,0.02473579414918058
20,0.35714285714285715,1.0,1.0,1.0,0.5,0.0,0.19078947368421054,0.1668238781835332,0.0,0.0,1.0,0.0,0.0,1.0,0.0321902414268107,0.028169014084507043,0.5714285714285714,0.04740389033542656
21,0.5857142857142857,0.0,1.0,1.0,1.0,0.0,0.15789473684210528,0.24444144993936126,0.0,1.0,1.0,1.0,0.0,0.5,0.02782639917418428,0.014084507042253521,0.7142857142857142,0.057793434420789304
22,0.3714285714285714,1.0,1.0,1.0,0.0,1.0,0.45394736842105265,0.31680366527422177,1.0,0.0,1.0,0.0,0.0,0.5,0.069361538730059,0.38028169014084506,0.7142857142857142,0.07492852402103437
23,0.14285714285714285,1.0,0.0,1.0,0.0,0.3333333333333333,0.5921052631578947,0.15752593990028296,0.0,0.0,0.0,1.0,1.0,0.0,0.08816725216348213,0.15492957746478875,0.42857142857142855,0.056086307244601015
24,0.5285714285714286,0.0,1.0,0.0,0.0,0.6666666666666666,0.5,0.48591833984638183,0.0,1.0,0.0,0.0,0.0,0.5,0.07659110074904509,0.5352112676056339,0.2857142857142857,0.23048450502884568
25,0.6,1.0,1.0,0.0,0.0,0.0,0.5526315789473684,0.5970893410591565,1.0,1.0,0.0,0.0,0.0,0.5,0.08423382942813931,0.6056338028169014,0.5714285714285714,0.16966610506968907
26,0.2571428571428571,1.0,0.0,1.0,0.5,0.3333333333333333,0.5197368421052632,0.2478102681579302,0.0,1.0,0.0,1.0,0.0,0.0,0.07872414306265192,0.014084507042253521,0.5714285714285714,0.07041660284882831
27,0.9,0.0,0.0,1.0,0.0,0.3333333333333333,0.6447368421052632,0.9999999999999999,0.0,1.0,0.0,0.0,0.0,0.5,0.09629771442035814,0.9014084507042254,0.2857142857142857,0.4739495583805586
28,0.07142857142857142,1.0,1.0,1.0,1.0,0.3333333333333333,0.5,0.07707856084085701,1.0,0.0,0.0,0.0,1.0,1.0,0.07885642475651901,0.0,0.5714285714285714,0.02190228212589983
29,0.6428571428571429,0.0,0.0,1.0,0.0,0.3333333333333333,0.14473684210526314,0.253469882765126,1.0,1.0,1.0,0.0,0.0,0.5,0.025632094414621158,0.647887323943662,0.5714285714285714,0.07202481237555522
30,0.5857142857142857,1.0,1.0,0.0,0.0,1.0,0.5263157894736842,0.5600323406548983,1.0,1.0,1.0,1.0,0.0,0.5,0.08038238858220008,0.5915492957746479,0.8571428571428571,0.11351552414502329
31,0.9142857142857143,1.0,0.0,0.0,0.0,0.6666666666666666,0.21710526315789472,0.45681175043794636,1.0,1.0,0.0,0.0,0.0,0.5,0.03616327122453418,0.9154929577464789,0.42857142857142855,0.1623908714964007
32,0.8285714285714286,0.0,1.0,0.0,0.0,1.0,0.6578947368421053,0.9475811885190675,1.0,1.0,1.0,0.0,0.0,0.5,0.09936260962635185,0.8309859154929577,0.5714285714285714,0.26926022361770563
33,0.7285714285714286,1.0,1.0,1.0,0.0,0.0,0.24999999999999997,0.4016978843821587,1.0,1.0,1.0,1.0,0.0,0.5,0.04108968317262379,0.7323943661971831,1.0,0.07113933986827999
34,0.6571428571428571,1.0,0.0,1.0,0.0,0.0,1.0,0.311144050667026,0.0,1.0,0.0,1.0,0.0,0.5,0.03338881424589408,0.6619718309859155,0.5714285714285714,0.08841323326696279
35,0.0857142857142857,1.0,1.0,0.0,0.5,0.6666666666666666,0.15789473684210528,0.03894353860665678,0.0,1.0,1.0,0.0,0.0,0.5,0.02760199272923118,0.0,0.5714285714285714,0.011066013172001838
36,0.14285714285714285,1.0,0.0,0.0,0.0,1.0,0.4342105263157895,0.12491577954453577,1.0,0.0,0.0,0.0,1.0,1.0,0.06743209664981578,0.15492957746478875,0.2857142857142857,0.05951651605656814
37,0.8571428571428572,1.0,1.0,0.0,0.0,0.6666666666666666,0.07236842105263158,0.25481741005255354,1.0,1.0,1.0,0.0,0.0,1.0,0.01623893326740934,0.8591549295774648,0.7142857142857142,0.06025042119773319
38,0.9571428571428572,1.0,0.0,1.0,0.5,0.3333333333333333,0.631578947368421,0.9999999999999999,0.0,0.0,0.0,0.0,0.0,1.0,0.08985696069191107,0.07042253521126761,0.2857142857142857,0.4739495583805586
39,0.34285714285714286,1.0,0.0,1.0,0.0,0.6666666666666666,0.19736842105263155,0.16709338364101872,0.0,1.0,1.0,1.0,0.0,1.0,0.034081055607917056,0.35211267605633806,0.7142857142857142,0.03947771481084393
40,0.15714285714285714,0.0,1.0,1.0,0.0,0.0,0.19736842105263155,0.0758657862821722,1.0,1.0,0.0,0.0,0.0,0.5,0.03212378259503613,0.16901408450704225,0.5714285714285714,0.021557665798744068
41,0.35714285714285715,1.0,0.0,1.0,0.0,0.6666666666666666,0.032894736842105254,0.08354669182050935,1.0,1.0,1.0,0.0,0.0,0.5,0.009787573406800549,0.36619718309859156,0.7142857142857142,0.01969418491856844
42,0.15714285714285714,1.0,1.0,1.0,0.0,0.6666666666666666,0.1644736842105263,0.07087993531869019,0.0,1.0,0.0,0.0,0.0,1.0,0.029217719132893498,0.16901408450704225,0.5714285714285714,0.02014090978710369
43,0.6,1.0,0.0,0.0,0.5,0.3333333333333333,0.2763157894736842,0.3569599784395634,1.0,1.0,0.0,1.0,0.0,0.0,0.045174582995418974,0.04225352112676056,0.5714285714285714,0.1014320722928473
44,0.7142857142857143,1.0,1.0,1.0,0.0,0.6666666666666666,0.24342105263157895,0.9999999999999999,1.0,1.0,1.0,0.0,0.0,0.5,0.12420764724362884,0.7183098591549296,0.8571428571428571,0.2028149136818152
45,0.5142857142857143,1.0,0.0,1.0,1.0,0.6666666666666666,0.18421052631578946,0.2336612316399407,1.0,1.0,1.0,0.0,0.0,0.0,0.031331991746694855,0.014084507042253521,0.7142857142857142,0.055240720886302136
46,0.6428571428571429,0.0,1.0,0.0,1.0,0.6666666666666666,0.032894736842105254,0.15065355073440237,1.0,0.0,1.0,0.0,0.0,0.5,0.009998770642953736,0.014084507042253521,0.42857142857142855,0.05364527492724767
47,0.7428571428571429,1.0,1.0,1.0,0.0,1.0,0.20394736842105263,0.3560167093383641,1.0,1.0,0.0,0.0,0.0,0.5,0.03403695339035798,0.7464788732394366,0.7142857142857142,0.08421401950273141
48,0.17142857142857143,1.0,1.0,0.0,1.0,0.0,0.5131578947368421,0.17032744913084488,1.0,0.0,0.0,1.0,0.0,0.0,0.07946059595446965,0.0,0.5714285714285714,0.04839944861387655
49,0.7571428571428571,1.0,1.0,1.0,0.0,0.6666666666666666,0.2894736842105263,0.46220185958765664,0.0,0.0,1.0,0.0,0.0,0.5,0.04691590742486124,0.7605633802816901,0.5714285714285714,0.13133711134936438
50,0.8,1.0,0.0,1.0,0.0,0.0,0.19736842105263155,0.3754211022773211,0.0,0.0,0.0,0.0,0.0,0.5,0.03310349389023927,0.8028169014084507,0.2857142857142857,0.1781538775718589
51,0.04285714285714286,0.0,1.0,0.0,0.0,0.6666666666666666,0.20394736842105263,0.02533351300363832,0.0,1.0,0.0,0.0,0.0,1.0,0.03440150801131008,0.056338028169014086,0.2857142857142857,0.012355133506917852
52,0.6857142857142857,1.0,1.0,0.0,0.0,0.3333333333333333,0.368421052631579,0.4977765799757445,1.0,0.0,1.0,1.0,0.0,0.0,0.058127680855565605,0.6901408450704225,0.7142857142857142,0.11778220248123755
53,0.0857142857142857,0.0,1.0,1.0,0.5,0.3333333333333333,0.20394736842105263,0.0470287023312222,1.0,1.0,0.0,1.0,0.0,0.5,0.035680624747542744,0.0,0.7142857142857142,0.011046867820493184
54,0.14285714285714285,1.0,1.0,0.0,0.0,0.3333333333333333,0.42105263157894735,0.12181646678345234,0.0,1.0,0.0,1.0,1.0,0.5,0.06546140005140948,0.15492957746478875,0.5714285714285714,0.03461479552764589
55,0.7571428571428571,1.0,1.0,1.0,1.0,0.3333333333333333,0.6513157894736842,0.8638997439698153,0.0,1.0,0.0,0.0,0.0,0.5,0.09894578838970922,0.028169014084507043,0.5714285714285714,0.24548169704395773
56,0.6285714285714286,0.0,0.0,1.0,0.5,0.6666666666666666,0.032894736842105254,0.14216412882360868,1.0,0.0,1.0,1.0,0.0,0.5,0.009194680071211644,0.04225352112676056,0.5714285714285714,0.04039669168325931
57,0.3142857142857143,0.0,0.0,1.0,0.0,0.6666666666666666,0.11184210526315788,0.11009297938283248,1.0,1.0,1.0,0.0,0.0,1.0,0.02085809121829283,0.323943661971831,0.5714285714285714,0.031283504365140144
58,0.3857142857142857,1.0,1.0,1.0,0.5,0.0,0.11842105263157895,0.14135561245115214,1.0,0.0,1.0,0.0,0.0,0.0,0.022586508684529417,0.028169014084507043,0.7142857142857142,0.033383111247255834
59,0.8,1.0,1.0,0.0,1.0,0.6666666666666666,0.29605263157894735,0.4964290526883169,1.0,1.0,0.0,1.0,0.0,0.5,0.047952114026820106,0.028169014084507043,0.7142857142857142,0.11746311328942667
60,0.35714285714285715,1.0,1.0,0.0,0.0,0.6666666666666666,0.032894736842105254,0.08448996092170866,1.0,0.0,0.0,1.0,0.0,0.0,0.010041325309939824,0.36619718309859156,0.5714285714285714,0.024008270791851735
61,0.34285714285714286,0.0,1.0,0.0,0.0,0.6666666666666666,0.3157894736842105,0.225171809729147,0.0,0.0,1.0,0.0,0.0,1.0,0.05032987747408106,0.35211267605633806,0.2857142857142857,0.1069969877980293
62,0.7571428571428571,0.0,1.0,0.0,0.0,1.0,0.6118421052631579,0.8175448052823069,1.0,0.0,1.0,1.0,0.0,0.5,0.09294166928474186,0.7605633802816901,0.5714285714285714,0.232309695206004
63,0.39999999999999997,1.0,0.0,1.0,0.0,1.0,0.013157894736842118,0.08206441180433903,0.0,1.0,1.0,0.0,0.0,0.5,0.007052552894146705,0.4084507042253521,0.5714285714285714,0.023319038137540205
64,0.49999999999999994,1.0,1.0,0.0,0.0,0.6666666666666666,0.24342105263157895,0.27112249023042717,0.0,0.0,0.0,1.0,0.0,0.5,0.039847104408838624,0.5070422535211268,0.42857142857142855,0.09643513554908868
65,0.1857142857142857,0.0,0.0,0.0,0.0,0.0,0.506578947368421,0.17733459102546825,1.0,0.0,1.0,0.0,0.0,0.5,0.07634307257304429,0.1971830985915493,0.2857142857142857,0.08434165517945576
66,0.4857142857142857,1.0,1.0,0.0,0.5,0.0,0.10526315789473684,0.1646678345236491,0.0,1.0,0.0,1.0,0.0,1.0,0.020088864952201427,0.028169014084507043,0.5714285714285714,0.04679123908714964
67,0.41428571428571426,1.0,1.0,0.0,0.5,0.6666666666666666,0.05263157894736842,0.10968872119660422,0.0,1.0,0.0,0.0,0.0,0.5,0.012818096135721019,0.028169014084507043,0.42857142857142855,0.03909480778067086
68,0.22857142857142856,0.0,1.0,0.0,0.0,0.3333333333333333,0.42105263157894735,0.19027085298477292,1.0,0.0,0.0,0.0,0.0,0.0,0.06586461163164606,0.23943661971830987,0.2857142857142857,0.09046816766222494
69,0.9428571428571428,0.0,1.0,1.0,0.0,0.3333333333333333,0.006578947368421045,0.18892332569734535,1.0,1.0,0.0,0.0,0.0,0.0,0.006724154908773754,0.943661971830986,0.5714285714285714,0.05368356563026497
70,0.41428571428571426,0.0,1.0,0.0,0.0,0.0,0.5328947368421053,0.40223689529712975,0.0,0.0,1.0,1.0,0.0,0.0,0.08102419101476595,0.4225352112676056,0.42857142857142855,0.1430062030938888
71,0.6285714285714286,0.0,0.0,0.0,0.0,1.0,0.04605263157894737,0.16197277994879394,0.0,1.0,0.0,0.0,0.0,0.5,0.012273536495968164,0.6338028169014085,0.14285714285714285,0.11586766733037218
72,0.7142857142857143,1.0,1.0,0.0,0.0,0.6666666666666666,0.3486842105263158,0.4961595472308314,0.0,0.0,0.0,1.0,0.0,0.0,0.05510894272883517,0.7183098591549296,0.42857142857142855,0.17636697809771787
73,0.6571428571428571,1.0,0.0,1.0,1.0,1.0,0.493421052631579,0.595068050128015,1.0,1.0,0.0,0.0,0.0,0.5,0.07564120560691438,0.014084507042253521,0.5714285714285714,0.16909174452442946
74,0.7428571428571429,1.0,1.0,1.0,0.0,1.0,0.1644736842105263,0.315590890715537,1.0,1.0,1.0,0.0,0.0,0.5,0.02870200771788807,0.7464788732394366,0.8571428571428571,0.063901713235455
75,0.9,1.0,1.0,0.0,0.0,0.3333333333333333,0.07236842105263158,0.25953375555855007,1.0,1.0,1.0,1.0,0.0,0.5,0.015374646559849197,0.9014084507042254,0.8571428571428571,0.05252390433888367
76,0.5285714285714286,1.0,1.0,1.0,0.0,0.0,0.11842105263157895,0.19121412208597224,1.0,0.0,0.0,1.0,0.0,1.0,0.02234733865767151,0.5352112676056339,0.7142857142857142,0.045189411344258947
77,0.9,1.0,1.0,0.0,1.0,0.6666666666666666,0.5657894736842105,0.9072901226249831,0.0,1.0,0.0,1.0,0.0,0.5,0.08616576343072573,0.028169014084507043,0.5714285714285714,0.2578113034155307
78,0.0857142857142857,0.0,1.0,1.0,0.5,0.6666666666666666,0.4671052631578947,0.08489421910793692,0.0,0.0,0.0,1.0,1.0,0.0,0.07351555136663525,0.0,0.42857142857142855,0.03028794608669015
79,0.3,1.0,1.0,1.0,0.0,0.6666666666666666,0.13157894736842105,0.1162916049049993,0.0,0.0,0.0,0.0,0.0,0.5,0.024376660097678006,0.3098591549295775,0.42857142857142855,0.04144011334048093
80,0.5714285714285715,1.0,1.0,1.0,0.0,0.6666666666666666,0.4736842105263158,0.5055922382428244,0.0,1.0,0.0,1.0,0.0,0.5,0.07337762350290798,0.5774647887323944,0.7142857142857142,0.11963291979374074
81,0.12857142857142856,1.0,1.0,1.0,0.0,1.0,0.4671052631578947,0.12262498315590889,0.0,1.0,1.0,0.0,1.0,0.5,0.07389255419415645,0.14084507042253522,0.7142857142857142,0.02894777148108439
82,0.8,1.0,1.0,1.0,0.0,0.3333333333333333,0.6578947368421053,0.9188788572968601,0.0,1.0,0.0,1.0,0.0,1.0,0.09979000281098599,0.8028169014084507,0.7142857142857142,0.21749757492214222
83,0.0857142857142857,0.0,1.0,1.0,1.0,1.0,0.26315789473684215,0.053901091497102815,0.0,1.0,0.0,0.0,0.0,0.5,0.04254746196310758,0.0,0.42857142857142855,0.019279368969214276
84,0.7000000000000001,1.0,1.0,1.0,0.5,0.0,0.5723684210526315,0.7155369896240399,1.0,1.0,0.0,1.0,0.0,0.0,0.08716305372290292,0.056338028169014086,0.8571428571428571,0.14507800363214668
85,0.7285714285714286,1.0,0.0,1.0,0.5,0.0,0.29605263157894735,0.44710955396846785,0.0,0.0,0.0,1.0,0.0,0.5,0.04719785398390488,0.056338028169014086,0.42857142857142855,0.15894470822484302
86,0.45714285714285713,0.0,1.0,1.0,0.0,0.3333333333333333,0.5921052631578947,0.48537932893141084,1.0,0.0,1.0,0.0,0.0,0.5,0.09008082712135493,0.4647887323943662,0.5714285714285714,0.13792311226834125
87,0.0,1.0,0.0,1.0,0.0,0.6666666666666666,0.06578947368421054,0.0033688182185689255,1.0,1.0,1.0,0.0,0.0,0.5,0.0235626767200754,0.014084507042253521,0.7142857142857142,0.000708378005820187
88,0.7428571428571429,1.0,1.0,1.0,1.0,0.0,0.11842105263157895,0.26748416655437274,1.0,0.0,0.0,0.0,0.0,0.5,0.02235342236764889,0.028169014084507043,0.5714285714285714,0.07600704548935519
89,0.8428571428571429,1.0,0.0,0.0,0.0,0.3333333333333333,0.5592105263157895,0.8461123837757714,1.0,0.0,1.0,0.0,0.0,0.5,0.08565818410304744,0.8450704225352113,0.42857142857142855,0.300668172767652
90,0.4714285714285714,1.0,1.0,1.0,1.0,0.6666666666666666,0.5394736842105263,0.46543592507748277,0.0,0.0,0.0,0.0,0.0,1.0,0.0829406220546654,0.014084507042253521,0.42857142857142855,0.16545412773778526
91,0.04285714285714286,1.0,0.0,1.0,0.0,0.6666666666666666,0.20394736842105263,0.025198760274895565,1.0,0.0,0.0,0.0,0.0,0.5,0.03416588124410933,0.056338028169014086,0.42857142857142855,0.00908446929085618
92,0.22857142857142856,1.0,1.0,0.0,0.0,0.3333333333333333,0.39473684210526316,0.18164667834523648,0.0,0.0,1.0,1.0,0.0,0.5,0.062316349725564116,0.23943661971830987,0.5714285714285714,0.05161586766733037
93,0.04285714285714286,1.0,0.0,1.0,0.5,0.0,0.256578947368421,0.0326101603557472,1.0,1.0,0.0,1.0,0.0,0.5,0.0471253534401508,0.0,0.7142857142857142,0.007632613468116608
94,0.6,1.0,1.0,0.0,0.0,0.6666666666666666,0.013157894736842118,0.12100795041099581,1.0,0.0,1.0,0.0,0.0,0.5,0.006794818402998486,0.6056338028169014,0.5714285714285714,0.034385051309542045
95,0.04285714285714286,1.0,1.0,0.0,0.0,1.0,0.019736842105263164,0.009432691011992993,1.0,0.0,0.0,0.0,0.0,0.5,0.006597549481621112,0.056338028169014086,0.42857142857142855,0.003484453974574973
96,0.0,0.0,1.0,1.0,0.0,1.0,0.0394736842105263,0.0014822800161703275,0.0,1.0,1.0,0.0,0.0,1.0,0.010367577756833175,0.014084507042253521,0.5714285714285714,0.00042119773319038135
97,1.0,0.0,1.0,1.0,0.5,1.0,0.39473684210526316,0.7598706373804069,0.0,1.0,0.0,1.0,0.0,0.5,0.061847048359904955,0.07042253521126761,0.5714285714285714,0.2159212743145964
98,0.7000000000000001,0.0,1.0,1.0,0.0,0.6666666666666666,0.18421052631578946,0.31909446166284866,1.0,1.0,0.0,0.0,0.0,0.5,0.031705937794533456,0.7042253521126761,0.5714285714285714,0.09067238474498392
99,0.8571428571428572,1.0,1.0,1.0,0.0,0.6666666666666666,0.09868421052631579,0.28001617032744913,1.0,1.0,0.0,0.0,0.0,0.5,0.019128258216034977,0.8591549295774648,0.7142857142857142,0.06621738908459693
100,0.4857142857142857,1.0,1.0,1.0,0.5,0.0,0.625,0.5372591294973723,0.0,1.0,0.0,0.0,0.0,1.0,0.09454692338763969,0.028169014084507043,0.5714285714285714,0.1526650329300046
101,0.09999999999999999,1.0,0.0,1.0,0.0,0.0,0.08552631578947367,0.0344966985581458,1.0,0.0,0.0,1.0,0.0,0.0,0.018614514608859566,0.11267605633802817,0.5714285714285714,0.009802419972430693
102,0.32857142857142857,0.0,1.0,0.0,1.0,0.3333333333333333,0.44736842105263164,0.2816332030723622,1.0,0.0,0.0,0.0,0.0,0.5,0.06943135406848885,0.014084507042253521,0.2857142857142857,0.1337366620717823
103,0.49999999999999994,1.0,0.0,1.0,0.0,0.6666666666666666,0.5921052631578947,0.5282306966716076,1.0,1.0,0.0,0.0,0.0,0.0,0.08979997905539847,0.5070422535211268,0.5714285714285714,0.15009955582784498
104,0.7000000000000001,1.0,1.0,1.0,0.5,0.3333333333333333,0.11184210526315788,0.244037191753133,1.0,1.0,0.0,0.0,0.0,0.0,0.021206409048067858,0.056338028169014086,0.7142857142857142,0.057697707663246035
105,0.6,1.0,1.0,0.0,0.0,0.6666666666666666,0.14473684210526314,0.23905134078965098,1.0,0.0,0.0,0.0,0.0,0.5,0.0259956600837297,0.6056338028169014,0.42857142857142855,0.08504365140143973
106,0.3714285714285714,1.0,0.0,1.0,0.5,1.0,1.0,0.2801509230561919,1.0,1.0,1.0,0.0,0.0,0.0,0.05986665270359898,0.028169014084507043,0.7142857142857142,0.06624929800377802
107,0.44285714285714284,1.0,0.0,1.0,0.5,0.3333333333333333,0.3355263157894737,0.3034631451286888,0.0,1.0,0.0,1.0,0.0,1.0,0.053546182846371346,0.028169014084507043,0.5714285714285714,0.08623066319497626
108,0.24285714285714283,0.0,0.0,1.0,1.0,1.0,0.3486842105263158,0.1731572564344428,0.0,0.0,1.0,0.0,0.0,0.0,0.0548224945020421,0.0,0.2857142857142857,0.08236330219022821
109,0.3857142857142857,1.0,1.0,1.0,0.0,0.6666666666666666,0.368421052631579,0.281767955801105,0.0,1.0,1.0,0.0,0.0,0.5,0.057661236030698795,0.3943661971830986,0.7142857142857142,0.06663220503395109
110,0.39999999999999997,0.0,1.0,0.0,0.0,0.6666666666666666,0.625,0.45088263037326504,0.0,1.0,1.0,1.0,0.0,0.0,0.09600572004290031,0.4084507042253521,0.5714285714285714,0.12812069229591055
111,0.21428571428571427,1.0,1.0,1.0,0.5,1.0,0.0394736842105263,0.05309257512464627,0.0,1.0,1.0,1.0,0.0,1.0,0.010838831291234682,0.014084507042253521,0.8571428571428571,0.010622935037087281
112,0.6571428571428571,1.0,1.0,1.0,0.0,0.0,0.506578947368421,0.6071957957148632,0.0,0.0,0.0,0.0,0.0,0.5,0.07744600637696272,0.6619718309859155,0.42857142857142855,0.2158064022055445
113,0.8285714285714286,1.0,1.0,1.0,0.0,0.3333333333333333,0.15789473684210528,0.3417329200916318,0.0,0.0,1.0,0.0,0.0,0.0,0.027540376044345755,0.8309859154929577,0.5714285714285714,0.09710522285189156
114,0.42857142857142855,1.0,0.0,1.0,1.0,0.0,0.24999999999999997,0.2389165880609082,1.0,1.0,0.0,0.0,0.0,0.5,0.041135873035176795,0.014084507042253521,0.5714285714285714,0.06788941644968602
115,0.04285714285714286,1.0,0.0,1.0,0.0,0.3333333333333333,0.05921052631578946,0.011992992858105376,1.0,1.0,0.0,1.0,0.0,0.5,0.011074458058435436,0.056338028169014086,0.7142857142857142,0.002750548833409915
116,0.5142857142857143,1.0,1.0,0.0,1.0,0.0,0.29605263157894735,0.31774693437542106,0.0,0.0,0.0,0.0,0.0,0.5,0.047227246096237616,0.014084507042253521,0.2857142857142857,0.15083984275284626
117,0.22857142857142856,0.0,1.0,0.0,0.0,0.3333333333333333,0.5328947368421053,0.22813636976148766,0.0,0.0,0.0,0.0,0.0,0.0,0.08144369906303708,0.23943661971830987,0.14285714285714285,0.162869505284117
118,0.5428571428571429,0.0,0.0,1.0,0.5,0.6666666666666666,0.06578947368421054,0.15793019808651124,0.0,0.0,1.0,0.0,0.0,0.5,0.01546678266753667,0.04225352112676056,0.2857142857142857,0.07515188645530198
119,0.6714285714285715,1.0,1.0,1.0,0.0,0.3333333333333333,0.18421052631578946,0.3073709742622288,0.0,0.0,0.0,0.0,0.0,0.5,0.03186852026390198,0.676056338028169,0.42857142857142855,0.1093103844386583
120,0.6428571428571429,1.0,1.0,0.0,0.0,0.6666666666666666,0.24999999999999997,0.35237838566230967,1.0,0.0,0.0,0.0,0.0,0.5,0.04067122894726058,0.647887323943662,0.42857142857142855,0.12529675294838413
121,0.6714285714285715,1.0,1.0,1.0,1.0,0.3333333333333333,0.07236842105263158,0.1953914566769977,1.0,0.0,1.0,1.0,0.0,0.5,0.015551366635249763,0.028169014084507043,0.8571428571428571,0.039505065312999146
122,0.5428571428571429,0.0,1.0,1.0,0.0,0.6666666666666666,0.506578947368421,0.503031936396712,0.0,0.0,1.0,0.0,0.0,0.0,0.07735808018560139,0.5492957746478874,0.42857142857142855,0.17880801041507122
123,0.04285714285714286,0.0,0.0,1.0,1.0,0.0,0.5197368421052632,0.05201455329470422,1.0,0.0,1.0,0.0,1.0,0.0,0.08105560791705937,0.0,0.42857142857142855,0.018609281666411397
124,0.41428571428571426,1.0,1.0,1.0,0.5,0.0,0.5526315789473684,0.41759870637380403,1.0,0.0,1.0,1.0,0.0,0.0,0.0846057178762174,0.028169014084507043,0.8571428571428571,0.08460604336695622
125,0.41428571428571426,1.0,1.0,1.0,0.0,0.3333333333333333,0.38815789473684215,0.3162646543592508,0.0,1.0,0.0,0.0,0.0,0.0,0.06098020735155514,0.4225352112676056,0.5714285714285714,0.08986827998162046
126,0.3,1.0,1.0,0.0,1.0,0.0,0.3355263157894737,0.20576741679019,1.0,0.0,1.0,1.0,0.0,0.5,0.05282323708336903,0.0,0.7142857142857142,0.04863557461581661
127,0.9285714285714286,1.0,0.0,0.0,0.0,0.6666666666666666,0.1776315789473684,0.4078965099043255,0.0,0.0,0.0,0.0,0.0,0.5,0.03023162825236341,0.9295774647887324,0.14285714285714285,0.2905689998468372
128,0.15714285714285714,0.0,0.0,1.0,1.0,1.0,0.4342105263157895,0.13636976148767013,0.0,0.0,0.0,0.0,0.0,1.0,0.06738925541941565,0.0,0.14285714285714285,0.09767958339715117
129,0.49999999999999994,1.0,1.0,1.0,0.0,0.6666666666666666,0.29605263157894735,0.3095270179221129,1.0,1.0,1.0,0.0,0.0,0.5,0.04730861870352916,0.5070422535211268,0.8571428571428571,0.06267094063847013
130,0.24285714285714283,0.0,1.0,0.0,1.0,0.6666666666666666,0.6447368421052632,0.2806899339711629,1.0,0.0,0.0,0.0,0.0,0.5,0.09660697455230914,0.0,0.2857142857142857,0.13328993720324706
131,0.7428571428571429,1.0,1.0,1.0,0.5,0.6666666666666666,0.6381578947368421,0.8329066163589812,1.0,0.0,1.0,0.0,0.0,0.5,0.09697152917326125,0.056338028169014086,0.7142857142857142,0.19713968448460714
132,1.0,0.0,1.0,0.0,0.0,0.6666666666666666,0.5986842105263158,0.9999999999999999,0.0,1.0,1.0,0.0,0.0,0.5,0.08550264831211586,1.0,0.42857142857142855,0.35532815132485834
133,0.0,1.0,1.0,1.0,0.5,1.0,0.24342105263157895,0.008758927368279207,1.0,0.0,0.0,0.0,0.0,1.0,0.06126295947219604,0.0,0.5714285714285714,0.002488895696124981
134,0.8142857142857143,0.0,1.0,1.0,0.0,0.3333333333333333,0.24342105263157895,0.441449939361272,1.0,0.0,1.0,0.0,0.0,0.5,0.04026780200851506,0.8169014084507042,0.5714285714285714,0.12544034308469904
135,0.07142857142857142,0.0,1.0,1.0,0.0,0.3333333333333333,0.5657894736842105,0.08287292817679556,0.0,1.0,1.0,0.0,1.0,0.5,0.08561105874960728,0.08450704225352113,0.5714285714285714,0.02354878235564405
136,0.9857142857142858,1.0,1.0,0.0,0.0,0.6666666666666666,0.48026315789473684,0.8749494677267214,1.0,1.0,1.0,0.0,0.0,0.5,0.0744176652753467,0.9859154929577465,0.7142857142857142,0.20709526726910707
137,0.6142857142857143,0.0,1.0,1.0,0.0,0.6666666666666666,0.4671052631578947,0.532408031262633,1.0,0.0,0.0,1.0,0.0,0.5,0.07173764030502955,0.619718309859155,0.5714285714285714,0.15128656762138154
138,0.32857142857142857,1.0,0.0,1.0,0.0,0.6666666666666666,0.18421052631578946,0.1540223689529713,1.0,0.0,0.0,0.0,0.0,0.0,0.03224159597863651,0.3380281690140845,0.42857142857142855,0.054841859396538524
139,0.2571428571428571,0.0,1.0,1.0,0.0,0.6666666666666666,0.5526315789473684,0.2631720792346045,1.0,1.0,0.0,1.0,0.0,0.5,0.08437918547547,0.26760563380281693,0.7142857142857142,0.06222877418696074
140,0.24285714285714283,0.0,1.0,0.0,0.0,0.6666666666666666,0.381578947368421,0.18676728203746126,0.0,1.0,0.0,0.0,0.0,0.5,0.06011100638810346,0.2535211267605634,0.2857142857142857,0.0888089038648083
141,0.41428571428571426,1.0,0.0,0.0,0.0,0.6666666666666666,0.29605263157894735,0.26007276647352107,1.0,1.0,1.0,1.0,0.0,1.0,0.04787935909519321,0.4225352112676056,0.7142857142857142,0.06149486904579568
142,0.5857142857142857,0.0,1.0,0.0,0.0,1.0,0.5723684210526315,0.6016709338364101,1.0,1.0,1.0,0.0,0.0,0.5,0.08731654773125083,0.5915492957746479,0.5714285714285714,0.17096798897227752
143,0.45714285714285713,0.0,0.0,0.0,0.5,1.0,0.26315789473684215,0.2643848537932893,0.0,1.0,1.0,1.0,0.0,0.0,0.0432410818838717,0.028169014084507043,0.42857142857142855,0.09404196661050697
144,0.15714285714285714,0.0,1.0,1.0,0.5,1.0,0.4342105263157895,0.1396038269774963,0.0,0.0,0.0,1.0,0.0,0.0,0.06927426955702168,0.014084507042253521,0.42857142857142855,0.04972047786797366
145,0.3714285714285714,1.0,1.0,1.0,0.0,0.6666666666666666,0.3092105263157895,0.23905134078965098,1.0,0.0,0.0,0.0,0.0,0.0,0.0492198135930464,0.38028169014084506,0.5714285714285714,0.06792770715270333
146,0.5428571428571429,1.0,0.0,1.0,1.0,0.0,0.39473684210526316,0.4130171135965503,0.0,0.0,1.0,0.0,0.0,0.5,0.061214625776359985,0.014084507042253521,0.42857142857142855,0.14683527339561955
147,0.11428571428571427,1.0,1.0,1.0,0.5,0.3333333333333333,0.032894736842105254,0.027489556663522433,0.0,1.0,1.0,0.0,0.0,0.5,0.009634516703319718,0.0,0.7142857142857142,0.006420074539235207
148,0.2857142857142857,1.0,0.0,0.0,0.5,0.6666666666666666,0.3092105263157895,0.18245519471769303,1.0,1.0,1.0,1.0,0.0,0.5,0.04820250437592567,0.014084507042253521,0.7142857142857142,0.04311533159748813
149,0.39999999999999997,0.0,1.0,0.0,0.0,0.6666666666666666,0.368421052631579,0.2947042177604096,0.0,1.0,0.0,0.0,0.0,0.5,0.05833793753453151,0.4084507042253521,0.2857142857142857,0.13992699239291367
150,0.45714285714285713,0.0,1.0,1.0,0.0,0.6666666666666666,0.32894736842105265,0.3064277051610295,0.0,0.0,0.0,1.0,0.0,0.0,0.05215205780710021,0.4647887323943662,0.42857142857142855,0.10897534078725686
151,0.8714285714285714,1.0,1.0,0.0,1.0,0.6666666666666666,0.5592105263157895,0.8737366931680366,1.0,0.0,1.0,0.0,0.0,0.5,0.08558572253808033,0.028169014084507043,0.5714285714285714,0.24827691836422117
152,0.19999999999999998,0.0,1.0,0.0,1.0,1.0,0.21052631578947364,0.10106454655706777,0.0,0.0,1.0,0.0,0.0,0.5,0.03480992774112472,0.0,0.2857142857142857,0.04822075866646245
153,0.014285714285714285,1.0,1.0,1.0,0.0,0.6666666666666666,0.5855263157894737,0.027759062121007948,0.0,1.0,1.0,1.0,1.0,0.5,0.09048067860508953,0.028169014084507043,0.8571428571428571,0.005481040631906001
154,0.7285714285714286,0.0,1.0,1.0,0.0,1.0,0.26973684210526316,0.42164128823608676,0.0,0.0,0.0,0.0,0.0,0.5,0.04377220329152469,0.7323943661971831,0.2857142857142857,0.2000433961300863
155,0.6142857142857143,0.0,1.0,1.0,0.5,0.6666666666666666,0.4605263157894737,0.5287697075865786,1.0,0.0,0.0,0.0,0.0,0.0,0.0711592836946277,0.04225352112676056,0.42857142857142855,0.18794991576045336
156,0.7571428571428571,1.0,1.0,1.0,0.5,0.0,0.05921052631578946,0.20495890041773346,1.0,0.0,1.0,0.0,0.0,1.0,0.01359653715921388,0.056338028169014086,0.7142857142857142,0.04844412110073008
157,0.24285714285714283,0.0,0.0,1.0,1.0,0.6666666666666666,0.13815789473684212,0.09553968467861473,0.0,0.0,1.0,1.0,0.0,0.5,0.024662268300345583,0.0,0.42857142857142855,0.03406915300964926
158,0.028571428571428574,1.0,1.0,1.0,0.0,1.0,0.506578947368421,0.03948254952162781,1.0,0.0,1.0,0.0,1.0,0.5,0.08325479107759974,0.04225352112676056,0.7142857142857142,0.009259968346352171
159,0.0857142857142857,0.0,0.0,1.0,0.0,0.6666666666666666,0.013157894736842118,0.20172483492790727,0.0,1.0,0.0,0.0,0.0,1.0,0.19025178403123738,0.09859154929577466,0.2857142857142857,0.09589268392301016
160,0.6,1.0,1.0,0.0,0.0,0.6666666666666666,0.6381578947368421,0.6753806764586983,1.0,0.0,0.0,0.0,0.0,1.0,0.096968634241501,0.6056338028169014,0.42857142857142855,0.24002527186399142
161,0.5285714285714286,1.0,1.0,1.0,0.0,0.3333333333333333,0.13157894736842105,0.20024255491173695,1.0,1.0,0.0,0.0,0.0,0.5,0.024009127436876825,0.5352112676056339,0.7142857142857142,0.047327308929391944
162,0.5142857142857143,1.0,0.0,1.0,0.0,0.0,0.5986842105263158,0.546287562323137,0.0,1.0,0.0,1.0,0.0,0.0,0.09042973227704613,0.5211267605633803,0.5714285714285714,0.1552305100321642
163,0.8142857142857143,1.0,1.0,0.0,1.0,0.6666666666666666,0.3421052631578947,0.5589543188249562,0.0,1.0,1.0,1.0,0.0,0.5,0.054437908284312136,0.028169014084507043,0.7142857142857142,0.1322688517894522
164,0.45714285714285713,0.0,1.0,1.0,0.0,1.0,0.375,0.33742083277186363,1.0,0.0,0.0,1.0,0.0,0.5,0.058721046468454566,0.4647887323943662,0.5714285714285714,0.09587992035533772
165,0.8285714285714286,1.0,1.0,1.0,1.0,0.0,0.05921052631578946,0.22557606791537527,1.0,1.0,1.0,0.0,0.0,0.5,0.013770188022172877,0.028169014084507043,0.8571428571428571,0.04563157779576833
166,0.14285714285714285,1.0,1.0,0.0,0.0,1.0,0.24342105263157895,0.08300768090553833,0.0,0.0,1.0,0.0,0.0,0.5,0.04078485134093051,0.15492957746478875,0.42857142857142855,0.02961785878388727
167,0.9571428571428572,1.0,1.0,1.0,0.0,1.0,0.10526315789473684,0.3240803126263307,0.0,0.0,0.0,0.0,0.0,1.0,0.020333203969618005,0.9577464788732395,0.42857142857142855,0.11524544340634094
168,0.9571428571428572,0.0,0.0,0.0,0.0,0.3333333333333333,0.3486842105263158,0.6629834254143646,0.0,0.0,0.0,0.0,0.0,0.5,0.05519210511725897,0.9577464788732395,0.0,0.9440955735947312
169,0.3,1.0,1.0,1.0,0.0,0.6666666666666666,0.368421052631579,0.22207249696806358,1.0,0.0,0.0,0.0,0.0,0.5,0.05800702596178563,0.3098591549295775,0.5714285714285714,0.06310307857252259
170,0.9285714285714286,0.0,0.0,1.0,1.0,0.6666666666666666,0.4671052631578947,0.804743296051745,1.0,0.0,0.0,1.0,0.0,0.5,0.07228743609516465,0.028169014084507043,0.42857142857142855,0.2859741154847603
171,0.6142857142857143,1.0,1.0,1.0,0.0,0.6666666666666666,0.5789473684210527,0.6369761487670125,0.0,1.0,0.0,0.0,0.0,0.5,0.08836003770028275,0.619718309859155,0.5714285714285714,0.1810001531628121
172,0.07142857142857142,0.0,1.0,1.0,0.0,0.0,0.3092105263157895,0.05309257512464627,0.0,1.0,1.0,0.0,0.0,0.0,0.05089538171536287,0.08450704225352113,0.5714285714285714,0.015086536988819114
173,0.5857142857142857,1.0,1.0,0.0,0.0,0.3333333333333333,0.15789473684210528,0.2430939226519337,1.0,0.0,0.0,0.0,0.0,0.5,0.02760199272923118,0.5915492957746479,0.42857142857142855,0.08647955276458875
174,0.34285714285714286,0.0,0.0,0.0,0.0,0.3333333333333333,0.2236842105263158,0.1781431073979248,0.0,1.0,0.0,1.0,0.0,0.0,0.03717247879359095,0.35211267605633806,0.2857142857142857,0.08472456220962883
175,0.8,1.0,0.0,0.0,0.5,0.0,0.5592105263157895,0.799757445088263,1.0,1.0,0.0,0.0,0.0,1.0,0.08517287563867254,0.056338028169014086,0.42857142857142855,0.2842031704702098
176,0.7714285714285715,0.0,1.0,0.0,0.0,0.3333333333333333,0.09868421052631579,0.25333513003638325,0.0,0.0,0.0,0.0,0.0,0.5,0.019261417187901635,0.7746478873239436,0.14285714285714285,0.18077040894470822
177,0.21428571428571427,0.0,1.0,1.0,0.5,0.0,0.4144736842105263,0.17746934375421103,0.0,0.0,0.0,1.0,0.0,0.5,0.06520970782280867,0.014084507042253521,0.42857142857142855,0.06317008730280288
178,0.1857142857142857,1.0,1.0,0.0,0.5,0.0,0.013157894736842118,0.3901091497102816,1.0,0.0,0.0,0.0,0.0,0.0,0.1826444055473273,0.014084507042253521,0.42857142857142855,0.13869849900444173
179,0.5428571428571429,0.0,1.0,0.0,0.0,0.3333333333333333,0.1644736842105263,0.23069667160760005,0.0,0.0,1.0,0.0,0.0,0.5,0.028516880543270742,0.5492957746478874,0.2857142857142857,0.10961351917087865
180,0.3857142857142857,1.0,1.0,0.0,0.0,0.6666666666666666,0.39473684210526316,0.2982077887077213,1.0,0.0,0.0,1.0,0.0,1.0,0.06176787397334052,0.3943661971830986,0.5714285714285714,0.08473732577730127
181,0.7142857142857143,1.0,0.0,0.0,0.5,0.0,0.30263157894736836,0.44993936127206574,1.0,1.0,0.0,1.0,0.0,0.0,0.04877012067786587,0.056338028169014086,0.5714285714285714,0.1278526573747894
182,0.6857142857142857,1.0,1.0,1.0,0.5,0.0,0.32894736842105265,0.4546557067780622,0.0,1.0,1.0,0.0,0.0,0.5,0.05197253265113773,0.056338028169014086,0.7142857142857142,0.10757134834328891
183,0.11428571428571427,1.0,0.0,1.0,0.0,0.3333333333333333,0.4407894736842105,0.10268157930198085,1.0,0.0,0.0,1.0,1.0,0.5,0.06806995496910671,0.1267605633802817,0.5714285714285714,0.029177515699188236
184,0.8142857142857143,0.0,1.0,0.0,0.0,0.3333333333333333,0.15789473684210528,0.33647756367066434,0.0,1.0,1.0,0.0,0.0,1.0,0.027608957067178003,0.8169014084507042,0.42857142857142855,0.11964887425333129
185,0.6285714285714286,1.0,1.0,1.0,0.0,0.3333333333333333,0.19078947368421054,0.2895836140681849,1.0,1.0,1.0,0.0,0.0,1.0,0.032108074143889415,0.6338028169014085,0.8571428571428571,0.058623066319497624
186,0.3,0.0,1.0,1.0,0.0,0.3333333333333333,0.45394736842105265,0.2606117773884921,0.0,0.0,0.0,1.0,0.0,0.5,0.07025961785622482,0.3098591549295775,0.42857142857142855,0.09270179200490121
187,0.44285714285714284,1.0,0.0,0.0,0.0,1.0,0.35526315789473684,0.3154561379867942,1.0,1.0,0.0,1.0,0.0,0.5,0.05616753063147974,0.4507042253521127,0.5714285714285714,0.08963853576351662
188,0.9714285714285714,1.0,0.0,1.0,0.0,0.6666666666666666,0.013157894736842118,0.19876027489556664,0.0,1.0,1.0,0.0,0.0,0.0,0.007143930391072133,0.971830985915493,0.5714285714285714,0.056478786950528416
189,0.9714285714285714,1.0,1.0,1.0,0.0,0.6666666666666666,0.44736842105263164,0.8086511251852849,0.0,1.0,0.0,1.0,0.0,0.5,0.06896693029545548,0.971830985915493,0.7142857142857142,0.19139607903201103
190,0.5857142857142857,0.0,1.0,1.0,0.0,1.0,0.4144736842105263,0.46274087050262763,0.0,1.0,0.0,0.0,0.0,0.5,0.06418024325658633,0.5915492957746479,0.42857142857142855,0.16449686016235257
191,0.7428571428571429,1.0,1.0,0.0,0.0,1.0,0.05263157894736842,0.19768225306562456,0.0,1.0,0.0,0.0,0.0,0.5,0.013141749506517524,0.7464788732394366,0.42857142857142855,0.07034959411854802
192,0.8285714285714286,1.0,1.0,1.0,1.0,1.0,0.493421052631579,0.7494946772672146,1.0,0.0,0.0,0.0,0.0,0.5,0.07587980638668348,0.028169014084507043,0.5714285714285714,0.21297289018226376
193,0.5428571428571429,0.0,1.0,0.0,0.0,1.0,0.3486842105263158,0.3794636841396038,1.0,0.0,0.0,1.0,0.0,0.0,0.05519708064477151,0.5492957746478874,0.42857142857142855,0.13491729208148262
194,0.19999999999999998,1.0,0.0,1.0,1.0,0.3333333333333333,0.13815789473684212,0.07990836814445491,0.0,1.0,0.0,0.0,0.0,0.5,0.024945020420986494,0.0,0.42857142857142855,0.028517001072139683
195,1.0,0.0,1.0,1.0,0.0,0.0,0.368421052631579,0.7234874006198625,0.0,1.0,0.0,0.0,0.0,1.0,0.0582628665489639,1.0,0.42857142857142855,0.2571124980854649
196,0.39999999999999997,1.0,0.0,1.0,0.5,0.3333333333333333,0.39473684210526316,0.3092575124646274,1.0,1.0,1.0,1.0,0.0,0.0,0.06184796385972895,0.028169014084507043,0.8571428571428571,0.06261623963415967
197,0.028571428571428574,1.0,1.0,0.0,0.0,0.3333333333333333,0.6118421052631579,0.04446840048510982,1.0,0.0,1.0,1.0,1.0,0.5,0.09487904492617028,0.04225352112676056,0.7142857142857142,0.010440598356052485
198,0.12857142857142856,1.0,1.0,1.0,0.5,1.0,0.493421052631579,0.12585904864573508,0.0,1.0,1.0,0.0,1.0,0.0,0.07615457115928369,0.0,0.7142857142857142,0.02971358554143054
199,0.39999999999999997,0.0,0.0,0.0,0.0,1.0,0.20394736842105263,0.1928311548308853,0.0,0.0,0.0,1.0,0.0,0.5,0.03376775325814944,0.4084507042253521,0.14285714285714285,0.13778909480778068
200,0.4857142857142857,1.0,1.0,0.0,0.0,0.0,0.07894736842105263,0.14917127071823205,0.0,1.0,1.0,1.0,0.0,0.0,0.016992056011848663,0.49295774647887325,0.7142857142857142,0.035233828559759026
201,0.07142857142857142,0.0,0.0,0.0,1.0,1.0,0.5657894736842105,0.08327718636302384,1.0,0.0,1.0,0.0,1.0,0.0,0.08608231228400878,0.0,0.2857142857142857,0.03979680400265482
202,0.15714285714285714,0.0,1.0,0.0,0.0,0.6666666666666666,0.5592105263157895,0.16803665274221802,1.0,1.0,0.0,1.0,0.0,0.5,0.08584668551680803,0.16901408450704225,0.5714285714285714,0.047748506662582325
203,0.5285714285714286,1.0,1.0,1.0,1.0,0.6666666666666666,0.11842105263157895,0.18932758388357362,1.0,1.0,0.0,0.0,0.0,0.0,0.0220000992112704,0.014084507042253521,0.7142857142857142,0.04474268647572369
204,0.2571428571428571,1.0,0.0,1.0,0.0,0.6666666666666666,0.04605263157894737,0.06670260072766472,1.0,1.0,0.0,0.0,0.0,0.5,0.012054169353638573,0.26760563380281693,0.5714285714285714,0.01895389799356716
205,0.9428571428571428,1.0,0.0,0.0,0.0,0.6666666666666666,0.4736842105263158,0.8217221398733324,0.0,0.0,1.0,0.0,0.0,0.5,0.07278405334308664,0.943661971830986,0.2857142857142857,0.38951855822739573
206,0.09999999999999999,0.0,1.0,0.0,0.0,0.6666666666666666,0.48026315789473684,0.09917800835466917,0.0,1.0,1.0,1.0,1.0,1.0,0.07516493873704053,0.11267605633802817,0.5714285714285714,0.028181957420738243
207,0.09999999999999999,1.0,1.0,0.0,0.5,0.6666666666666666,0.11842105263157895,0.03678749494677267,1.0,1.0,1.0,0.0,0.0,0.5,0.020617342130065976,0.0,0.7142857142857142,0.008621789962730383
208,0.6571428571428571,1.0,0.0,0.0,0.0,0.0,0.4407894736842105,0.5461528095943943,1.0,0.0,1.0,0.0,0.0,1.0,0.0683618425010528,0.6619718309859155,0.42857142857142855,0.19412429162199418
209,0.04285714285714286,0.0,0.0,0.0,1.0,0.0,0.18421052631578946,0.023716480258725237,1.0,1.0,1.0,1.0,0.0,0.5,0.03157398680490103,0.0,0.5714285714285714,0.0067391637310461015
210,0.7142857142857143,1.0,1.0,1.0,0.0,0.0,0.1776315789473684,0.316668912545479,0.0,1.0,1.0,1.0,0.0,0.5,0.03049287575539169,0.7183098591549296,0.8571428571428571,0.06412051725269677
211,0.9428571428571428,1.0,0.0,0.0,0.5,0.3333333333333333,0.21710526315789472,0.47432960517450473,1.0,0.0,1.0,1.0,0.0,0.5,0.03651863209869596,0.07042253521126761,0.5714285714285714,0.13478327462092204
212,0.6285714285714286,1.0,1.0,0.0,0.0,0.0,0.3486842105263158,0.4337690338229349,1.0,1.0,0.0,1.0,0.0,0.5,0.054518797779872244,0.6338028169014085,0.7142857142857142,0.10262546587022005
213,0.09999999999999999,0.0,1.0,0.0,0.0,0.0,0.5328947368421053,0.10658940843552081,0.0,0.0,1.0,1.0,1.0,0.5,0.08164467483506126,0.11267605633802817,0.42857142857142855,0.03799395006892327
214,0.21428571428571427,0.0,1.0,1.0,0.0,1.0,0.32894736842105265,0.14903651798948928,0.0,1.0,1.0,1.0,0.0,0.5,0.0527803958529689,0.22535211267605634,0.7142857142857142,0.035201919640577936
215,0.9428571428571428,0.0,1.0,0.0,0.0,0.6666666666666666,0.19736842105263155,0.4487265867133809,0.0,1.0,0.0,0.0,0.0,1.0,0.033845850858806814,0.943661971830986,0.2857142857142857,0.21287078164088427
216,0.11428571428571427,0.0,0.0,0.0,0.0,0.3333333333333333,0.5855263157894737,0.13084489960921708,1.0,1.0,0.0,0.0,1.0,1.0,0.08995706356686564,0.1267605633802817,0.2857142857142857,0.06232450094450401
217,0.8428571428571429,0.0,1.0,1.0,0.0,0.3333333333333333,1.0,0.2029376094865921,0.0,0.0,0.0,0.0,0.0,1.0,0.010681746779767513,0.8450704225352113,0.2857142857142857,0.09646704446826977
218,1.0,0.0,0.0,0.0,0.0,1.0,0.5263157894736842,0.9522975340250639,1.0,0.0,0.0,0.0,0.0,1.0,0.08080338771554871,1.0,0.14285714285714285,0.6773051003216419
219,0.19999999999999998,0.0,1.0,1.0,0.0,0.6666666666666666,0.5197368421052632,0.1944481875757984,0.0,0.0,0.0,0.0,0.0,0.0,0.07835375431982407,0.2112676056338028,0.2857142857142857,0.0924465206514525
220,1.0,0.0,0.0,0.0,0.0,0.0,0.17105263157894737,0.4330952701792211,0.0,1.0,0.0,0.0,0.0,0.5,0.02965578579867518,1.0,0.14285714285714285,0.3084699035074284
221,0.5714285714285715,1.0,0.0,1.0,0.0,0.6666666666666666,0.13157894736842105,0.21776040964829538,0.0,0.0,0.0,0.0,0.0,0.0,0.02427530401599963,0.5774647887323944,0.2857142857142857,0.10348700668810946
222,0.3,0.0,1.0,1.0,0.0,0.6666666666666666,0.5789473684210527,0.3151866325293087,1.0,1.0,0.0,1.0,0.0,0.0,0.08761031616828036,0.3098591549295775,0.7142857142857142,0.07454561699086129
223,0.32857142857142857,0.0,1.0,1.0,1.0,0.3333333333333333,0.368421052631579,0.244037191753133,0.0,1.0,1.0,1.0,0.0,1.0,0.05847470939365379,0.014084507042253521,0.7142857142857142,0.057697707663246035
224,0.6142857142857143,1.0,1.0,0.0,1.0,1.0,0.032894736842105254,0.14351165611103625,1.0,0.0,0.0,0.0,0.0,0.5,0.009917744837631737,0.014084507042253521,0.42857142857142855,0.05110851585235105
225,0.0,0.0,0.0,1.0,0.0,0.0,0.5921052631578947,0.014553294704217758,1.0,1.0,0.0,1.0,1.0,1.0,0.10179076343072573,0.014084507042253521,0.5714285714285714,0.004135395925869198
226,0.12857142857142856,0.0,0.0,0.0,1.0,0.3333333333333333,0.2302631578947368,0.07101468804743295,1.0,1.0,0.0,1.0,0.0,0.5,0.03779453345900094,0.0,0.42857142857142855,0.025358018073211825
227,0.7857142857142857,0.0,1.0,0.0,0.5,1.0,0.2302631578947368,0.41032205902169516,0.0,1.0,0.0,1.0,0.0,1.0,0.03828934967012253,0.056338028169014086,0.42857142857142855,0.14587800582018687
228,0.7000000000000001,0.0,0.0,0.0,0.0,1.0,0.4276315789473685,0.5675784934644926,1.0,0.0,0.0,0.0,0.0,0.0,0.06646559849198869,0.7042253521126761,0.14285714285714285,0.40400520753561037
229,0.15714285714285714,0.0,1.0,1.0,0.0,0.6666666666666666,0.4407894736842105,0.13919956879126802,0.0,1.0,0.0,1.0,0.0,0.0,0.06903864278982093,0.16901408450704225,0.5714285714285714,0.039554296216878546
230,0.8428571428571429,0.0,1.0,0.0,1.0,0.6666666666666666,0.23684210526315788,0.44414499393612716,0.0,1.0,0.0,0.0,0.0,0.5,0.03879987433239082,0.028169014084507043,0.2857142857142857,0.21070097513657016
231,0.35714285714285715,1.0,0.0,0.0,0.5,0.0,0.09868421052631579,0.12087319768225305,1.0,0.0,1.0,1.0,0.0,0.5,0.019828898716740373,0.028169014084507043,0.5714285714285714,0.03434676060652474
232,0.5714285714285715,0.0,1.0,1.0,1.0,1.0,0.368421052631579,0.41220859722409375,0.0,1.0,1.0,0.0,0.0,0.5,0.057446955242408226,0.014084507042253521,0.5714285714285714,0.11713126052994334
233,0.49999999999999994,1.0,0.0,1.0,1.0,0.6666666666666666,0.4144736842105263,0.398194313434847,1.0,1.0,0.0,0.0,0.0,0.5,0.06453555346109541,0.014084507042253521,0.5714285714285714,0.11314902741614336
234,0.3142857142857143,0.0,1.0,1.0,0.0,0.6666666666666666,0.5723684210526315,0.32852715267484167,1.0,0.0,0.0,1.0,0.0,0.5,0.08728435028480104,0.323943661971831,0.5714285714285714,0.09335273395619544
235,0.6,1.0,1.0,0.0,0.0,1.0,0.3223684210526315,0.3953645061312491,0.0,0.0,1.0,0.0,0.0,0.0,0.051421432172369205,0.6056338028169014,0.42857142857142855,0.14056517077653546
236,0.07142857142857142,1.0,1.0,1.0,0.0,0.6666666666666666,0.4276315789473685,0.06495081525400888,0.0,1.0,0.0,0.0,1.0,0.5,0.06471881872447377,0.08450704225352113,0.5714285714285714,0.018456118854342167
237,0.9714285714285714,1.0,1.0,1.0,0.0,0.0,0.0394736842105263,0.23622153348605307,1.0,0.0,0.0,0.0,0.0,0.0,0.01094127771175675,0.971830985915493,0.5714285714285714,0.06712360238933987
238,0.6,1.0,0.0,0.0,0.0,1.0,0.5921052631578947,0.632798814175987,0.0,1.0,1.0,0.0,0.0,1.0,0.09004230322425093,0.6056338028169014,0.42857142857142855,0.22490044417215502
239,0.34285714285714286,1.0,1.0,1.0,0.0,0.6666666666666666,0.21710526315789472,0.17517854736558414,0.0,0.0,0.0,0.0,0.0,0.5,0.0363430725730443,0.35211267605633806,0.42857142857142855,0.0623564098636851
240,0.24285714285714283,1.0,1.0,0.0,0.0,1.0,0.42105263157894735,0.1979517585231101,1.0,1.0,0.0,0.0,0.0,0.5,0.06445701120536182,0.2535211267605634,0.5714285714285714,0.05624904273242457
241,0.8714285714285714,1.0,1.0,0.0,0.0,0.3333333333333333,0.6052631578947368,0.9312761083411938,0.0,1.0,0.0,1.0,0.0,0.0,0.09207685993128818,0.8732394366197184,0.5714285714285714,0.26462704855261143
242,0.17142857142857143,1.0,1.0,1.0,0.0,0.6666666666666666,0.5394736842105263,0.1750437946368414,0.0,1.0,0.0,0.0,0.0,0.5,0.08199811498586239,0.18309859154929578,0.5714285714285714,0.04973962321948232
243,0.6,0.0,0.0,0.0,0.0,0.0,0.42105263157894735,0.48376229618649774,1.0,0.0,1.0,1.0,0.0,0.0,0.06580014466387567,0.6056338028169014,0.42857142857142855,0.17196354725072752
244,0.3857142857142857,0.0,1.0,1.0,0.0,1.0,0.4671052631578947,0.33701657458563533,0.0,0.0,0.0,1.0,0.0,0.0,0.07146223239531439,0.3943661971830986,0.42857142857142855,0.11984032776841783
245,0.24285714285714283,1.0,1.0,1.0,0.0,0.0,0.6118421052631579,0.2695054574855141,0.0,0.0,0.0,0.0,0.0,0.5,0.09226096973505078,0.2535211267605634,0.42857142857142855,0.09586077500382907
246,0.8285714285714286,1.0,0.0,0.0,0.5,0.6666666666666666,0.5394736842105263,0.8035305214930601,1.0,0.0,0.0,1.0,0.0,0.5,0.08228565951532772,0.056338028169014086,0.42857142857142855,0.2855433450758156
247,0.8428571428571429,0.0,1.0,1.0,1.0,0.3333333333333333,0.4013157894736842,0.655572025333513,0.0,1.0,1.0,0.0,0.0,0.5,0.06344643418158968,0.028169014084507043,0.5714285714285714,0.1862842701792005
248,0.8857142857142858,0.0,0.0,0.0,0.0,0.0,0.4342105263157895,0.7268562188384314,1.0,1.0,0.0,0.0,0.0,0.0,0.06771090465718174,0.8873239436619719,0.2857142857142857,0.34459080002042175
249,0.8,1.0,1.0,1.0,0.0,0.3333333333333333,0.09868421052631579,0.2669451556394017,0.0,0.0,0.0,0.0,0.0,1.0,0.019792648444863337,0.8028169014084507,0.42857142857142855,0.09495137080716802
250,0.7142857142857143,0.0,1.0,1.0,1.0,0.6666666666666666,0.3157894736842105,0.459776310470287,1.0,0.0,1.0,1.0,0.0,0.5,0.05011919942340744,0.028169014084507043,0.7142857142857142,0.10878388727217032
251,0.7857142857142857,1.0,0.0,0.0,0.0,0.0,0.20394736842105263,0.37649912410726316,0.0,0.0,0.0,1.0,0.0,0.0,0.03406489834388044,0.7887323943661972,0.2857142857142857,0.17866442027875631
252,0.3714285714285714,0.0,0.0,1.0,0.5,0.0,0.2894736842105263,0.2267888424740601,1.0,1.0,1.0,0.0,0.0,0.5,0.046043215694488084,0.028169014084507043,0.5714285714285714,0.06444325317812835
253,0.44285714285714284,1.0,1.0,0.0,0.0,0.6666666666666666,1.0,0.36868346584018324,0.0,1.0,0.0,0.0,0.0,0.0,0.06780160226201697,0.4507042253521127,0.42857142857142855,0.13108822177975188
254,0.11428571428571427,1.0,1.0,1.0,1.0,0.6666666666666666,0.09868421052631579,0.04136908772402641,1.0,1.0,0.0,1.0,0.0,1.0,0.020420986490732013,0.0,0.8571428571428571,0.008243441349583177
255,0.9571428571428572,1.0,1.0,0.0,1.0,0.0,0.013157894736842118,0.19673898396442527,1.0,1.0,0.0,0.0,0.0,0.5,0.007235127792870211,0.028169014084507043,0.5714285714285714,0.055904426405268805
256,0.6428571428571429,1.0,1.0,1.0,0.5,0.6666666666666666,0.26315789473684215,0.36733593855275565,1.0,1.0,0.0,0.0,0.0,0.5,0.04294553948285047,0.04225352112676056,0.7142857142857142,0.08689436871394293
257,0.9428571428571428,0.0,0.0,1.0,0.0,0.0,0.21710526315789472,0.46934375421102276,0.0,1.0,0.0,1.0,0.0,0.0,0.03599814312040176,0.943661971830986,0.42857142857142855,0.16684216572216265
258,0.35714285714285715,1.0,1.0,1.0,1.0,0.6666666666666666,0.2828947368421052,0.21533486053092574,1.0,0.0,0.0,0.0,0.0,0.5,0.045240339302544764,0.014084507042253521,0.5714285714285714,0.06118854342165722
259,0.09999999999999999,1.0,1.0,1.0,0.5,0.6666666666666666,0.618421052631579,0.12127745586848132,0.0,1.0,1.0,1.0,1.0,0.5,0.09448633364750235,0.0,0.8571428571428571,0.024462289127628385
260,0.07142857142857142,0.0,0.0,0.0,0.5,1.0,0.4671052631578947,0.07087993531869019,0.0,1.0,0.0,0.0,1.0,0.5,0.07163053722902922,0.0,0.14285714285714285,0.051156379231122685
261,0.32857142857142857,1.0,1.0,1.0,0.0,0.6666666666666666,0.21710526315789472,0.1699231909446166,0.0,0.0,0.0,1.0,0.0,0.0,0.036875589066918,0.3380281690140845,0.5714285714285714,0.04828457650482463
262,0.6714285714285715,1.0,1.0,1.0,0.5,0.3333333333333333,0.11842105263157895,0.24417194448187574,1.0,1.0,1.0,1.0,0.0,0.5,0.022659440779139173,0.056338028169014086,1.0,0.04316319497625976
263,0.6285714285714286,1.0,0.0,1.0,0.0,0.3333333333333333,0.4078947368421053,0.49225171809729146,0.0,0.0,1.0,0.0,0.0,0.5,0.0636087548434391,0.6338028169014085,0.42857142857142855,0.17497894011334048
264,0.17142857142857143,1.0,0.0,0.0,0.0,0.0,0.4342105263157895,0.14876701253200378,1.0,1.0,0.0,1.0,0.0,0.5,0.06786050895381715,0.18309859154929578,0.5714285714285714,0.042272936131107365
265,0.9714285714285714,1.0,1.0,0.0,0.0,0.3333333333333333,0.3223684210526315,0.6302385123298746,0.0,0.0,1.0,0.0,0.0,0.5,0.050881722192626586,0.971830985915493,0.42857142857142855,0.22399103997549397
266,0.34285714285714286,0.0,1.0,1.0,0.0,0.3333333333333333,0.14473684210526314,0.1361002560301846,0.0,0.0,1.0,1.0,0.0,0.0,0.025409990574929313,0.35211267605633806,0.5714285714285714,0.038673610047480475
267,0.2714285714285714,0.0,1.0,1.0,0.5,0.6666666666666666,0.019736842105263164,0.06036922247675515,1.0,0.0,0.0,0.0,0.0,0.5,0.008576814326107445,0.014084507042253521,0.42857142857142855,0.021576811150252718
268,0.9285714285714286,1.0,1.0,1.0,0.5,0.3333333333333333,0.1776315789473684,0.4123433499528365,1.0,0.0,0.0,0.0,0.0,0.5,0.03070288178676492,0.07042253521126761,0.5714285714285714,0.11716955123296063
269,0.6285714285714286,1.0,1.0,0.0,0.0,0.6666666666666666,0.30263157894736836,0.3942864843013071,1.0,1.0,0.0,0.0,0.0,0.5,0.04838202953188815,0.6338028169014085,0.5714285714285714,0.11203859702864145
270,0.6571428571428571,1.0,0.0,1.0,0.5,1.0,0.5197368421052632,0.622288101334052,1.0,1.0,1.0,1.0,0.0,0.5,0.07969198066857842,0.04225352112676056,0.8571428571428571,0.12615145614073472
271,0.8857142857142858,0.0,0.0,1.0,1.0,1.0,0.5657894736842105,0.8892332569734537,0.0,0.0,0.0,1.0,0.0,1.0,0.08573822240174737,0.028169014084507043,0.2857142857142857,0.4214912952468474
272,0.7714285714285715,1.0,0.0,0.0,0.0,0.0,0.2763157894736842,0.45061312491577954,1.0,0.0,0.0,0.0,0.0,0.5,0.044349241710221914,0.7746478873239436,0.2857142857142857,0.21376423137795475
273,0.2571428571428571,1.0,1.0,0.0,0.0,0.6666666666666666,0.5263157894736842,0.254008893680097,0.0,0.0,0.0,1.0,0.0,0.5,0.08100600228185921,0.26760563380281693,0.42857142857142855,0.09035648644509113
274,0.4857142857142857,1.0,0.0,1.0,0.0,0.6666666666666666,0.6578947368421053,0.5603018461123838,1.0,1.0,1.0,0.0,0.0,0.5,0.09915174363807729,0.49295774647887325,0.7142857142857142,0.13258794098126309
275,0.7428571428571429,0.0,1.0,0.0,0.0,0.0,0.4736842105263158,0.6530117234874006,0.0,0.0,0.0,0.0,0.0,0.5,0.07323102093077018,0.7464788732394366,0.14285714285714285,0.46469597181804256
276,0.35714285714285715,0.0,1.0,1.0,0.0,0.6666666666666666,0.48026315789473684,0.32354130171135964,0.0,0.0,0.0,0.0,0.0,0.5,0.07434930761980715,0.36619718309859156,0.2857142857142857,0.15358400980241999
277,0.1857142857142857,0.0,1.0,0.0,0.0,0.0,0.5986842105263158,0.20751920226384582,0.0,0.0,0.0,1.0,0.0,0.5,0.09142318567389256,0.1971830985915493,0.2857142857142857,0.09863685097258386
278,0.6285714285714286,0.0,1.0,1.0,0.0,0.0,0.2236842105263158,0.3258320980999865,1.0,1.0,0.0,0.0,0.0,0.0,0.03774217195517855,0.6338028169014085,0.5714285714285714,0.09258691989584929
279,0.6142857142857143,0.0,0.0,1.0,1.0,0.6666666666666666,0.013157894736842118,0.12316399407087993,0.0,0.0,1.0,0.0,0.0,0.0,0.006683231942421385,0.014084507042253521,0.2857142857142857,0.0586868841578598
280,0.9142857142857143,0.0,1.0,0.0,0.5,1.0,0.6513157894736842,0.9999999999999999,1.0,1.0,0.0,0.0,0.0,0.5,0.09461320959907199,0.07042253521126761,0.42857142857142855,0.35532815132485834
281,0.7142857142857143,1.0,1.0,1.0,0.0,0.0,0.32894736842105265,0.46934375421102276,1.0,1.0,0.0,0.0,0.0,0.5,0.05143131710742732,0.7183098591549296,0.7142857142857142,0.11104942053402768
282,0.6,1.0,0.0,1.0,0.0,1.0,0.5197368421052632,0.5708125589543188,0.0,0.0,0.0,1.0,0.0,1.0,0.07995966946496284,0.6056338028169014,0.42857142857142855,0.20288328993720325
283,0.3142857142857143,1.0,1.0,1.0,0.0,0.6666666666666666,0.5394736842105263,0.3102007815658267,0.0,1.0,1.0,0.0,0.0,0.5,0.0817112650084006,0.323943661971831,0.7142857142857142,0.07336498698116098
284,0.7857142857142857,0.0,0.0,0.0,0.0,0.6666666666666666,0.26315789473684215,0.44764856488343885,1.0,0.0,0.0,0.0,0.0,0.5,0.04295139356402315,0.7887323943661972,0.14285714285714285,0.3188083933221014
285,0.2571428571428571,1.0,1.0,1.0,0.0,0.6666666666666666,0.36184210526315785,0.18703678749494676,0.0,1.0,0.0,1.0,0.0,0.5,0.056352001587380324,0.26760563380281693,0.7142857142857142,0.04420023484964517
286,0.7714285714285715,1.0,1.0,0.0,0.0,0.6666666666666666,0.35526315789473684,0.5480393477967929,0.0,1.0,0.0,1.0,0.0,0.5,0.05673892554194157,0.7746478873239436,0.5714285714285714,0.1557282891713892
287,0.8428571428571429,0.0,0.0,1.0,0.0,1.0,0.1513157894736842,0.33674706912814983,1.0,1.0,0.0,1.0,0.0,0.5,0.026280238768457427,0.8450704225352113,0.5714285714285714,0.09568846684025119
288,0.8285714285714286,1.0,1.0,1.0,0.0,0.0,0.07894736842105263,0.24983155908907156,0.0,1.0,1.0,0.0,0.0,0.0,0.01664563331682615,0.8309859154929577,0.7142857142857142,0.05906979118803288
289,0.45714285714285713,0.0,1.0,1.0,0.0,1.0,0.36184210526315785,0.3275838835736423,0.0,1.0,0.0,0.0,0.0,0.5,0.05663610658898123,0.4647887323943662,0.42857142857142855,0.11648989125440343
290,0.2571428571428571,1.0,1.0,1.0,1.0,0.3333333333333333,0.08552631578947367,0.08044737905942594,1.0,1.0,0.0,1.0,0.0,0.5,0.01711394414405476,0.0,0.8571428571428571,0.016175086974596856
291,0.3857142857142857,0.0,1.0,0.0,0.0,0.6666666666666666,0.2302631578947368,0.20522840587521896,0.0,0.0,0.0,0.0,0.0,1.0,0.03854180692069476,0.3943661971830986,0.14285714285714285,0.14659595650176138
292,0.7285714285714286,1.0,1.0,0.0,0.0,1.0,0.12499999999999997,0.27098773750168437,0.0,0.0,1.0,0.0,0.0,1.0,0.023508301312259845,0.7323943661971831,0.42857142857142855,0.09638727217031705
293,0.6857142857142857,1.0,1.0,1.0,0.0,0.0,0.4671052631578947,0.6001886538202398,0.0,0.0,1.0,0.0,0.0,1.0,0.07274615784108177,0.6901408450704225,0.5714285714285714,0.17054679123908717
294,0.5142857142857143,1.0,1.0,1.0,1.0,0.0,0.5789473684210527,0.5334860530925751,1.0,0.0,0.0,0.0,0.0,0.0,0.08800978169498433,0.014084507042253521,0.5714285714285714,0.15159289324552
295,0.35714285714285715,1.0,0.0,0.0,1.0,0.0,0.381578947368421,0.2712572429591699,0.0,1.0,1.0,0.0,0.0,0.0,0.06028420213151599,0.014084507042253521,0.42857142857142855,0.09648299892786032
296,0.5571428571428572,1.0,1.0,0.0,0.0,0.0,0.2763157894736842,0.32542783991375823,1.0,0.0,0.0,0.0,0.0,1.0,0.04403864278982093,0.5633802816901409,0.42857142857142855,0.11572407719405728
297,0.5285714285714286,0.0,1.0,0.0,1.0,0.0,0.6578947368421053,0.6135291739657728,1.0,0.0,1.0,1.0,0.0,0.0,0.10007936901632025,0.014084507042253521,0.5714285714285714,0.17433757083780058
298,0.7571428571428571,0.0,1.0,0.0,0.0,0.6666666666666666,0.019736842105263164,0.15941247810268158,1.0,1.0,0.0,0.0,0.0,0.0,0.007697141061891299,0.7605633802816901,0.42857142857142855,0.05675639454740389
299,0.3,1.0,0.0,1.0,1.0,0.0,0.20394736842105263,0.14728473251583343,0.0,0.0,0.0,0.0,0.0,0.5,0.034230143089709536,0.0,0.2857142857142857,0.07011027722468985
300,0.21428571428571427,1.0,0.0,0.0,0.0,0.0,0.18421052631578946,0.1018730629295243,0.0,1.0,0.0,1.0,0.0,0.5,0.03216305372290292,0.22535211267605634,0.42857142857142855,0.03631873181191607
301,0.3857142857142857,0.0,0.0,1.0,0.0,0.3333333333333333,0.23684210526315788,0.20711494407761757,1.0,0.0,0.0,1.0,0.0,0.0,0.03901306045509627,0.3943661971830986,0.42857142857142855,0.07370003063256242
302,0.4857142857142857,0.0,0.0,1.0,0.5,0.0,0.15789473684210528,0.19808651125185284,1.0,1.0,1.0,1.0,0.0,0.5,0.026767200754005654,0.028169014084507043,0.7142857142857142,0.04681676622249451
303,0.8428571428571429,1.0,1.0,0.0,0.0,0.0,0.1776315789473684,0.374343080447379,1.0,1.0,1.0,0.0,0.0,0.5,0.030662896638391453,0.8450704225352113,0.7142857142857142,0.08855363251135957
304,0.6285714285714286,0.0,1.0,0.0,0.5,1.0,0.17105263157894737,0.2775906212100795,1.0,1.0,0.0,0.0,0.0,0.5,0.030244004607812333,0.04225352112676056,0.42857142857142855,0.09873257773012713
305,0.6428571428571429,1.0,1.0,0.0,0.0,1.0,0.3355263157894737,0.43632933566904725,0.0,1.0,0.0,0.0,0.0,1.0,0.05343605294431013,0.647887323943662,0.42857142857142855,0.15511563792311228
306,0.7714285714285715,1.0,1.0,1.0,0.5,0.3333333333333333,0.26315789473684215,0.4361945829403045,0.0,0.0,0.0,0.0,0.0,0.5,0.04251563704909605,0.056338028169014086,0.42857142857142855,0.15506777454434065
307,0.35714285714285715,1.0,1.0,1.0,0.0,0.0,0.42105263157894735,0.29227866864304003,0.0,0.0,1.0,1.0,0.0,0.0,0.06593924454433409,0.36619718309859156,0.7142857142857142,0.06912110073007607
308,0.34285714285714286,0.0,1.0,1.0,0.0,0.0,0.3421052631578947,0.23905134078965098,0.0,1.0,0.0,0.0,0.0,0.5,0.054213006597549476,0.35211267605633806,0.42857142857142855,0.08504365140143973
309,0.9142857142857143,1.0,0.0,0.0,1.0,0.6666666666666666,0.12499999999999997,0.33418676728203744,0.0,1.0,0.0,1.0,0.0,0.5,0.022968172261291955,0.028169014084507043,0.42857142857142855,0.1188351968142135
310,0.07142857142857142,0.0,0.0,1.0,1.0,0.0,0.5328947368421053,0.07977361541571215,1.0,1.0,1.0,1.0,1.0,0.5,0.08199811498586239,0.0,0.7142857142857142,0.018800735181497934
311,0.3142857142857143,1.0,1.0,0.0,1.0,0.0,0.3157894736842105,0.9999999999999999,1.0,0.0,0.0,1.0,0.0,0.5,0.2914805556693849,0.0,0.5714285714285714,0.2841553070914382
312,0.9,1.0,0.0,1.0,0.5,0.0,0.10526315789473684,0.3049454251448592,0.0,1.0,1.0,1.0,0.0,1.0,0.020337535344015077,0.07042253521126761,0.7142857142857142,0.07212053913309849
313,0.6,1.0,1.0,0.0,0.5,0.6666666666666666,0.11184210526315788,0.21142703139738578,1.0,0.0,1.0,1.0,0.0,0.0,0.021502312430133924,0.04225352112676056,0.7142857142857142,0.049975749221422366
314,0.3142857142857143,1.0,1.0,0.0,0.0,0.0,0.5263157894736842,0.3073709742622288,0.0,0.0,1.0,1.0,0.0,1.0,0.08085071507601524,0.323943661971831,0.5714285714285714,0.08734109358247817
315,0.41428571428571426,1.0,1.0,1.0,0.0,0.6666666666666666,0.4671052631578947,0.3641018730629295,0.0,0.0,1.0,0.0,0.0,0.0,0.07213320766572416,0.4225352112676056,0.5714285714285714,0.1034614795527646
316,0.24285714285714283,0.0,1.0,1.0,0.0,0.0,0.3355263157894737,0.17046220185958766,0.0,0.0,1.0,1.0,0.0,0.5,0.0537752644255943,0.2535211267605634,0.5714285714285714,0.04843773931689386
317,0.2857142857142857,1.0,1.0,0.0,0.0,0.6666666666666666,0.20394736842105263,0.1427031397385797,1.0,0.0,0.0,1.0,0.0,0.5,0.03496252412369283,0.29577464788732394,0.5714285714285714,0.04054985449532853
318,0.8,1.0,0.0,1.0,1.0,0.0,0.3092105263157895,0.5045142164128823,1.0,0.0,0.0,0.0,0.0,0.5,0.048944226730823284,0.028169014084507043,0.42857142857142855,0.1793345075815592
319,0.3142857142857143,0.0,1.0,0.0,0.0,0.6666666666666666,0.42105263157894735,0.2568387009836949,0.0,0.0,0.0,0.0,0.0,0.5,0.0654837519977052,0.323943661971831,0.14285714285714285,0.1832593046408332
320,0.6285714285714286,0.0,1.0,0.0,1.0,0.6666666666666666,0.5789473684210527,0.6515294434712302,0.0,0.0,1.0,1.0,0.0,0.5,0.08836527385066499,0.014084507042253521,0.42857142857142855,0.23155345382141215
321,0.6142857142857143,1.0,1.0,1.0,0.0,0.0,0.368421052631579,0.44737905942595335,1.0,0.0,0.0,1.0,0.0,1.0,0.0582212321137863,0.619718309859155,0.7142857142857142,0.10584826670751007
322,0.6571428571428571,0.0,1.0,0.0,0.5,0.6666666666666666,0.18421052631578946,0.3010375960113192,0.0,0.0,0.0,0.0,0.0,0.5,0.031884813604187136,0.04225352112676056,0.14285714285714285,0.21465768111502528
323,0.5571428571428572,0.0,0.0,1.0,0.0,0.0,0.032894736842105254,0.1273413286619054,0.0,0.0,0.0,0.0,0.0,0.5,0.009401508011310084,0.5633802816901409,0.14285714285714285,0.09126589064175218
324,0.7142857142857143,0.0,1.0,0.0,0.0,0.3333333333333333,0.11842105263157895,0.25670394825495213,1.0,0.0,1.0,1.0,0.0,0.5,0.022269039566816355,0.7183098591549296,0.5714285714285714,0.0729437892479706
325,0.5857142857142857,1.0,0.0,1.0,1.0,0.0,0.4342105263157895,0.48120199434038535,1.0,0.0,0.0,1.0,0.0,0.5,0.06725461155244379,0.014084507042253521,0.5714285714285714,0.13673610047480472
326,0.0857142857142857,1.0,0.0,0.0,0.0,0.6666666666666666,0.11184210526315788,0.03180164398329066,0.0,1.0,1.0,0.0,0.0,0.5,0.020465867779722632,0.09859154929577466,0.42857142857142855,0.011429774850666258
327,0.7000000000000001,1.0,1.0,1.0,0.0,0.3333333333333333,0.3223684210526315,0.45775501953914566,0.0,1.0,0.0,0.0,0.0,1.0,0.05110273327049952,0.7042253521126761,0.5714285714285714,0.13007351814979323
328,0.6714285714285715,1.0,1.0,1.0,0.0,0.3333333333333333,0.4605263157894737,0.58064950815254,1.0,0.0,1.0,0.0,0.0,0.5,0.0716894439208294,0.676056338028169,0.7142857142857142,0.1374061877776076
329,0.07142857142857142,1.0,0.0,1.0,0.0,0.3333333333333333,0.20394736842105263,0.037461258590486456,0.0,1.0,1.0,1.0,0.0,0.0,0.032673578385171216,0.08450704225352113,0.7142857142857142,0.008781334558635829
330,0.11428571428571427,1.0,0.0,0.0,0.0,0.0,0.4407894736842105,0.10375960113192291,0.0,1.0,0.0,1.0,1.0,0.5,0.06890773903026495,0.1267605633802817,0.42857142857142855,0.03698881911471895
331,0.8,0.0,1.0,1.0,0.5,0.0,0.38815789473684215,0.5997843956340115,0.0,1.0,0.0,0.0,0.0,0.5,0.06063462142632736,0.056338028169014086,0.42857142857142855,0.21317391637310462
332,0.42857142857142855,0.0,0.0,0.0,0.0,1.0,0.2894736842105263,0.26425010106454655,1.0,0.0,0.0,0.0,0.0,0.5,0.046851722355659604,0.4366197183098592,0.14285714285714285,0.18852427630571297
333,0.2857142857142857,0.0,0.0,1.0,0.0,0.6666666666666666,0.5921052631578947,0.3097965233795984,0.0,0.0,1.0,1.0,0.0,0.5,0.09061532247206139,0.29577464788732394,0.42857142857142855,0.11017192525654772
334,0.5571428571428572,1.0,1.0,0.0,0.0,0.0,0.4605263157894737,0.47904595068050126,1.0,1.0,0.0,0.0,0.0,0.5,0.07090009425070687,0.5633802816901409,0.5714285714285714,0.1361234492265278
335,0.6285714285714286,0.0,1.0,0.0,1.0,1.0,0.24342105263157895,0.3371513273143781,0.0,1.0,0.0,1.0,0.0,0.0,0.039501518483610845,0.014084507042253521,0.42857142857142855,0.11988819114718946
336,0.6857142857142857,0.0,0.0,1.0,0.5,0.0,0.5328947368421053,0.6612316399407088,0.0,0.0,0.0,0.0,0.0,0.5,0.08145953951797495,0.056338028169014086,0.14285714285714285,0.47053530402818194
337,0.2714285714285714,1.0,1.0,1.0,0.0,0.0,0.48684210526315785,0.2502358172752998,1.0,0.0,0.0,1.0,0.0,0.5,0.07497643732327992,0.28169014084507044,0.7142857142857142,0.059165517945576146
338,0.22857142857142856,1.0,1.0,1.0,0.0,0.3333333333333333,0.5263157894736842,0.2242285406279477,1.0,1.0,0.0,0.0,0.0,0.5,0.0798358928868437,0.23943661971830987,0.7142857142857142,0.05300709654362588
339,0.3857142857142857,1.0,1.0,1.0,0.0,0.3333333333333333,0.4276315789473685,0.3151866325293087,0.0,1.0,1.0,0.0,0.0,1.0,0.06600915578295409,0.3943661971830986,0.7142857142857142,0.07454561699086129
340,0.5714285714285715,0.0,1.0,1.0,0.5,1.0,0.24999999999999997,0.31842069801913486,0.0,0.0,1.0,0.0,0.0,0.5,0.041447323050044824,0.04225352112676056,0.42857142857142855,0.11323518149793231
341,0.9285714285714286,0.0,1.0,0.0,0.5,0.0,0.2302631578947368,0.48591833984638183,1.0,0.0,1.0,0.0,0.0,0.0,0.03849998571958987,0.07042253521126761,0.42857142857142855,0.17272936131107366
342,0.34285714285714286,1.0,0.0,1.0,1.0,0.3333333333333333,0.4342105263157895,0.28554103220590216,1.0,0.0,0.0,1.0,0.0,0.0,0.0672196041470311,0.014084507042253521,0.5714285714285714,0.08113799969367438
343,0.8142857142857143,0.0,1.0,0.0,0.0,0.3333333333333333,0.09210526315789472,0.25710820644118043,1.0,0.0,0.0,0.0,0.0,0.0,0.018037635282264618,0.8169014084507042,0.2857142857142857,0.12212181548986573
344,0.5714285714285715,1.0,1.0,0.0,0.0,0.6666666666666666,0.5394736842105263,0.5623231370435251,1.0,0.0,0.0,1.0,0.0,0.5,0.0830555619411048,0.5774647887323944,0.5714285714285714,0.15978710369122376
345,0.07142857142857142,0.0,1.0,1.0,0.0,0.6666666666666666,0.24999999999999997,0.042716615011453976,0.0,1.0,1.0,0.0,0.0,0.5,0.03879987433239082,0.08450704225352113,0.5714285714285714,0.012138152856486445
346,0.5285714285714286,1.0,1.0,0.0,0.0,0.6666666666666666,0.42105263157894735,0.4229888155235143,0.0,1.0,0.0,1.0,0.0,1.0,0.06500818492980802,0.5352112676056339,0.5714285714285714,0.12019451677132793
347,0.07142857142857142,0.0,1.0,1.0,0.0,1.0,0.32894736842105265,0.05201455329470422,0.0,0.0,1.0,0.0,0.0,0.0,0.04963870562362552,0.08450704225352113,0.42857142857142855,0.018609281666411397
348,0.6285714285714286,1.0,1.0,0.0,0.0,0.6666666666666666,0.3421052631578947,0.43417329200916316,1.0,0.0,0.0,0.0,0.0,1.0,0.0545816315844591,0.6338028169014085,0.42857142857142855,0.15434982386276613
349,0.1857142857142857,1.0,1.0,1.0,0.5,1.0,0.48684210526315785,0.1753133000943269,0.0,0.0,1.0,1.0,0.0,0.5,0.07533324357075535,0.014084507042253521,0.7142857142857142,0.041424158880890384
350,0.9285714285714286,1.0,1.0,0.0,0.0,0.0,0.4144736842105263,0.7341328661905403,1.0,0.0,0.0,0.0,0.0,0.5,0.06480450118527403,0.9295774647887324,0.42857142857142855,0.26089370500842396
351,0.5571428571428572,1.0,1.0,0.0,1.0,1.0,0.17105263157894737,0.24107263172079232,0.0,0.0,0.0,0.0,0.0,1.0,0.029288407163053726,0.014084507042253521,0.2857142857142857,0.11452749272476642
352,0.028571428571428574,0.0,1.0,1.0,0.0,0.0,0.05263157894736842,0.00997170192696402,1.0,0.0,1.0,0.0,0.0,0.5,0.014451775054979576,0.04225352112676056,0.5714285714285714,0.002833512023280748
353,0.32857142857142857,0.0,0.0,0.0,1.0,0.6666666666666666,0.5592105263157895,0.3347257781970085,1.0,1.0,1.0,1.0,0.0,0.5,0.08490417844800502,0.014084507042253521,0.5714285714285714,0.09511410629499158
354,0.2571428571428571,1.0,1.0,1.0,1.0,0.3333333333333333,0.5855263157894737,0.2750303193639671,0.0,1.0,0.0,0.0,0.0,0.5,0.08874448137308398,0.0,0.5714285714285714,0.0781513248583244
355,0.24285714285714283,1.0,1.0,1.0,1.0,0.3333333333333333,0.11184210526315788,0.08502897183667968,1.0,0.0,1.0,0.0,0.0,1.0,0.02057807100219918,0.0,0.7142857142857142,0.02004518302956042
356,0.9,1.0,0.0,0.0,0.5,0.0,0.20394736842105263,0.43727260477024654,0.0,1.0,0.0,1.0,0.0,1.0,0.034799128180961356,0.07042253521126761,0.42857142857142855,0.15545068157451372
357,0.4857142857142857,1.0,1.0,1.0,1.0,0.3333333333333333,0.19078947368421054,0.22463279881417597,0.0,1.0,0.0,0.0,0.0,0.5,0.03207216911269692,0.014084507042253521,0.5714285714285714,0.06383060192985143
358,0.8714285714285714,1.0,1.0,0.0,0.0,0.6666666666666666,0.618421052631579,0.9482549521627812,0.0,0.0,1.0,0.0,0.0,0.5,0.09399227752272657,0.8732394366197184,0.42857142857142855,0.3369486138765508
359,0.0,1.0,1.0,1.0,0.0,0.0,0.13815789473684212,0.0029645600323406547,0.0,0.0,0.0,0.0,0.0,0.5,0.02073515551366635,0.014084507042253521,0.42857142857142855,0.0011870117935365294
360,0.34285714285714286,1.0,1.0,0.0,0.5,0.6666666666666666,0.11184210526315788,0.12222072496968062,1.0,1.0,0.0,0.0,0.0,0.5,0.02152686145146089,0.028169014084507043,0.5714285714285714,0.03472966763669781
361,0.6285714285714286,0.0,0.0,1.0,0.5,1.0,0.12499999999999997,0.22975340250640075,1.0,0.0,0.0,0.0,0.0,0.5,0.02280867106503299,0.04225352112676056,0.2857142857142857,0.1091667943023434
362,0.6857142857142857,1.0,0.0,1.0,1.0,0.6666666666666666,0.48026315789473684,0.6127206575933162,0.0,1.0,0.0,0.0,0.0,0.5,0.0745349977879936,0.028169014084507043,0.42857142857142855,0.2177688007351815
363,0.21428571428571427,0.0,1.0,1.0,0.0,1.0,0.5855263157894737,0.23339172618245518,0.0,1.0,1.0,1.0,0.0,0.5,0.0896559849198869,0.22535211267605634,0.7142857142857142,0.055176903047939964
364,0.2571428571428571,1.0,1.0,1.0,0.0,0.6666666666666666,0.26315789473684215,0.14984503436194582,1.0,0.0,0.0,1.0,0.0,0.5,0.04266084627213652,0.26760563380281693,0.7142857142857142,0.03539337315566447
365,0.3142857142857143,1.0,1.0,1.0,0.5,0.0,0.09210526315789472,0.10214256838700982,0.0,0.0,0.0,0.0,0.0,1.0,0.018440355693972052,0.014084507042253521,0.42857142857142855,0.03641445856945934
366,0.34285714285714286,0.0,0.0,1.0,1.0,0.6666666666666666,0.38815789473684215,0.26357633742083275,1.0,1.0,0.0,1.0,0.0,0.5,0.061074458058435435,0.014084507042253521,0.5714285714285714,0.07489661510185328
367,0.21428571428571427,0.0,0.0,1.0,0.0,0.3333333333333333,0.13815789473684212,0.08988007007141893,1.0,1.0,1.0,0.0,0.0,0.0,0.026920358152686147,0.22535211267605634,0.5714285714285714,0.025539898912544032
368,0.7571428571428571,1.0,1.0,1.0,0.0,0.0,0.04605263157894737,0.18905807842608813,1.0,1.0,1.0,0.0,0.0,1.0,0.011536984675533213,0.7605633802816901,0.8571428571428571,0.038219591711703825
369,0.0,0.0,1.0,1.0,0.0,0.6666666666666666,0.5855263157894737,0.012936261959304675,1.0,0.0,1.0,1.0,1.0,0.5,0.09048067860508953,0.014084507042253521,0.7142857142857142,0.002973911267677541
370,0.5857142857142857,1.0,1.0,1.0,0.0,0.6666666666666666,0.5789473684210527,0.6026142029376095,1.0,0.0,0.0,1.0,0.0,0.0,0.08747363224271801,0.5915492957746479,0.7142857142857142,0.1426073416041252
371,0.2571428571428571,0.0,1.0,1.0,0.0,0.3333333333333333,0.6447368421052632,0.2991510578089206,1.0,1.0,0.0,0.0,0.0,0.5,0.0976238900739124,0.26760563380281693,0.5714285714285714,0.08500536069842243
372,0.4714285714285714,0.0,1.0,0.0,0.0,0.6666666666666666,0.3157894736842105,0.3060234469748012,1.0,1.0,0.0,1.0,0.0,0.5,0.050146920219548696,0.47887323943661975,0.5714285714285714,0.0869581865523051
373,0.7714285714285715,1.0,1.0,1.0,1.0,1.0,0.19736842105263155,0.3641018730629295,1.0,0.0,1.0,0.0,0.0,0.5,0.03334761374346671,0.028169014084507043,0.7142857142857142,0.08612855465359678
374,0.24285714285714283,1.0,1.0,1.0,0.0,0.0,0.506578947368421,0.2336612316399407,1.0,0.0,1.0,1.0,0.0,1.0,0.07833280971829511,0.2535211267605634,0.8571428571428571,0.047272607925081506
375,0.4714285714285714,1.0,0.0,1.0,0.0,0.6666666666666666,0.12499999999999997,0.17180972914701523,0.0,0.0,1.0,0.0,0.0,0.5,0.022537007262848588,0.47887323943661975,0.42857142857142855,0.06115982539439424
376,0.6285714285714286,0.0,0.0,0.0,0.5,0.6666666666666666,0.1644736842105263,0.2646543592507748,1.0,1.0,0.0,1.0,0.0,0.5,0.02823332286103257,0.04225352112676056,0.42857142857142855,0.09413769336805024
377,0.07142857142857142,0.0,1.0,1.0,1.0,1.0,0.17105263157894737,0.03692224767551543,1.0,0.0,0.0,1.0,0.0,0.5,0.03204524033930255,0.0,0.5714285714285714,0.010491652626742226
378,0.2857142857142857,1.0,1.0,0.0,1.0,0.6666666666666666,0.631578947368421,0.32515833445627274,1.0,1.0,1.0,1.0,0.0,0.5,0.09573178941699205,0.0,0.8571428571428571,0.0658435988884756
379,0.9857142857142858,1.0,0.0,1.0,0.0,0.6666666666666666,1.0,0.8750842204554642,1.0,1.0,0.0,1.0,0.0,0.0,0.07443112966204389,0.9859154929577465,0.7142857142857142,0.20712717618828816
380,0.6714285714285715,0.0,1.0,1.0,1.0,0.6666666666666666,0.09210526315789472,0.21277455868481335,1.0,1.0,1.0,0.0,0.0,0.5,0.018084354382657868,0.028169014084507043,0.7142857142857142,0.05029483841323327
381,0.5428571428571429,1.0,1.0,0.0,0.0,0.6666666666666666,0.06578947368421054,0.1521358307505727,1.0,0.0,0.0,0.0,0.0,0.5,0.01442760820706155,0.5492957746478874,0.42857142857142855,0.054171772093735644
382,0.42857142857142855,1.0,1.0,1.0,0.5,0.6666666666666666,0.5592105263157895,0.4343080447379059,0.0,0.0,0.0,1.0,0.0,0.5,0.08522088109209205,0.028169014084507043,0.5714285714285714,0.12341093582478174
383,0.12857142857142856,0.0,1.0,1.0,0.5,0.3333333333333333,0.5328947368421053,0.13421371782778602,0.0,0.0,1.0,1.0,1.0,0.5,0.08199811498586239,0.0,0.5714285714285714,0.03813754020523817
384,0.41428571428571426,0.0,1.0,0.0,0.0,1.0,0.44736842105263164,0.3514351165611103,0.0,0.0,1.0,0.0,0.0,0.5,0.06918001885014138,0.4225352112676056,0.2857142857142857,0.16679430234339102
385,0.24285714285714283,0.0,1.0,0.0,0.0,0.0,0.13157894736842105,0.09567443740735748,0.0,1.0,1.0,0.0,0.0,1.0,0.024714629804167977,0.2535211267605634,0.42857142857142855,0.03411701638842089
386,0.8428571428571429,1.0,1.0,0.0,0.0,0.6666666666666666,0.3223684210526315,0.5458833041369088,1.0,1.0,1.0,0.0,0.0,1.0,0.050659754948162106,0.8450704225352113,0.7142857142857142,0.1291736866288865
387,0.19999999999999998,1.0,1.0,0.0,1.0,0.6666666666666666,0.4013157894736842,0.1599514890176526,1.0,0.0,0.0,1.0,0.0,0.5,0.06226830034558592,0.0,0.5714285714285714,0.04545106448154388
388,0.04285714285714286,1.0,1.0,0.0,0.0,0.3333333333333333,0.618421052631579,0.060503975205497905,0.0,0.0,0.0,0.0,1.0,0.5,0.09590009425070688,0.056338028169014086,0.2857142857142857,0.029011589319446574
389,0.8857142857142858,1.0,1.0,0.0,0.5,0.0,0.11184210526315788,0.3104702870233122,1.0,0.0,0.0,0.0,0.0,0.5,0.021483176996843344,0.07042253521126761,0.42857142857142855,0.11041124215040589
390,0.5571428571428572,0.0,0.0,1.0,0.0,0.6666666666666666,0.3421052631578947,0.3853928042042851,1.0,1.0,0.0,1.0,0.0,1.0,0.05452403393025447,0.5633802816901409,0.5714285714285714,0.10951141062949915
391,0.11428571428571427,1.0,1.0,0.0,0.0,1.0,0.10526315789473684,0.04406414229888155,1.0,1.0,1.0,0.0,0.0,0.5,0.022515446643627604,0.1267605633802817,0.7142857142857142,0.010344871598509216
392,0.11428571428571427,1.0,1.0,0.0,1.0,1.0,0.29605263157894735,0.07788707721331356,0.0,1.0,1.0,0.0,0.0,0.5,0.048800921562467264,0.0,0.5714285714285714,0.02213202634400368
393,0.35714285714285715,0.0,1.0,1.0,0.5,0.3333333333333333,0.13815789473684212,0.13919956879126802,0.0,0.0,0.0,0.0,0.0,0.5,0.02475893569201769,0.028169014084507043,0.2857142857142857,0.06628120692295911
394,0.04285714285714286,0.0,1.0,1.0,1.0,0.6666666666666666,0.5526315789473684,0.053362080582131786,0.0,0.0,0.0,0.0,1.0,0.5,0.08341187558906692,0.0,0.2857142857142857,0.025629243886251082
395,0.21428571428571427,1.0,1.0,1.0,0.0,1.0,0.17105263157894737,0.09661770650855678,1.0,1.0,0.0,0.0,0.0,0.0,0.02986569274269557,0.22535211267605634,0.7142857142857142,0.02278935007913412
396,0.19999999999999998,1.0,0.0,0.0,0.0,0.0,0.2763157894736842,0.12114270313973856,1.0,1.0,0.0,1.0,0.0,0.5,0.044172164624568015,0.2112676056338028,0.5714285714285714,0.03442334201255935
397,0.7285714285714286,1.0,1.0,1.0,0.0,0.3333333333333333,0.26973684210526316,0.4229888155235143,0.0,1.0,0.0,1.0,0.0,0.5,0.043953454650909884,0.7323943661971831,0.7142857142857142,0.10007275233573289
398,0.9714285714285714,0.0,1.0,0.0,0.0,0.3333333333333333,0.5723684210526315,0.9886807707856083,0.0,1.0,1.0,0.0,0.0,0.5,0.08721605267111966,0.971830985915493,0.42857142857142855,0.35130762750804106
399,0.05714285714285714,0.0,0.0,1.0,0.0,0.6666666666666666,0.5,0.06279477159412476,1.0,0.0,0.0,0.0,1.0,0.5,0.07728557964184732,0.07042253521126761,0.2857142857142857,0.030096492571603614
400,0.2714285714285714,1.0,1.0,0.0,0.5,0.0,0.0394736842105263,0.067106858913893,0.0,0.0,0.0,0.0,0.0,0.0,0.010933081998114987,0.014084507042253521,0.2857142857142857,0.03213866339919334
401,0.24285714285714283,0.0,1.0,1.0,0.0,0.0,0.04605263157894737,0.0633337825090958,0.0,0.0,0.0,0.0,0.0,0.5,0.012147868886794429,0.2535211267605634,0.2857142857142857,0.030351763925052334
402,0.014285714285714285,1.0,1.0,0.0,0.0,0.0,0.368421052631579,0.019673898396442527,0.0,1.0,0.0,0.0,1.0,1.0,0.06220546654099905,0.028169014084507043,0.42857142857142855,0.007122070761219176
403,0.17142857142857143,1.0,1.0,0.0,0.0,0.6666666666666666,0.2828947368421052,0.10712841935049183,0.0,0.0,1.0,0.0,0.0,0.5,0.045457840933807,0.18309859154929578,0.42857142857142855,0.038185403584009805
404,0.04285714285714286,1.0,0.0,0.0,0.0,0.3333333333333333,0.18421052631578946,0.023985985716210752,1.0,0.0,1.0,0.0,0.0,1.0,0.03204524033930255,0.056338028169014086,0.42857142857142855,0.008653698881911472
405,0.5857142857142857,1.0,1.0,0.0,0.5,0.6666666666666666,0.5263157894736842,0.5593585770111844,0.0,1.0,0.0,0.0,0.0,0.5,0.08027018535972354,0.04225352112676056,0.42857142857142855,0.19881490274161434
406,0.8571428571428572,1.0,1.0,0.0,0.0,0.6666666666666666,0.08552631578947367,0.2685621883843148,0.0,0.0,0.0,0.0,0.0,1.0,0.017814928693932416,0.8591549295774648,0.2857142857142857,0.12754633175065094
407,0.09999999999999999,1.0,0.0,1.0,0.0,0.0,0.6447368421052632,0.12572429591699233,0.0,0.0,0.0,0.0,1.0,0.5,0.0983741753063148,0.11267605633802817,0.2857142857142857,0.05989942308674121
408,0.9428571428571428,1.0,1.0,1.0,0.0,0.6666666666666666,0.019736842105263164,0.20172483492790727,0.0,1.0,0.0,0.0,0.0,0.5,0.008060545528718328,0.943661971830986,0.5714285714285714,0.05732118241690917
409,0.8857142857142858,0.0,1.0,0.0,1.0,0.6666666666666666,0.07894736842105263,0.2692359520280286,0.0,0.0,0.0,1.0,0.0,0.5,0.01690528551980013,0.028169014084507043,0.2857142857142857,0.12786542094246184
410,0.11428571428571427,0.0,1.0,1.0,1.0,1.0,0.21052631578947364,0.060773480662983416,0.0,0.0,1.0,1.0,0.0,0.5,0.035501099591580265,0.0,0.5714285714285714,0.017269107060805637
411,0.14285714285714285,1.0,1.0,1.0,0.5,0.3333333333333333,0.3355263157894737,0.10133405201455328,1.0,0.0,1.0,0.0,1.0,0.5,0.052437666009767805,0.0,0.7142857142857142,0.023906162250472252
412,0.5857142857142857,0.0,0.0,1.0,0.0,0.6666666666666666,0.14473684210526314,0.23217895162377036,0.0,1.0,1.0,1.0,0.0,0.0,0.025784300525111076,0.5915492957746479,0.5714285714285714,0.06597488129882065
413,0.17142857142857143,0.0,0.0,1.0,0.0,0.0,0.48684210526315785,0.16102951084759465,0.0,1.0,1.0,1.0,0.0,0.5,0.07445805843543826,0.18309859154929578,0.5714285714285714,0.04575739010568234
414,0.49999999999999994,0.0,1.0,1.0,0.5,0.6666666666666666,0.23684210526315788,0.2691011992992858,1.0,1.0,0.0,0.0,0.0,0.5,0.0394543931301707,0.04225352112676056,0.5714285714285714,0.07646653392556287
415,0.17142857142857143,1.0,1.0,0.0,1.0,0.6666666666666666,0.02631578947368421,0.038269774962942996,1.0,0.0,1.0,1.0,0.0,0.5,0.008410063075473064,0.0,0.7142857142857142,0.008972788073722366
416,0.15714285714285714,0.0,1.0,1.0,1.0,0.6666666666666666,0.5789473684210527,0.17288775097695727,0.0,1.0,1.0,0.0,0.0,0.5,0.08867420672321709,0.0,0.5714285714285714,0.049126971971205385
417,0.5142857142857143,0.0,1.0,1.0,1.0,0.6666666666666666,0.625,0.5689260207519202,1.0,0.0,1.0,1.0,0.0,0.0,0.09470922383269226,0.014084507042253521,0.7142857142857142,0.13463011180885281
418,0.7285714285714286,1.0,1.0,1.0,0.0,0.3333333333333333,0.4078947368421053,0.5691955262094057,0.0,0.0,1.0,1.0,0.0,0.5,0.06361922714420358,0.7323943661971831,0.7142857142857142,0.134693929647215
419,1.0,1.0,1.0,0.0,1.0,0.3333333333333333,0.5328947368421053,0.9597089341059156,1.0,1.0,0.0,0.0,0.0,1.0,0.08153349882518485,0.028169014084507043,0.5714285714285714,0.2727063868892633
420,0.014285714285714285,0.0,0.0,0.0,0.5,0.0,0.08552631578947367,0.00821991645330818,0.0,0.0,1.0,0.0,0.0,0.5,0.02214891611687088,0.0,0.14285714285714285,0.006643436973502833
421,0.7857142857142857,0.0,0.0,0.0,1.0,0.6666666666666666,0.1776315789473684,0.35291739657728066,1.0,1.0,0.0,1.0,0.0,0.5,0.03111956375387101,0.028169014084507043,0.42857142857142855,0.12548820646347067
422,0.8428571428571429,1.0,1.0,1.0,0.0,1.0,0.21710526315789472,0.42164128823608676,1.0,1.0,1.0,0.0,0.0,0.5,0.036176562990889095,0.8450704225352113,0.8571428571428571,0.0854265584316128
423,0.3142857142857143,1.0,1.0,0.0,0.0,0.6666666666666666,0.6381578947368421,0.3565557202533351,1.0,1.0,0.0,0.0,0.0,0.5,0.09580789247223702,0.323943661971831,0.5714285714285714,0.10131720018379538
424,0.5571428571428572,1.0,1.0,0.0,0.0,0.6666666666666666,0.3421052631578947,0.37878992049589,0.0,0.0,0.0,0.0,0.0,0.5,0.05336946277097078,0.5633802816901409,0.2857142857142857,0.17974932353091336
425,0.9,0.0,0.0,0.0,0.0,1.0,0.006578947368421045,0.1790863764991241,1.0,0.0,0.0,0.0,0.0,0.5,0.006582822808671063,0.9014084507042254,0.14285714285714285,0.12802496553836729
426,0.3142857142857143,1.0,0.0,0.0,0.0,0.0,0.256578947368421,0.17800835466918205,1.0,1.0,0.0,1.0,0.0,0.5,0.041511289595541526,0.323943661971831,0.5714285714285714,0.050582018685863074
427,0.39999999999999997,0.0,0.0,1.0,1.0,0.6666666666666666,0.006578947368421045,0.08192965907559627,0.0,0.0,1.0,0.0,0.0,0.5,0.007020052650394876,0.014084507042253521,0.2857142857142857,0.039158625619033036
428,0.7142857142857143,0.0,1.0,1.0,0.0,0.6666666666666666,0.15789473684210528,0.29874679962269235,1.0,0.0,1.0,1.0,0.0,0.0,0.02803496516419951,0.7183098591549296,0.7142857142857142,0.07065272885076837
429,0.9714285714285714,1.0,1.0,1.0,0.0,0.3333333333333333,0.30263157894736836,0.6073305484436059,0.0,1.0,1.0,1.0,0.0,0.0,0.04855960332745973,0.971830985915493,0.8571428571428571,0.12311555040150537
430,0.42857142857142855,1.0,1.0,1.0,0.0,1.0,0.21710526315789472,0.21802991510578087,0.0,1.0,1.0,0.0,0.0,0.5,0.03642333769116172,0.4366197183098592,0.7142857142857142,0.05153928626129576
431,0.7000000000000001,0.0,1.0,0.0,0.0,0.3333333333333333,0.02631578947368421,0.15712168171405472,0.0,1.0,1.0,0.0,0.0,1.0,0.009048067860508956,0.7042253521126761,0.42857142857142855,0.05594271710828611
432,0.2714285714285714,1.0,1.0,0.0,1.0,0.3333333333333333,0.07894736842105263,0.08408570273548038,1.0,0.0,1.0,0.0,0.0,0.5,0.016870876531573986,0.0,0.5714285714285714,0.023893398682799816
433,0.7714285714285715,1.0,1.0,0.0,0.0,1.0,0.368421052631579,0.554642231505188,0.0,0.0,0.0,1.0,0.0,0.0,0.05757861365778426,0.7746478873239436,0.42857142857142855,0.19713968448460714
434,0.014285714285714285,1.0,1.0,1.0,0.0,0.6666666666666666,0.4605263157894737,0.02236895297129767,1.0,1.0,0.0,0.0,1.0,0.0,0.07163053722902922,0.028169014084507043,0.7142857142857142,0.005207535610353806
435,0.34285714285714286,1.0,1.0,1.0,1.0,0.0,0.26973684210526316,0.2003773076404797,0.0,1.0,1.0,0.0,0.0,1.0,0.04339302544769086,0.014084507042253521,0.7142857142857142,0.04735921784857303
436,0.17142857142857143,1.0,1.0,1.0,1.0,0.6666666666666666,0.48684210526315785,0.1608947581188519,0.0,1.0,1.0,0.0,0.0,0.5,0.07438555789168418,0.0,0.7142857142857142,0.03800990452851381
437,0.9857142857142858,0.0,1.0,1.0,0.0,0.6666666666666666,0.11184210526315788,0.3409244037191753,1.0,1.0,0.0,1.0,0.0,0.5,0.021058300794398813,0.9859154929577465,0.7142857142857142,0.08064022055444939
438,0.9428571428571428,1.0,1.0,1.0,0.5,0.0,0.08552631578947367,0.2907963886268697,1.0,0.0,0.0,0.0,0.0,0.0,0.017359010789595848,0.07042253521126761,0.5714285714285714,0.08263133711134936
439,0.8142857142857143,1.0,1.0,0.0,0.5,1.0,0.5526315789473684,0.8099986524727125,1.0,1.0,1.0,1.0,0.0,1.0,0.08471188533914004,0.056338028169014086,0.8571428571428571,0.1642507056429556
440,0.9,1.0,1.0,1.0,0.5,0.3333333333333333,0.2236842105263158,0.4646274087050262,1.0,0.0,1.0,0.0,0.0,0.5,0.03778864278982092,0.07042253521126761,0.7142857142857142,0.10993260836268955
441,0.9714285714285714,1.0,1.0,0.0,0.0,0.0,0.2894736842105263,0.5859048645735075,0.0,0.0,0.0,0.0,0.0,0.5,0.04638773921239192,0.971830985915493,0.2857142857142857,0.2778373410935825
442,0.8285714285714286,0.0,1.0,1.0,1.0,0.0,0.625,0.9122759735884651,0.0,1.0,1.0,1.0,0.0,0.5,0.09517723925302321,0.028169014084507043,0.7142857142857142,0.21593403788226886
443,0.8428571428571429,1.0,0.0,0.0,0.0,0.6666666666666666,0.2828947368421052,0.5037057000404258,1.0,1.0,0.0,1.0,0.0,0.5,0.045743009739239705,0.8450704225352113,0.5714285714285714,0.14313064787869506
444,0.8714285714285714,1.0,1.0,1.0,0.0,0.6666666666666666,0.006578947368421045,0.1689799218434173,0.0,1.0,1.0,1.0,0.0,0.0,0.00608069076647107,0.8732394366197184,0.8571428571428571,0.03414436689057611
445,0.21428571428571427,0.0,1.0,1.0,0.0,0.6666666666666666,0.618421052631579,0.24484570812558953,0.0,1.0,1.0,0.0,0.0,0.5,0.09466305372290292,0.22535211267605634,0.5714285714285714,0.06957420738244754
446,0.9571428571428572,1.0,1.0,0.0,0.0,0.6666666666666666,0.013157894736842118,0.19552620940574045,0.0,0.0,0.0,1.0,0.0,0.5,0.007110384210234515,0.9577464788732395,0.42857142857142855,0.06958378005820187
447,0.19999999999999998,0.0,0.0,0.0,1.0,0.0,0.4407894736842105,0.17396577280689934,1.0,0.0,0.0,0.0,0.0,0.5,0.06880301602262016,0.0,0.14285714285714285,0.12438734875172308
448,0.7714285714285715,1.0,1.0,1.0,0.0,0.0,0.21710526315789472,0.38862686969411125,0.0,1.0,0.0,1.0,0.0,1.0,0.03646645531659669,0.7746478873239436,0.7142857142857142,0.09193597794455506
449,0.4857142857142857,1.0,1.0,1.0,0.0,0.0,0.3157894736842105,0.31653415981673627,0.0,1.0,1.0,1.0,0.0,0.5,0.05043759256765855,0.49295774647887325,0.8571428571428571,0.06409316675054154
450,0.7714285714285715,0.0,1.0,1.0,0.0,0.6666666666666666,0.36184210526315785,0.5526209405740465,0.0,1.0,1.0,0.0,0.0,0.5,0.05732156627538343,0.7746478873239436,0.5714285714285714,0.15703017307397765
451,0.1857142857142857,0.0,0.0,0.0,0.0,0.6666666666666666,0.26973684210526316,0.11238377577145936,1.0,1.0,0.0,0.0,0.0,0.5,0.04389390063282617,0.1971830985915493,0.2857142857142857,0.05358145708888549
452,0.6857142857142857,1.0,0.0,0.0,1.0,0.6666666666666666,0.5131578947368421,0.6420967524592373,1.0,0.0,1.0,0.0,0.0,1.0,0.07872819250226008,0.028169014084507043,0.42857142857142855,0.22820301730739775
453,0.0857142857142857,0.0,1.0,1.0,0.0,0.6666666666666666,0.618421052631579,0.10227732111575258,0.0,1.0,0.0,1.0,1.0,1.0,0.09088461020600512,0.09859154929577466,0.5714285714285714,0.029062643590136314
454,0.41428571428571426,0.0,0.0,1.0,0.5,0.6666666666666666,0.05921052631578946,0.1150788303463145,0.0,0.0,0.0,1.0,0.0,0.5,0.01407477222745837,0.028169014084507043,0.2857142857142857,0.05485781385612906
455,0.6857142857142857,0.0,0.0,0.0,0.5,1.0,0.5328947368421053,0.6571890580784261,0.0,0.0,1.0,0.0,0.0,0.5,0.08088249437380984,0.056338028169014086,0.14285714285714285,0.4676635013018839
456,0.21428571428571427,1.0,1.0,1.0,0.5,0.6666666666666666,0.08552631578947367,0.07061042986120468,1.0,1.0,1.0,0.0,0.0,0.5,0.01849670122525919,0.014084507042253521,0.8571428571428571,0.014178500317265827
457,0.7142857142857143,0.0,1.0,0.0,0.5,0.0,0.05921052631578946,0.1935049184745991,0.0,0.0,0.0,0.0,0.0,0.5,0.013601670639980776,0.056338028169014086,0.14285714285714285,0.13826772859549702
458,0.5857142857142857,1.0,1.0,1.0,0.0,0.0,0.631578947368421,0.6503166689125455,1.0,0.0,0.0,1.0,0.0,0.5,0.09541762039405771,0.5915492957746479,0.7142857142857142,0.15390309899423085
459,0.22857142857142856,0.0,0.0,1.0,1.0,1.0,0.3223684210526315,0.15604365988411265,1.0,1.0,0.0,1.0,0.0,0.5,0.05178244719188335,0.0,0.5714285714285714,0.044340634094041965
460,0.8857142857142858,0.0,1.0,1.0,0.5,0.6666666666666666,0.10526315789473684,0.2960517450478372,0.0,1.0,1.0,0.0,0.0,0.0,0.019882411022844576,0.07042253521126761,0.5714285714285714,0.08412467452902435
461,0.6285714285714286,1.0,0.0,1.0,0.5,0.3333333333333333,0.375,0.46274087050262763,1.0,1.0,0.0,0.0,0.0,1.0,0.05902188710859775,0.04225352112676056,0.5714285714285714,0.1314902741614336
462,0.0857142857142857,1.0,1.0,1.0,1.0,0.3333333333333333,0.1776315789473684,0.04177334591025468,1.0,0.0,1.0,0.0,0.0,1.0,0.03042951393564023,0.0,0.7142857142857142,0.009802419972430693
463,0.3714285714285714,0.0,1.0,0.0,1.0,0.6666666666666666,0.3092105263157895,0.24066837353456405,0.0,1.0,1.0,0.0,0.0,0.0,0.04963870562362552,0.014084507042253521,0.42857142857142855,0.08561801194669934
464,0.12857142857142856,1.0,0.0,0.0,1.0,0.0,0.4144736842105263,0.110362484840318,0.0,0.0,0.0,1.0,1.0,0.5,0.065315739868049,0.0,0.2857142857142857,0.0526241895134528
465,0.4714285714285714,0.0,1.0,0.0,1.0,0.3333333333333333,0.5723684210526315,0.48834388896375147,1.0,0.0,0.0,0.0,0.0,0.0,0.08765315739868049,0.014084507042253521,0.2857142857142857,0.2316332261193649
466,0.49999999999999994,0.0,1.0,0.0,0.0,0.6666666666666666,0.006578947368421045,0.09446166284867268,0.0,0.0,1.0,0.0,0.0,0.0,0.005524138653262119,0.5070422535211268,0.2857142857142857,0.04509368458671568
467,0.34285714285714286,0.0,1.0,1.0,0.0,0.6666666666666666,0.14473684210526314,0.13785204150384045,1.0,1.0,0.0,1.0,0.0,1.0,0.025900094250706877,0.35211267605633806,0.7142857142857142,0.03255347934854751
468,0.07142857142857142,0.0,1.0,1.0,0.0,1.0,0.06578947368421054,0.020078156582670797,1.0,0.0,0.0,0.0,0.0,0.5,0.01240967640590638,0.08450704225352113,0.42857142857142855,0.0072656608975340785
469,0.32857142857142857,0.0,1.0,0.0,0.0,0.6666666666666666,0.06578947368421054,0.09230561918878856,1.0,1.0,1.0,0.0,0.0,1.0,0.014255419415645617,0.3380281690140845,0.5714285714285714,0.02622913156685557
470,0.24285714285714283,1.0,1.0,1.0,1.0,1.0,0.625,0.2747608139064816,1.0,1.0,0.0,1.0,0.0,0.5,0.09430306838412399,0.0,0.8571428571428571,0.05561451108242347
471,0.07142857142857142,1.0,1.0,1.0,0.5,0.3333333333333333,0.618421052631579,0.09149710281633201,0.0,0.0,0.0,0.0,1.0,1.0,0.09566446748350613,0.0,0.42857142857142855,0.03263325164650023
472,0.39999999999999997,0.0,0.0,1.0,0.5,1.0,0.493421052631579,0.36989624039886804,1.0,1.0,0.0,0.0,0.0,0.5,0.0764730735480516,0.028169014084507043,0.42857142857142855,0.1315189921886966
473,0.34285714285714286,1.0,0.0,1.0,1.0,0.6666666666666666,0.4276315789473685,0.2825764721735615,0.0,0.0,0.0,0.0,0.0,0.5,0.06639019792648444,0.014084507042253521,0.2857142857142857,0.13418338694031756
474,0.7714285714285715,1.0,1.0,1.0,0.0,1.0,0.5592105263157895,0.7737501684409108,0.0,1.0,0.0,0.0,0.0,1.0,0.08544254991003342,0.7746478873239436,0.5714285714285714,0.2198652167253791
475,0.6428571428571429,0.0,0.0,0.0,0.5,0.0,0.0394736842105263,0.1577954453577685,0.0,0.0,0.0,0.0,0.0,0.5,0.011084702700487642,0.04225352112676056,0.0,0.22633634553530405
476,0.32857142857142857,1.0,1.0,0.0,0.0,0.6666666666666666,0.07894736842105263,0.09971701926964019,1.0,0.0,1.0,0.0,0.0,0.0,0.016415331448319196,0.3380281690140845,0.5714285714285714,0.028335120232807477
477,0.35714285714285715,1.0,1.0,0.0,0.0,0.6666666666666666,0.21052631578947364,0.1812424201590082,0.0,0.0,1.0,0.0,0.0,1.0,0.03606902051765388,0.36619718309859156,0.42857142857142855,0.06451026190840864
478,0.3857142857142857,1.0,1.0,0.0,0.0,0.3333333333333333,0.5526315789473684,0.39064816062525265,0.0,1.0,0.0,0.0,0.0,0.5,0.08485929715901441,0.3943661971830986,0.42857142857142855,0.13888995251952826
479,0.028571428571428574,0.0,0.0,0.0,1.0,1.0,0.3157894736842105,0.026142029376094864,1.0,1.0,0.0,1.0,0.0,0.5,0.05215205780710021,0.0,0.42857142857142855,0.00941951294225762
480,0.5285714285714286,0.0,0.0,1.0,0.0,0.6666666666666666,0.3355263157894737,0.359385527556933,1.0,0.0,1.0,0.0,0.0,0.5,0.05330125502257056,0.5352112676056339,0.42857142857142855,0.12778564864450911
481,0.8571428571428572,0.0,1.0,1.0,1.0,0.6666666666666666,0.1513157894736842,0.3508961056461393,1.0,0.0,1.0,1.0,0.0,0.5,0.02725545031751673,0.028169014084507043,0.7142857142857142,0.08300148057385
482,0.7142857142857143,0.0,1.0,0.0,0.0,1.0,0.4276315789473685,0.5790324754076269,0.0,1.0,0.0,1.0,0.0,0.5,0.0664744691467539,0.7183098591549296,0.42857142857142855,0.20580295604227294
483,0.6714285714285715,0.0,1.0,1.0,0.0,1.0,0.5855263157894737,0.7005794367335938,0.0,1.0,1.0,1.0,0.0,0.5,0.08916509582155199,0.676056338028169,0.7142857142857142,0.16580512584877727
484,0.2857142857142857,1.0,1.0,1.0,0.0,0.6666666666666666,0.21710526315789472,0.1474194852445762,1.0,1.0,0.0,0.0,0.0,0.5,0.03653336923836452,0.29577464788732394,0.7142857142857142,0.03481901261040486
485,0.7571428571428571,1.0,1.0,1.0,0.0,0.0,0.4078947368421053,0.5937205228405875,0.0,1.0,1.0,1.0,0.0,0.5,0.06395085000174537,0.7605633802816901,0.8571428571428571,0.1203531496838282
486,0.7857142857142857,1.0,1.0,1.0,1.0,0.6666666666666666,0.2236842105263158,0.39873332434981806,1.0,1.0,0.0,0.0,0.0,0.5,0.03684192810017504,0.028169014084507043,0.7142857142857142,0.09432914688313677
487,0.8285714285714286,1.0,0.0,1.0,0.0,0.6666666666666666,0.5263157894736842,0.7874949467726721,0.0,0.0,1.0,0.0,0.0,0.5,0.08038467068164028,0.8309859154929577,0.42857142857142855,0.27984760300199113
488,0.7142857142857143,1.0,1.0,1.0,1.0,1.0,0.3157894736842105,0.46085433230022904,1.0,1.0,0.0,0.0,0.0,0.0,0.05026704366949418,0.028169014084507043,0.7142857142857142,0.10903915862561904
489,0.2714285714285714,1.0,0.0,1.0,1.0,0.0,0.2236842105263158,0.14647621614337689,0.0,1.0,0.0,1.0,0.0,0.0,0.038689915174363806,0.0,0.5714285714285714,0.04162199417981314
490,0.8285714285714286,1.0,1.0,0.0,1.0,0.3333333333333333,0.2763157894736842,0.48928715806495077,1.0,0.0,0.0,0.0,0.0,0.0,0.04503266825348648,0.028169014084507043,0.42857142857142855,0.17392594578036452
491,1.0,1.0,1.0,1.0,0.0,0.6666666666666666,0.06578947368421054,0.27799487939630774,1.0,1.0,1.0,1.0,0.0,0.0,0.014376551486107978,1.0,1.0,0.04917004901209986
492,0.11428571428571427,1.0,0.0,0.0,1.0,0.0,0.5723684210526315,0.1270718232044199,0.0,0.0,1.0,1.0,1.0,1.0,0.08702481935281181,0.0,0.42857142857142855,0.04526918364221167
493,0.0,0.0,0.0,1.0,0.0,0.6666666666666666,0.631578947368421,0.014418541975475003,1.0,0.0,1.0,0.0,1.0,0.5,0.10084825636192271,0.014084507042253521,0.42857142857142855,0.00525539898912544
494,0.39999999999999997,1.0,1.0,1.0,0.0,0.6666666666666666,0.3157894736842105,0.9999999999999999,0.0,0.0,0.0,1.0,0.0,0.5,0.22844421333159995,0.4084507042253521,0.5714285714285714,0.2841553070914382
495,0.8857142857142858,1.0,1.0,1.0,0.0,0.0,0.1513157894736842,0.3560167093383641,0.0,0.0,0.0,0.0,0.0,1.0,0.026539802223119843,0.8873239436619719,0.42857142857142855,0.12658906417521826
496,0.7857142857142857,1.0,0.0,1.0,1.0,0.0,0.4407894736842105,0.6491038943538606,1.0,0.0,1.0,0.0,0.0,0.5,0.06811296620438938,0.028169014084507043,0.5714285714285714,0.18444631643436973
497,0.9571428571428572,1.0,1.0,0.0,0.0,0.0,0.30263157894736836,0.5954723083142434,0.0,1.0,0.0,1.0,0.0,0.5,0.04824804568387204,0.9577464788732395,0.5714285714285714,0.1692066166334814
498,0.4857142857142857,1.0,1.0,0.0,0.0,1.0,0.17105263157894737,0.2116965368548713,1.0,0.0,0.0,0.0,0.0,1.0,0.029487006866837216,0.49295774647887325,0.42857142857142855,0.07532738551079798
499,0.028571428571428574,0.0,1.0,0.0,0.0,1.0,0.02631578947368421,0.007950410995822665,1.0,0.0,0.0,1.0,0.0,0.0,0.009739239710964496,0.04225352112676056,0.42857142857142855,0.002957956808086997
500,0.0857142857142857,0.0,0.0,0.0,0.0,0.0,0.5855263157894737,0.09958226654089744,1.0,1.0,1.0,1.0,1.0,0.5,0.08819173286656792,0.09859154929577466,0.5714285714285714,0.028296829529790166
501,0.3714285714285714,0.0,0.0,1.0,0.0,0.0,0.5263157894736842,0.3624848403180164,0.0,1.0,0.0,0.0,0.0,0.5,0.08119523859391908,0.38028169014084506,0.2857142857142857,0.17202736508908972
502,0.0,1.0,0.0,1.0,1.0,0.0,0.5460526315789473,0.00862417463953645,1.0,0.0,0.0,1.0,1.0,0.0,0.060320452403393024,0.0,0.5714285714285714,0.0024506049931076737
503,1.0,1.0,1.0,1.0,0.0,0.0,0.2894736842105263,0.6100256030184611,0.0,0.0,0.0,0.0,0.0,0.5,0.04708552919780701,1.0,0.42857142857142855,0.21681153315974883
504,0.6142857142857143,0.0,1.0,1.0,1.0,0.3333333333333333,0.5,0.5621883843147824,0.0,1.0,1.0,1.0,0.0,0.5,0.07647159626424471,0.014084507042253521,0.7142857142857142,0.13303466584979834
505,0.5714285714285715,1.0,1.0,1.0,0.5,0.6666666666666666,0.38815789473684215,0.4299959574181377,1.0,0.0,0.0,0.0,0.0,0.0,0.06048136824440817,0.04225352112676056,0.5714285714285714,0.1221856333282279
506,0.5857142857142857,0.0,0.0,1.0,1.0,1.0,0.24999999999999997,0.3248888289987872,0.0,0.0,1.0,0.0,0.0,0.5,0.0412234639378843,0.014084507042253521,0.2857142857142857,0.15422218818604178
507,0.45714285714285713,1.0,1.0,1.0,0.0,0.6666666666666666,0.5592105263157895,0.45991106319902975,0.0,0.0,0.0,0.0,0.0,0.5,0.08468283209093765,0.4647887323943662,0.42857142857142855,0.16349172920814825
508,0.7000000000000001,0.0,1.0,1.0,0.5,0.6666666666666666,0.6578947368421053,0.8090553833715132,1.0,0.0,0.0,0.0,0.0,0.5,0.10024505183788877,0.056338028169014086,0.42857142857142855,0.2875057436054526
509,0.8857142857142858,1.0,1.0,1.0,0.0,1.0,0.5921052631578947,0.9316803665274221,1.0,1.0,0.0,0.0,0.0,1.0,0.09045075774576244,0.8873239436619719,0.7142857142857142,0.22052892224434575
510,0.5142857142857143,1.0,1.0,0.0,0.0,0.3333333333333333,0.5131578947368421,0.48537932893141084,1.0,0.0,0.0,0.0,0.0,0.5,0.0789158621392363,0.5211267605633803,0.42857142857142855,0.17253790779598713
511,0.8285714285714286,1.0,0.0,0.0,1.0,1.0,0.493421052631579,0.7494946772672146,0.0,0.0,1.0,1.0,0.0,0.5,0.07587980638668348,0.028169014084507043,0.42857142857142855,0.26635013018839027
512,0.6714285714285715,1.0,1.0,0.0,0.5,0.0,0.4342105263157895,0.5480393477967929,0.0,0.0,0.0,0.0,0.0,0.5,0.06693763744894753,0.056338028169014086,0.2857142857142857,0.2599045285138102
513,0.05714285714285714,1.0,0.0,0.0,1.0,0.6666666666666666,0.5657894736842105,0.07047567713246192,1.0,0.0,0.0,0.0,1.0,0.5,0.08803016022620169,0.0,0.2857142857142857,0.03373410935824782
514,0.6714285714285715,0.0,1.0,1.0,0.5,1.0,0.32894736842105265,0.44670529578223955,1.0,1.0,0.0,0.0,0.0,0.5,0.052171693371033626,0.056338028169014086,0.5714285714285714,0.12693368050237402
515,0.028571428571428574,0.0,0.0,1.0,0.0,0.3333333333333333,0.12499999999999997,0.013744778331761218,0.0,1.0,1.0,0.0,0.0,0.0,0.023248507697141062,0.04225352112676056,0.42857142857142855,0.005016082095267269
516,0.6571428571428571,1.0,0.0,1.0,0.5,0.6666666666666666,0.506578947368421,0.6112383775771459,1.0,1.0,0.0,0.0,0.0,1.0,0.0780476066336455,0.04225352112676056,0.5714285714285714,0.17368662888650635
517,0.8714285714285714,1.0,1.0,0.0,0.0,0.6666666666666666,0.6052631578947368,0.9316803665274221,0.0,0.0,0.0,0.0,0.0,1.0,0.09212246511203671,0.8732394366197184,0.2857142857142857,0.4415939143309338
518,0.1857142857142857,0.0,0.0,0.0,0.0,1.0,0.2302631578947368,0.09850424471095538,1.0,0.0,0.0,0.0,0.0,0.5,0.03695974148377541,0.1971830985915493,0.14285714285714285,0.07078036452749273
519,0.8857142857142858,0.0,1.0,1.0,0.5,0.0,0.5197368421052632,0.8342541436464088,0.0,1.0,0.0,0.0,0.0,1.0,0.07963436709902308,0.07042253521126761,0.42857142857142855,0.2964561954357482
520,0.8571428571428572,1.0,0.0,1.0,1.0,1.0,0.18421052631578946,0.38876162242285406,0.0,0.0,1.0,0.0,0.0,1.0,0.031597163208232255,0.028169014084507043,0.42857142857142855,0.13821986521672538
521,0.42857142857142855,0.0,0.0,0.0,0.0,1.0,0.625,0.4768899070206171,1.0,0.0,1.0,1.0,0.0,0.0,0.09482837250311635,0.4366197183098592,0.42857142857142855,0.16952251493337417
522,0.22857142857142856,0.0,0.0,1.0,0.0,0.0,0.45394736842105265,0.1994340385392804,1.0,1.0,0.0,0.0,0.0,0.0,0.06963463990685811,0.23943661971830987,0.42857142857142855,0.07097181804257927
523,0.32857142857142857,1.0,1.0,0.0,0.0,0.6666666666666666,0.375,0.24673224632798813,1.0,1.0,0.0,0.0,0.0,0.5,0.05926013195098963,0.3380281690140845,0.5714285714285714,0.07011027722468985
524,0.3142857142857143,0.0,1.0,1.0,0.0,0.0,0.5131578947368421,0.3035978978574316,1.0,1.0,1.0,0.0,0.0,0.5,0.07970331516616809,0.323943661971831,0.7142857142857142,0.07180144994128759
525,0.7000000000000001,1.0,1.0,1.0,1.0,0.6666666666666666,0.5394736842105263,0.6791537528634954,1.0,0.0,0.0,0.0,0.0,0.5,0.08207351555136663,0.028169014084507043,0.5714285714285714,0.1929851432072293
526,0.9857142857142858,1.0,1.0,0.0,1.0,0.6666666666666666,0.5921052631578947,0.9999999999999999,0.0,0.0,0.0,0.0,0.0,1.0,0.08691261613033525,0.028169014084507043,0.2857142857142857,0.4739495583805586
527,0.3714285714285714,1.0,0.0,0.0,0.5,0.3333333333333333,0.5986842105263158,0.39805956070610427,1.0,1.0,0.0,1.0,0.0,0.5,0.09041086326665967,0.028169014084507043,0.5714285714285714,0.11311073671312606
528,0.19999999999999998,1.0,0.0,0.0,1.0,0.3333333333333333,0.0394736842105263,0.04810672416116426,1.0,1.0,1.0,1.0,0.0,0.5,0.010116242538485705,0.0,0.7142857142857142,0.0113021391739419
529,0.7000000000000001,1.0,0.0,1.0,0.0,0.0,0.08552631578947367,0.215739118717154,0.0,0.0,0.0,1.0,0.0,0.5,0.01724787935909519,0.7042253521126761,0.42857142857142855,0.07676328687394701
530,0.49999999999999994,1.0,1.0,1.0,0.0,1.0,0.5460526315789473,0.49440776175717555,0.0,0.0,0.0,1.0,0.0,0.5,0.08322861032568855,0.5070422535211268,0.5714285714285714,0.14048858937050085
531,0.09999999999999999,1.0,0.0,0.0,0.0,0.6666666666666666,0.625,0.1191214122085972,1.0,0.0,0.0,0.0,1.0,0.5,0.09260131950989632,0.11267605633802817,0.2857142857142857,0.05677234900699443
532,0.028571428571428574,1.0,0.0,1.0,1.0,0.6666666666666666,0.20394736842105263,0.018865382023985983,0.0,1.0,0.0,0.0,0.0,0.5,0.035186930568645934,0.0,0.42857142857142855,0.00683489048858937
533,0.8714285714285714,0.0,0.0,1.0,0.5,0.6666666666666666,0.006578947368421045,0.1731572564344428,0.0,1.0,0.0,1.0,0.0,0.5,0.006551944300872581,0.07042253521126761,0.42857142857142855,0.06163845918211058
534,0.6571428571428571,1.0,1.0,0.0,0.5,0.3333333333333333,0.21710526315789472,0.3308179490634685,0.0,0.0,1.0,1.0,0.0,0.0,0.036316602161750255,0.04225352112676056,0.5714285714285714,0.09400367590748966
535,0.8571428571428572,0.0,1.0,1.0,0.0,0.3333333333333333,0.256578947368421,0.47810268157930197,1.0,1.0,1.0,1.0,0.0,0.0,0.04184113348063225,0.8591549295774648,0.8571428571428571,0.0968864188346498
536,0.44285714285714284,0.0,1.0,1.0,0.0,0.3333333333333333,0.506578947368421,0.41517315725643444,1.0,1.0,1.0,1.0,0.0,0.5,0.07796300659754948,0.4507042253521127,0.8571428571428571,0.08411373432816227
537,0.17142857142857143,1.0,1.0,0.0,1.0,0.6666666666666666,0.032894736842105254,0.04339037865516777,0.0,0.0,1.0,0.0,0.0,0.5,0.011165083738128037,0.0,0.42857142857142855,0.015546025425026803
538,0.0,0.0,1.0,0.0,0.0,1.0,0.14473684210526314,0.004716345505996497,0.0,0.0,0.0,1.0,0.0,1.0,0.03298774740810556,0.014084507042253521,0.2857142857142857,0.0025910042375044667
539,0.4714285714285714,1.0,0.0,1.0,0.5,0.0,0.5921052631578947,0.5000673763643714,0.0,0.0,0.0,1.0,0.0,0.5,0.09006486666297056,0.028169014084507043,0.42857142857142855,0.17775501608209526
540,0.8714285714285714,0.0,1.0,1.0,0.0,0.0,0.10526315789473684,0.2963212505053227,1.0,0.0,0.0,0.0,0.0,0.0,0.020446322702258976,0.8732394366197184,0.42857142857142855,0.10538558737938429
541,1.0,1.0,1.0,0.0,0.0,0.0,0.5,0.9129497372321789,0.0,1.0,1.0,1.0,0.0,0.5,0.07692716146075321,1.0,0.7142857142857142,0.2160935824781743
542,0.42857142857142855,0.0,1.0,0.0,0.5,0.0,0.24342105263157895,0.23204419889502761,0.0,1.0,1.0,0.0,0.0,0.5,0.03958529688972667,0.028169014084507043,0.42857142857142855,0.08255475570531474
543,0.9,0.0,0.0,0.0,0.0,0.6666666666666666,0.4407894736842105,0.7396577280689933,1.0,1.0,0.0,0.0,0.0,0.0,0.0678457822808671,0.9014084507042254,0.2857142857142857,0.3506534946648287
544,0.34285714285714286,0.0,0.0,1.0,0.5,0.6666666666666666,0.05263157894736842,0.09136235008758926,1.0,0.0,0.0,1.0,0.0,0.0,0.01289349670122526,0.028169014084507043,0.42857142857142855,0.032585388267728596
545,0.5285714285714286,1.0,0.0,1.0,0.5,0.6666666666666666,0.19078947368421054,0.24632798814175985,0.0,1.0,1.0,0.0,0.0,1.0,0.03249169105610397,0.04225352112676056,0.5714285714285714,0.06999540511563793
546,0.1857142857142857,0.0,1.0,0.0,0.0,0.6666666666666666,0.2828947368421052,0.1200646813097965,0.0,0.0,0.0,0.0,0.0,0.0,0.047731250841524166,0.1971830985915493,0.14285714285714285,0.08609664573441568
547,0.09999999999999999,0.0,1.0,0.0,0.5,0.6666666666666666,0.5657894736842105,0.11144050667026005,1.0,1.0,1.0,1.0,1.0,0.5,0.08588595664467483,0.0,0.7142857142857142,0.026299331189053962
548,0.7571428571428571,1.0,0.0,0.0,0.0,0.6666666666666666,0.375,0.5538337151327314,0.0,0.0,1.0,1.0,0.0,0.5,0.058784514957936254,0.7605633802816901,0.42857142857142855,0.19685250421197734
549,0.014285714285714285,1.0,1.0,1.0,0.0,0.6666666666666666,0.032894736842105254,0.004312087319768225,0.0,0.0,1.0,0.0,0.0,0.5,0.008482563619227144,0.028169014084507043,0.5714285714285714,0.0012253024965538366
550,0.7857142857142857,1.0,1.0,1.0,0.5,0.0,0.5328947368421053,0.7535372591294973,0.0,0.0,0.0,0.0,0.0,0.0,0.08115659081728828,0.056338028169014086,0.42857142857142855,0.2677860315515393
551,0.8571428571428572,1.0,1.0,1.0,0.0,0.3333333333333333,0.0394736842105263,0.20563266406144723,0.0,1.0,1.0,0.0,0.0,1.0,0.010599341790145392,0.8591549295774648,0.7142857142857142,0.04860366569663553
552,0.3,1.0,1.0,0.0,0.0,0.3333333333333333,0.618421052631579,0.3327044872658671,0.0,0.0,1.0,1.0,0.0,0.5,0.09317967612029816,0.3098591549295775,0.5714285714285714,0.09453974574973197
553,0.4857142857142857,0.0,0.0,0.0,1.0,0.6666666666666666,0.14473684210526314,0.1894623366123164,1.0,1.0,1.0,1.0,0.0,0.5,0.02504375925676585,0.014084507042253521,0.5714285714285714,0.053836728442334204
554,0.21428571428571427,1.0,1.0,1.0,0.0,0.6666666666666666,0.3223684210526315,0.14728473251583343,1.0,0.0,1.0,0.0,0.0,0.5,0.05201460885956645,0.22535211267605634,0.7142857142857142,0.03478710369122377
555,0.7000000000000001,1.0,1.0,1.0,1.0,0.6666666666666666,0.05263157894736842,0.18110766743026546,0.0,0.0,0.0,0.0,0.0,0.5,0.012403393025447691,0.028169014084507043,0.42857142857142855,0.064462398529637
556,0.6,1.0,1.0,1.0,1.0,0.3333333333333333,0.375,0.4421237030049858,1.0,1.0,1.0,0.0,0.0,0.5,0.059027245029919115,0.014084507042253521,0.8571428571428571,0.08958383475920619
557,0.22857142857142856,0.0,1.0,1.0,0.0,1.0,0.32894736842105265,0.1561784126128554,0.0,0.0,0.0,1.0,0.0,0.0,0.051837888784165884,0.23943661971830987,0.42857142857142855,0.05560767345688467
558,0.8142857142857143,0.0,1.0,0.0,0.0,0.6666666666666666,0.2763157894736842,0.47702465974935987,0.0,0.0,1.0,0.0,0.0,1.0,0.044557834183756376,0.8169014084507042,0.2857142857142857,0.22627252769694187
559,0.014285714285714285,1.0,1.0,0.0,0.0,0.3333333333333333,0.02631578947368421,0.006602883708395095,1.0,0.0,1.0,0.0,0.0,0.5,0.01649387370405278,0.028169014084507043,0.5714285714285714,0.0018762444478480622
560,0.04285714285714286,1.0,1.0,1.0,0.0,0.6666666666666666,0.5789473684210527,0.05807842608812828,0.0,0.0,1.0,0.0,1.0,0.5,0.09165881244109331,0.056338028169014086,0.5714285714285714,0.01650329300045949
561,0.5428571428571429,1.0,1.0,1.0,1.0,0.3333333333333333,0.5328947368421053,0.5254008893680097,0.0,1.0,1.0,1.0,0.0,0.5,0.08136977693999371,0.014084507042253521,0.8571428571428571,0.10648644509113188
562,0.07142857142857142,1.0,1.0,0.0,0.5,0.6666666666666666,0.42105263157894735,0.06508556798275164,1.0,1.0,1.0,0.0,1.0,1.0,0.06487590323594093,0.0,0.7142857142857142,0.015322662990759177
563,0.9714285714285714,0.0,1.0,1.0,0.0,0.6666666666666666,0.381578947368421,0.7178277860126667,1.0,1.0,1.0,0.0,0.0,0.5,0.059760411971205726,0.971830985915493,0.7142857142857142,0.1698894675039567
564,0.9714285714285714,1.0,1.0,1.0,0.5,0.3333333333333333,0.4605263157894737,0.829133539954184,0.0,0.0,0.0,1.0,0.0,0.5,0.07104317775136937,0.07042253521126761,0.5714285714285714,0.23560269566549244
565,0.2714285714285714,0.0,1.0,0.0,1.0,0.3333333333333333,0.09868421052631579,0.0912275973588465,1.0,1.0,0.0,0.0,0.0,0.0,0.019368520263901977,0.0,0.42857142857142855,0.03253752488895696
566,0.9,1.0,0.0,0.0,0.0,0.3333333333333333,0.618421052631579,0.9749359924538471,0.0,0.0,0.0,0.0,0.0,0.0,0.09355855325164938,0.9014084507042254,0.14285714285714285,0.693387195588911
567,0.21428571428571427,0.0,1.0,0.0,0.5,1.0,0.19078947368421054,0.10146880474329603,1.0,0.0,1.0,1.0,0.0,0.0,0.031986333647502356,0.014084507042253521,0.5714285714285714,0.028832899372032473
568,0.7142857142857143,1.0,1.0,1.0,0.5,0.6666666666666666,0.4342105263157895,0.5871176391321924,1.0,0.0,0.0,0.0,0.0,0.5,0.06758330099240449,0.056338028169014086,0.5714285714285714,0.16683259304640835
569,0.5142857142857143,0.0,1.0,1.0,0.0,1.0,0.4013157894736842,0.4014283789246732,1.0,1.0,1.0,1.0,0.0,0.5,0.06304608095371525,0.5211267605633803,0.8571428571428571,0.08132398310832986
570,0.9714285714285714,0.0,0.0,1.0,0.0,0.3333333333333333,0.42105263157894735,0.7748281902708529,0.0,1.0,0.0,0.0,0.0,0.0,0.0655383900886503,0.971830985915493,0.2857142857142857,0.3673099504773574
571,0.5857142857142857,0.0,1.0,1.0,0.5,0.0,0.5789473684210527,0.6094865921034901,1.0,1.0,0.0,0.0,0.0,0.5,0.0886181051119788,0.04225352112676056,0.5714285714285714,0.17318884974728135
572,0.8,1.0,1.0,0.0,0.0,0.0,0.19736842105263155,0.37609486592103486,1.0,1.0,0.0,0.0,0.0,1.0,0.03318616994890619,0.8028169014084507,0.5714285714285714,0.10686935212130495
573,0.9285714285714286,0.0,0.0,1.0,0.0,1.0,0.493421052631579,0.8407222746260611,0.0,1.0,1.0,0.0,0.0,0.5,0.07610030560077685,0.9295774647887324,0.42857142857142855,0.29875363761678664
574,0.11428571428571427,1.0,0.0,0.0,0.5,1.0,0.39473684210526316,0.09432691011992991,1.0,1.0,1.0,0.0,1.0,0.0,0.061577128495130376,0.0,0.5714285714285714,0.02680349211211518
575,0.9,1.0,0.0,1.0,0.5,1.0,0.05263157894736842,0.23676054440102412,1.0,0.0,1.0,0.0,0.0,0.0,0.012885838831291234,0.07042253521126761,0.5714285714285714,0.0672767652014091
576,0.3,1.0,1.0,1.0,0.0,0.0,0.2763157894736842,0.18137717288775096,1.0,1.0,1.0,0.0,0.0,0.5,0.04506897438094422,0.3098591549295775,0.8571428571428571,0.03666061308885631
577,0.4714285714285714,1.0,1.0,0.0,0.0,0.3333333333333333,0.5526315789473684,0.4739253469882765,1.0,1.0,1.0,1.0,0.0,1.0,0.08468703221156512,0.47887323943661975,0.8571428571428571,0.096038553267838
578,0.7714285714285715,1.0,1.0,1.0,0.0,1.0,0.21052631578947364,0.3808112114270314,0.0,1.0,1.0,1.0,0.0,0.0,0.03547253877131351,0.7746478873239436,0.8571428571428571,0.07713935627858128
579,0.39999999999999997,0.0,0.0,1.0,0.0,0.3333333333333333,0.3223684210526315,0.2646543592507748,1.0,1.0,1.0,0.0,0.0,1.0,0.05109038317787383,0.4084507042253521,0.5714285714285714,0.07520294072599173
580,0.5285714285714286,1.0,1.0,1.0,0.0,0.6666666666666666,0.3223684210526315,0.35130036383236757,1.0,1.0,0.0,1.0,0.0,1.0,0.051813085966565794,0.5352112676056339,0.8571428571428571,0.0711495963065882
581,0.24285714285714283,1.0,1.0,1.0,0.0,0.6666666666666666,0.4078947368421053,0.1970084894219108,0.0,1.0,0.0,0.0,0.0,0.5,0.0640904806786051,0.2535211267605634,0.5714285714285714,0.05598100781130341
582,1.0,1.0,0.0,1.0,0.0,0.3333333333333333,0.5855263157894737,0.9999999999999999,0.0,0.0,0.0,0.0,0.0,0.5,0.08550264831211586,1.0,0.2857142857142857,0.4739495583805586
583,0.9142857142857143,1.0,0.0,1.0,0.0,0.6666666666666666,0.11842105263157895,0.3248888289987872,0.0,1.0,1.0,1.0,0.0,0.5,0.021967664757485676,0.9154929577464789,0.7142857142857142,0.07684305917189974
584,0.0,0.0,0.0,0.0,0.0,0.3333333333333333,0.3355263157894737,0.008489421910793693,0.0,0.0,1.0,1.0,1.0,0.5,0.05937794533459001,0.014084507042253521,0.2857142857142857,0.004377903711645479
585,0.04285714285714286,1.0,0.0,0.0,0.0,0.0,0.2828947368421052,0.03422719310066029,0.0,1.0,0.0,0.0,0.0,0.0,0.04995287464655984,0.056338028169014086,0.2857142857142857,0.016567110838821668
586,0.04285714285714286,1.0,0.0,1.0,0.0,0.0,0.19736842105263155,0.026546287562323134,0.0,0.0,0.0,0.0,0.0,0.5,0.03652214891611687,0.056338028169014086,0.2857142857142857,0.012929494052177463
587,0.3714285714285714,0.0,1.0,1.0,0.0,0.3333333333333333,0.6052631578947368,0.4039886807707856,0.0,0.0,1.0,1.0,0.0,0.5,0.09194680071211644,0.38028169014084506,0.5714285714285714,0.11479552764588757
588,0.6,0.0,0.0,0.0,1.0,0.0,0.006578947368421045,0.11723487400619861,0.0,0.0,0.0,0.0,0.0,0.5,0.00618109286982443,0.014084507042253521,0.0,0.1687088374942564
589,0.8285714285714286,1.0,0.0,1.0,0.0,0.3333333333333333,0.08552631578947367,0.25360463549386875,0.0,0.0,1.0,0.0,0.0,0.5,0.017092924807105545,0.8309859154929577,0.42857142857142855,0.09021289630877623
590,0.44285714285714284,1.0,1.0,0.0,0.5,0.6666666666666666,1.0,0.4007546152809594,1.0,1.0,1.0,0.0,0.0,0.5,0.0748114985862394,0.028169014084507043,0.7142857142857142,0.09480778067085312
591,0.45714285714285713,0.0,1.0,0.0,1.0,0.0,0.1776315789473684,0.20428513677401966,0.0,1.0,0.0,0.0,0.0,1.0,0.03050295604489761,0.014084507042253521,0.2857142857142857,0.09710522285189156
592,0.3857142857142857,1.0,0.0,1.0,0.0,0.0,0.48026315789473684,0.3482010510712842,0.0,1.0,1.0,1.0,0.0,0.5,0.07425609263498048,0.3943661971830986,0.7142857142857142,0.08236330219022821
593,0.7714285714285715,0.0,1.0,0.0,1.0,0.6666666666666666,0.5526315789473684,0.7649912410726316,0.0,1.0,0.0,0.0,0.0,0.0,0.08432867791962985,0.028169014084507043,0.2857142857142857,0.36265124827691836
594,0.8428571428571429,0.0,0.0,0.0,0.0,0.0,0.17105263157894737,0.3657189058078426,1.0,1.0,1.0,1.0,0.0,0.0,0.02965755576500157,0.8450704225352113,0.5714285714285714,0.10392096798897228
595,0.9857142857142858,1.0,1.0,0.0,0.0,0.0,0.13157894736842105,0.3676054440102412,1.0,0.0,1.0,1.0,0.0,1.0,0.02372424936044163,0.9859154929577465,0.7142857142857142,0.0869581865523051
596,0.8714285714285714,0.0,1.0,1.0,0.0,0.3333333333333333,0.09868421052631579,0.28742757040830075,1.0,1.0,0.0,1.0,0.0,1.0,0.01944300872579125,0.8732394366197184,0.7142857142857142,0.06797237963955685
597,0.4714285714285714,0.0,1.0,1.0,0.0,0.6666666666666666,0.13815789473684212,0.1828594529039213,0.0,1.0,1.0,1.0,0.0,0.0,0.024810112546432332,0.47887323943661975,0.7142857142857142,0.0432110583550314
598,0.7857142857142857,0.0,1.0,0.0,0.0,0.0,0.1776315789473684,0.3514351165611103,1.0,1.0,0.0,0.0,0.0,0.5,0.0309344284367847,0.7887323943661972,0.42857142857142855,0.12496170929698269
599,0.17142857142857143,0.0,1.0,1.0,0.0,0.6666666666666666,0.5723684210526315,0.1847459911063199,1.0,0.0,1.0,1.0,0.0,0.5,0.08721815413615601,0.18309859154929578,0.7142857142857142,0.04365778322356666
600,0.7857142857142857,0.0,1.0,0.0,0.5,0.0,0.506578947368421,0.729281767955801,1.0,0.0,0.0,0.0,0.0,0.5,0.07812710381042143,0.056338028169014086,0.2857142857142857,0.345739521110941
601,0.24285714285714283,1.0,1.0,1.0,1.0,1.0,0.006578947368421045,0.04568117504379463,1.0,0.0,1.0,0.0,0.0,0.5,0.005288511886061366,0.0,0.7142857142857142,0.01072777862868229
602,0.7571428571428571,0.0,1.0,1.0,0.0,1.0,0.5789473684210527,0.7800835466918205,0.0,1.0,0.0,0.0,0.0,0.5,0.08808950326386707,0.7605633802816901,0.42857142857142855,0.2772151171695512
603,0.6,0.0,1.0,0.0,0.0,1.0,0.05263157894736842,0.16062525266136637,0.0,1.0,0.0,0.0,0.0,0.0,0.013238936501326085,0.6056338028169014,0.2857142857142857,0.07642824322254557
604,0.5428571428571429,0.0,1.0,0.0,0.0,0.6666666666666666,0.4342105263157895,0.4487265867133809,1.0,0.0,1.0,0.0,0.0,0.5,0.06761884047463688,0.5492957746478874,0.42857142857142855,0.15951906877010263
605,0.8571428571428572,1.0,0.0,0.0,0.0,0.6666666666666666,0.10526315789473684,0.28864034496698554,0.0,1.0,1.0,1.0,0.0,0.0,0.020117118091500442,0.8591549295774648,0.5714285714285714,0.08201868586307244
606,0.5857142857142857,1.0,1.0,0.0,0.5,0.6666666666666666,0.04605263157894737,0.148632259803261,1.0,0.0,0.0,0.0,0.0,0.5,0.01187110093801894,0.04225352112676056,0.42857142857142855,0.05292732424567315
607,0.24285714285714283,1.0,1.0,1.0,0.0,0.0,0.5,0.22907963886268695,1.0,1.0,0.0,1.0,0.0,0.5,0.07655251858833385,0.2535211267605634,0.8571428571428571,0.04634269085180404
608,0.3142857142857143,0.0,1.0,1.0,0.0,0.3333333333333333,0.3092105263157895,0.20549791133270448,0.0,1.0,0.0,0.0,0.0,1.0,0.04987091751014219,0.323943661971831,0.42857142857142855,0.07312567008730281
609,0.7571428571428571,1.0,1.0,0.0,0.5,0.6666666666666666,0.39473684210526316,0.5802452499663118,0.0,0.0,0.0,1.0,0.0,0.5,0.06220546654099905,0.056338028169014086,0.42857142857142855,0.20623372645121765
610,0.41428571428571426,1.0,1.0,1.0,1.0,0.6666666666666666,0.2828947368421052,0.2509095809190136,0.0,0.0,0.0,0.0,0.0,1.0,0.045743009739239705,0.014084507042253521,0.42857142857142855,0.08925562873334354
611,0.8142857142857143,0.0,1.0,0.0,0.0,1.0,0.04605263157894737,0.20590216951893275,1.0,0.0,1.0,1.0,0.0,0.5,0.011862588969417269,0.8169014084507042,0.5714285714285714,0.0585081942104457
612,0.9571428571428572,1.0,0.0,1.0,0.0,0.0,0.48684210526315785,0.8610699366662175,0.0,1.0,0.0,1.0,0.0,0.5,0.07556689028108887,0.9577464788732395,0.5714285714285714,0.24467759228059427
613,0.9428571428571428,1.0,0.0,1.0,0.0,0.6666666666666666,0.5460526315789473,0.9186093518393746,1.0,0.0,0.0,0.0,0.0,1.0,0.08289842024561453,0.943661971830986,0.42857142857142855,0.32641867054679125
614,1.0,1.0,0.0,1.0,0.0,0.6666666666666666,0.032894736842105254,0.22624983155908907,1.0,1.0,0.0,0.0,0.0,0.5,0.009279048466102932,1.0,0.5714285714285714,0.06429009036605912
615,0.24285714285714283,0.0,1.0,1.0,0.0,0.6666666666666666,0.24999999999999997,0.13785204150384045,1.0,1.0,1.0,1.0,0.0,0.5,0.041103780500575976,0.2535211267605634,0.8571428571428571,0.02782640089272039
616,0.0857142857142857,1.0,1.0,0.0,0.0,0.6666666666666666,0.368421052631579,0.06926290257377711,0.0,1.0,0.0,0.0,1.0,0.5,0.05789686279789956,0.09859154929577466,0.42857142857142855,0.02473579414918058
617,0.5571428571428572,0.0,1.0,0.0,1.0,0.6666666666666666,0.4013157894736842,0.4347123029241342,1.0,0.0,0.0,1.0,0.0,0.5,0.06314797360980207,0.014084507042253521,0.42857142857142855,0.15454127737785267
618,0.9857142857142858,0.0,0.0,0.0,0.0,0.6666666666666666,0.381578947368421,0.7329200916318555,1.0,0.0,0.0,0.0,0.0,0.5,0.06022620169651273,0.9859154929577465,0.14285714285714285,0.5214619390412009
619,0.9142857142857143,1.0,0.0,1.0,0.0,0.0,0.4605263157894737,0.779814041234335,0.0,1.0,0.0,0.0,0.0,0.5,0.07092003190023925,0.9154929577464789,0.42857142857142855,0.27711939041200795
620,0.9571428571428572,1.0,1.0,1.0,0.0,0.0,0.6381578947368421,0.9999999999999999,1.0,0.0,0.0,1.0,0.0,0.0,0.08985696069191107,0.9577464788732395,0.7142857142857142,0.23670674426915814
621,0.6857142857142857,1.0,1.0,1.0,0.0,0.6666666666666666,0.26315789473684215,0.38781835332165476,1.0,1.0,0.0,0.0,0.0,1.0,0.04243205293427456,0.6901408450704225,0.7142857142857142,0.09174452442946852
622,0.7285714285714286,1.0,1.0,1.0,0.5,0.0,0.368421052631579,0.5313300094326909,1.0,1.0,0.0,1.0,0.0,0.0,0.05852606394547959,0.056338028169014086,0.8571428571428571,0.10768986718596155
623,0.39999999999999997,0.0,0.0,1.0,0.0,1.0,0.4605263157894737,0.350491847459911,1.0,0.0,1.0,1.0,0.0,0.5,0.07179303844778835,0.4084507042253521,0.5714285714285714,0.09959411854801654
624,0.2857142857142857,0.0,0.0,1.0,0.0,0.3333333333333333,0.39473684210526316,0.22045546422315052,0.0,0.0,0.0,0.0,0.0,0.5,0.06085902787128046,0.29577464788732394,0.14285714285714285,0.15741308010415073
625,0.11428571428571427,0.0,1.0,1.0,0.0,0.6666666666666666,0.256578947368421,0.0689933971162916,0.0,0.0,0.0,0.0,0.0,0.5,0.04188920305791182,0.1267605633802817,0.2857142857142857,0.03303211313626385
626,0.6571428571428571,1.0,0.0,1.0,0.0,0.0,0.4144736842105263,0.5201455329470421,1.0,0.0,1.0,0.0,0.0,0.5,0.0644915475163936,0.6619718309859155,0.5714285714285714,0.14780211364680654
627,0.5857142857142857,0.0,1.0,1.0,0.0,0.0,0.4342105263157895,0.4778331761218164,1.0,1.0,0.0,1.0,0.0,0.5,0.06669359544006104,0.5915492957746479,0.7142857142857142,0.11305968244243632
628,0.7142857142857143,0.0,0.0,1.0,0.0,0.6666666666666666,0.38815789473684215,0.535237838566231,0.0,0.0,1.0,0.0,0.0,0.5,0.060468296649479766,0.7183098591549296,0.2857142857142857,0.2538418338694032
629,0.7857142857142857,1.0,0.0,1.0,0.0,0.3333333333333333,0.13815789473684212,0.3046759196873737,0.0,0.0,1.0,0.0,0.0,1.0,0.025094250706880303,0.7887323943661972,0.42857142857142855,0.10835311686322562
630,0.7142857142857143,0.0,0.0,1.0,0.0,1.0,0.3355263157894737,0.4822800161703274,0.0,1.0,0.0,0.0,0.0,0.5,0.0532054480604683,0.7183098591549296,0.2857142857142857,0.22876142339306685
631,0.9857142857142858,1.0,1.0,0.0,0.0,0.0,0.5855263157894737,0.9999999999999999,1.0,0.0,0.0,1.0,0.0,1.0,0.08691261613033525,0.9859154929577465,0.5714285714285714,0.2841553070914382
632,0.2714285714285714,1.0,1.0,1.0,0.5,0.6666666666666666,0.5723684210526315,0.28621479584961595,1.0,0.0,0.0,0.0,0.0,0.5,0.08755890669180019,0.014084507042253521,0.5714285714285714,0.08132945320876092
633,0.3714285714285714,1.0,1.0,0.0,0.5,0.6666666666666666,0.5,0.34348470556528765,0.0,1.0,0.0,0.0,0.0,0.5,0.07627325723461444,0.028169014084507043,0.42857142857142855,0.12213776994945627
634,0.5285714285714286,1.0,1.0,1.0,0.5,1.0,0.4605263157894737,0.4543862013205767,0.0,0.0,1.0,0.0,0.0,0.0,0.07078724143062652,0.04225352112676056,0.5714285714285714,0.12911625057436055
635,0.9142857142857143,1.0,0.0,0.0,1.0,0.6666666666666666,0.10526315789473684,0.3092575124646274,1.0,1.0,1.0,1.0,0.0,0.5,0.020285652142391065,0.028169014084507043,0.7142857142857142,0.07314162454689334
636,0.7571428571428571,0.0,1.0,1.0,0.0,1.0,0.30263157894736836,0.4785069397655302,1.0,0.0,0.0,0.0,0.0,1.0,0.049027821412364295,0.7605633802816901,0.42857142857142855,0.17009687547863378
637,0.32857142857142857,1.0,1.0,0.0,1.0,0.6666666666666666,0.07894736842105263,0.09809998652472711,1.0,1.0,0.0,0.0,0.0,0.5,0.01594407791391769,0.014084507042253521,0.5714285714285714,0.027875631796599788
638,0.6571428571428571,1.0,0.0,1.0,0.0,0.0,0.5394736842105263,0.6412882360867808,1.0,0.0,1.0,0.0,0.0,0.0,0.08251950187498747,0.6619718309859155,0.5714285714285714,0.1822254556593659
639,1.0,0.0,1.0,0.0,0.0,1.0,1.0,0.4701522705834793,0.0,0.0,0.0,0.0,0.0,0.5,0.03330634134685588,1.0,0.14285714285714285,0.3347947618318272
640,0.8857142857142858,0.0,1.0,1.0,0.0,1.0,0.506578947368421,0.8175448052823069,0.0,1.0,0.0,1.0,0.0,0.5,0.07777927382074412,0.8873239436619719,0.5714285714285714,0.232309695206004
641,0.8,1.0,1.0,1.0,0.0,0.0,0.5394736842105263,0.776984233930737,1.0,1.0,0.0,1.0,0.0,0.5,0.08237842485573027,0.8028169014084507,0.8571428571428571,0.1575498326149268
642,0.7714285714285715,1.0,1.0,0.0,1.0,1.0,0.5921052631578947,0.8086511251852849,1.0,0.0,0.0,0.0,0.0,0.0,0.08988090137948761,0.028169014084507043,0.42857142857142855,0.2873621534691377
643,0.8428571428571429,1.0,1.0,1.0,0.0,0.6666666666666666,0.5,0.7713246193235412,0.0,0.0,1.0,1.0,0.0,0.0,0.07693999371661954,0.8450704225352113,0.7142857142857142,0.18255730841884923
644,0.8714285714285714,1.0,0.0,0.0,0.0,0.6666666666666666,0.375,0.636706643309527,1.0,0.0,1.0,0.0,0.0,0.5,0.05884588489252379,0.8732394366197184,0.42857142857142855,0.2262884821565324
645,0.41428571428571426,0.0,1.0,1.0,0.0,0.6666666666666666,0.39473684210526316,0.3199029780353052,0.0,1.0,0.0,0.0,0.0,0.5,0.061828463713477846,0.4225352112676056,0.42857142857142855,0.11376167866442029
646,0.3,1.0,0.0,1.0,0.0,0.6666666666666666,0.21710526315789472,0.9999999999999999,0.0,1.0,0.0,1.0,0.0,0.5,0.30532944906177706,0.3098591549295775,0.5714285714285714,0.2841553070914382
647,0.39999999999999997,1.0,1.0,0.0,0.0,1.0,0.11842105263157895,0.1467457216008624,0.0,0.0,1.0,0.0,0.0,1.0,0.022652669895024215,0.4084507042253521,0.42857142857142855,0.052257236942870273
648,0.5714285714285715,0.0,1.0,1.0,0.0,1.0,0.09210526315789472,0.18232044198895028,0.0,0.0,0.0,0.0,0.0,0.5,0.018229465989287603,0.5774647887323944,0.2857142857142857,0.0867029151988564
649,0.5857142857142857,1.0,1.0,1.0,0.0,0.6666666666666666,0.12499999999999997,0.21250505322732785,0.0,1.0,0.0,0.0,0.0,0.5,0.02250796642879583,0.5915492957746479,0.5714285714285714,0.060384438658293765
650,0.9142857142857143,1.0,1.0,0.0,1.0,0.6666666666666666,0.618421052631579,0.991645330817949,0.0,0.0,1.0,0.0,0.0,0.5,0.09371420285652142,0.028169014084507043,0.42857142857142855,0.352360621841017
651,0.42857142857142855,1.0,1.0,0.0,0.0,0.6666666666666666,0.11184210526315788,0.14849750707451825,1.0,1.0,0.0,1.0,0.0,0.0,0.02073515551366635,0.4366197183098592,0.7142857142857142,0.03507428396385358
652,0.41428571428571426,0.0,1.0,0.0,0.0,0.3333333333333333,0.48026315789473684,0.372726047702466,0.0,1.0,1.0,0.0,0.0,0.5,0.07414388941250392,0.4225352112676056,0.42857142857142855,0.1325241231429009
653,0.24285714285714283,1.0,1.0,1.0,0.5,0.6666666666666666,0.12499999999999997,0.09203611373130305,1.0,0.0,1.0,0.0,0.0,0.0,0.02330086920096345,0.014084507042253521,0.7142857142857142,0.02170444682697708
654,0.22857142857142856,1.0,1.0,1.0,1.0,1.0,0.6447368421052632,0.26613663926694514,1.0,1.0,0.0,0.0,0.0,0.5,0.09707822808671064,0.0,0.7142857142857142,0.06293077040894471
655,0.5285714285714286,1.0,1.0,1.0,0.0,0.6666666666666666,0.24342105263157895,0.2903921304406414,1.0,1.0,1.0,1.0,0.0,1.0,0.04060221241132993,0.5352112676056339,1.0,0.05137176443559504
656,0.1857142857142857,1.0,1.0,1.0,0.0,0.3333333333333333,0.2763157894736842,0.1141355612451152,0.0,0.0,1.0,1.0,0.0,0.5,0.04476908576814326,0.1971830985915493,0.7142857142857142,0.026937509572675756
657,0.7857142857142857,0.0,0.0,0.0,1.0,0.6666666666666666,0.26973684210526316,0.4546557067780622,1.0,1.0,0.0,0.0,0.0,0.5,0.04382657869934024,0.028169014084507043,0.2857142857142857,0.21567876652882012
658,0.3,1.0,0.0,1.0,0.0,1.0,0.5394736842105263,0.29928581053766334,0.0,0.0,0.0,1.0,0.0,0.5,0.08255505098106418,0.3098591549295775,0.42857142857142855,0.10643858171236024
659,0.9428571428571428,1.0,1.0,1.0,0.0,0.0,0.14473684210526314,0.37582536046354936,0.0,0.0,0.0,0.0,0.0,0.5,0.02623545795996455,0.943661971830986,0.42857142857142855,0.1336249808546485
660,0.7857142857142857,0.0,1.0,1.0,0.0,1.0,0.5526315789473684,0.7756367066433095,1.0,0.0,1.0,1.0,0.0,0.5,0.0839167900902114,0.7887323943661972,0.7142857142857142,0.1835783938326441
661,0.2571428571428571,1.0,0.0,0.0,1.0,0.0,0.4342105263157895,0.2166823878183533,0.0,1.0,1.0,1.0,0.0,1.0,0.06726524133141525,0.0,0.5714285714285714,0.061571450451830295
662,0.8,1.0,1.0,0.0,1.0,0.0,0.1513157894736842,0.32259803261016035,0.0,1.0,0.0,1.0,0.0,0.5,0.026621690890751858,0.028169014084507043,0.5714285714285714,0.09166794302343391
663,0.6142857142857143,1.0,0.0,0.0,1.0,1.0,0.04605263157894737,0.15483088532542783,0.0,0.0,1.0,1.0,0.0,0.5,0.011717076514437496,0.014084507042253521,0.42857142857142855,0.05512903966916833
664,0.4857142857142857,0.0,1.0,1.0,0.0,1.0,0.5131578947368421,0.45735076135291736,1.0,1.0,0.0,0.0,0.0,0.5,0.07857816076477715,0.49295774647887325,0.5714285714285714,0.1299586460407413
665,0.0,1.0,0.0,0.0,0.0,0.3333333333333333,0.14473684210526314,0.00363832367605444,0.0,0.0,0.0,0.0,0.0,0.5,0.025447690857681435,0.014084507042253521,0.14285714285714285,0.0033887272170317045
666,0.7285714285714286,0.0,1.0,0.0,0.0,0.0,0.5855263157894737,0.7632394555989759,0.0,0.0,0.0,1.0,0.0,0.0,0.08971942289567171,0.7323943661971831,0.2857142857142857,0.36182161637821003
667,0.9857142857142858,1.0,0.0,1.0,1.0,0.3333333333333333,1.0,0.3107397924807977,1.0,1.0,1.0,1.0,0.0,0.5,0.018042278174229164,0.028169014084507043,0.8571428571428571,0.0629170951578671
668,0.5142857142857143,0.0,1.0,1.0,1.0,0.6666666666666666,0.4078947368421053,0.4046624444144994,1.0,0.0,1.0,1.0,0.0,0.5,0.06365743689023615,0.014084507042253521,0.7142857142857142,0.09573313932710471
669,0.9142857142857143,1.0,1.0,1.0,0.0,1.0,0.4605263157894737,0.7812963212505053,1.0,0.0,0.0,1.0,0.0,0.5,0.07107953309649821,0.9154929577464789,0.7142857142857142,0.18491856843824986
670,0.7142857142857143,0.0,1.0,1.0,0.5,0.3333333333333333,0.4342105263157895,0.5877914027759061,0.0,1.0,0.0,0.0,0.0,0.5,0.06767570364620872,0.056338028169014086,0.42857142857142855,0.20891407566242917
671,0.0,1.0,1.0,0.0,0.0,0.6666666666666666,0.21052631578947364,0.0040425818622827105,1.0,1.0,0.0,0.0,0.0,0.0,0.028275212064090477,0.014084507042253521,0.5714285714285714,0.001148721090519222
672,0.2857142857142857,1.0,0.0,1.0,0.0,0.3333333333333333,0.5789473684210527,0.30184611238377573,1.0,0.0,0.0,0.0,0.0,0.5,0.08796732642161482,0.29577464788732394,0.42857142857142855,0.1073479859090213
673,0.7428571428571429,1.0,1.0,1.0,0.5,0.6666666666666666,0.506578947368421,0.6926290257377712,0.0,1.0,0.0,0.0,0.0,1.0,0.07845926768979068,0.056338028169014086,0.5714285714285714,0.19681421350896003
674,0.21428571428571427,0.0,0.0,0.0,0.0,0.3333333333333333,0.3421052631578947,0.15415712168171405,1.0,1.0,1.0,0.0,0.0,0.0,0.05501885014137606,0.22535211267605634,0.42857142857142855,0.05488972277531016
675,0.8571428571428572,0.0,1.0,0.0,0.0,1.0,0.4013157894736842,0.6589408435520819,0.0,1.0,1.0,0.0,0.0,0.0,0.0625762889942986,0.8591549295774648,0.42857142857142855,0.23418593965385204
676,0.7571428571428571,1.0,0.0,0.0,0.0,0.6666666666666666,0.375,0.5550464896914162,1.0,1.0,1.0,0.0,0.0,0.0,0.05894159946940343,0.7605633802816901,0.5714285714285714,0.15771940572828919
677,0.5571428571428572,1.0,1.0,1.0,1.0,0.3333333333333333,0.625,0.6160894758118851,0.0,0.0,0.0,0.0,0.0,1.0,0.09486333647502357,0.014084507042253521,0.42857142857142855,0.21896538520447237
678,0.35714285714285715,0.0,0.0,1.0,1.0,0.6666666666666666,0.5921052631578947,0.3813502223420024,1.0,0.0,0.0,0.0,0.0,0.5,0.0899006742550569,0.014084507042253521,0.2857142857142857,0.18096186245979476
679,0.9142857142857143,0.0,0.0,1.0,1.0,0.6666666666666666,0.15789473684210528,0.37878992049589,0.0,0.0,0.0,1.0,0.0,0.5,0.027767708257811934,0.028169014084507043,0.2857142857142857,0.17974932353091336
680,0.9,1.0,1.0,1.0,0.5,0.6666666666666666,0.1776315789473684,0.3963077752324484,0.0,0.0,0.0,0.0,0.0,0.0,0.03032221960414703,0.07042253521126761,0.42857142857142855,0.1409002144279369
681,0.6,0.0,0.0,1.0,0.0,0.0,0.6513157894736842,0.6826573238108071,0.0,0.0,0.0,0.0,0.0,1.0,0.09815224776976525,0.6056338028169014,0.14285714285714285,0.48575585847756164
682,0.22857142857142856,0.0,0.0,1.0,0.0,0.3333333333333333,0.15789473684210528,0.09836949198221262,0.0,1.0,0.0,0.0,0.0,0.0,0.028053445694960356,0.23943661971830987,0.2857142857142857,0.04694440189921887
683,0.8285714285714286,0.0,1.0,1.0,1.0,0.6666666666666666,0.631578947368421,0.915105780892063,1.0,1.0,0.0,1.0,0.0,0.5,0.09551270787073277,0.028169014084507043,0.7142857142857142,0.21660412518507174
684,0.3142857142857143,1.0,1.0,1.0,0.0,1.0,0.4276315789473685,0.2612855410322059,1.0,0.0,1.0,0.0,0.0,0.5,0.06683604474859649,0.323943661971831,0.7142857142857142,0.061782049318425486
685,0.0857142857142857,1.0,1.0,1.0,0.5,0.6666666666666666,0.0394736842105263,0.02277321115752594,1.0,1.0,1.0,0.0,0.0,0.0,0.011444728692608052,0.0,0.8571428571428571,0.0044690720521628775
686,0.6142857142857143,1.0,0.0,0.0,0.5,0.0,0.2236842105263158,0.3154561379867942,0.0,0.0,0.0,1.0,0.0,1.0,0.037250449832919204,0.04225352112676056,0.2857142857142857,0.14975493950068924
687,0.7428571428571429,1.0,1.0,0.0,1.0,0.6666666666666666,0.3157894736842105,0.48093248888289986,0.0,1.0,0.0,0.0,0.0,0.5,0.05052193551828997,0.028169014084507043,0.42857142857142855,0.1709584162965232
688,1.0,1.0,1.0,1.0,0.0,0.6666666666666666,0.5526315789473684,0.9863899743969815,1.0,0.0,1.0,0.0,0.0,0.0,0.08416189881987496,1.0,0.7142857142857142,0.23348394343186807
689,0.4714285714285714,0.0,1.0,1.0,0.0,0.6666666666666666,0.21710526315789472,0.2424201590082199,0.0,0.0,0.0,1.0,0.0,0.0,0.037062704440871536,0.47887323943661975,0.42857142857142855,0.08624023587073058
690,0.6428571428571429,0.0,1.0,1.0,0.5,1.0,0.21052631578947364,0.3139738579706239,0.0,1.0,0.0,0.0,0.0,0.5,0.034831782977502765,0.04225352112676056,0.42857142857142855,0.11165568999846838
691,0.9571428571428572,1.0,0.0,1.0,1.0,0.3333333333333333,0.6118421052631579,0.9999999999999999,1.0,1.0,0.0,1.0,0.0,0.5,0.08985696069191107,0.028169014084507043,0.7142857142857142,0.23670674426915814
692,0.21428571428571427,1.0,0.0,1.0,0.5,1.0,0.05263157894736842,0.05726990971567174,0.0,1.0,0.0,0.0,0.0,0.5,0.012664938737040526,0.014084507042253521,0.42857142857142855,0.02047595343850513
693,1.0,1.0,1.0,0.0,0.0,0.6666666666666666,0.368421052631579,0.717693033283924,1.0,1.0,0.0,0.0,0.0,0.5,0.057692052408702926,1.0,0.5714285714285714,0.2039362842701792
694,0.2571428571428571,1.0,1.0,0.0,0.0,1.0,0.3355263157894737,0.17922112922786687,0.0,1.0,1.0,0.0,0.0,0.0,0.05347487474577113,0.26760563380281693,0.5714285714285714,0.05092663501301884
695,0.014285714285714285,1.0,0.0,0.0,0.5,0.0,0.0394736842105263,0.006602883708395095,1.0,0.0,1.0,0.0,0.0,1.0,0.01649387370405278,0.0,0.42857142857142855,0.0024793230203706542
696,0.12857142857142856,1.0,1.0,0.0,0.5,0.6666666666666666,0.05921052631578946,0.0363832367605444,1.0,1.0,0.0,0.0,0.0,1.0,0.01357210179076343,0.0,0.5714285714285714,0.010338489814672997
697,0.7000000000000001,0.0,1.0,0.0,0.5,0.6666666666666666,0.256578947368421,0.38876162242285406,1.0,1.0,0.0,0.0,0.0,0.0,0.04145146088595664,0.056338028169014086,0.42857142857142855,0.13821986521672538
698,0.15714285714285714,1.0,1.0,1.0,0.0,0.6666666666666666,0.09210526315789472,0.05120603692224767,0.0,1.0,0.0,1.0,0.0,0.5,0.017750549795790136,0.16901408450704225,0.7142857142857142,0.012036044315106959
699,0.9857142857142858,0.0,1.0,0.0,1.0,0.0,0.3157894736842105,0.6391321924268966,0.0,0.0,0.0,0.0,0.0,1.0,0.050854988555271305,0.028169014084507043,0.14285714285714285,0.45483611579108596
700,0.3,1.0,1.0,1.0,0.0,1.0,0.4013157894736842,0.24080312626330683,1.0,1.0,1.0,1.0,0.0,0.5,0.06396195698740467,0.3098591549295775,1.0,0.042564902741614334
701,0.44285714285714284,1.0,0.0,0.0,0.5,1.0,0.4605263157894737,0.3836410187306293,0.0,0.0,0.0,1.0,0.0,0.0,0.07107092365692742,0.028169014084507043,0.2857142857142857,0.1820467657119518
702,0.0,1.0,1.0,1.0,0.0,0.6666666666666666,0.36184210526315785,0.006602883708395095,0.0,0.0,0.0,0.0,1.0,0.5,0.046182846371347785,0.014084507042253521,0.42857142857142855,0.0024793230203706542
703,0.7571428571428571,0.0,0.0,1.0,0.0,0.3333333333333333,0.24999999999999997,0.4211022773211157,0.0,1.0,1.0,0.0,0.0,1.0,0.04159248786958494,0.7605633802816901,0.42857142857142855,0.1497070761219176
704,0.8142857142857143,1.0,1.0,0.0,1.0,0.3333333333333333,0.08552631578947367,0.2546826573238108,1.0,1.0,1.0,0.0,0.0,0.0,0.017745133088498167,0.028169014084507043,0.7142857142857142,0.0602185122785521
705,0.9857142857142858,0.0,1.0,1.0,0.0,0.6666666666666666,0.1644736842105263,0.4198895027624309,1.0,0.0,0.0,1.0,0.0,0.5,0.02894843139894978,0.9859154929577465,0.5714285714285714,0.11931383060192985
706,0.24285714285714283,0.0,0.0,1.0,0.0,0.3333333333333333,0.2763157894736842,0.148632259803261,0.0,1.0,1.0,1.0,0.0,0.0,0.04529270080636716,0.2535211267605634,0.5714285714285714,0.042234645428090065
707,0.07142857142857142,1.0,1.0,1.0,0.0,1.0,0.6118421052631579,0.08961056461393342,1.0,1.0,1.0,0.0,1.0,0.5,0.09346528432296576,0.08450704225352113,0.8571428571428571,0.018034921121151785
708,0.6285714285714286,1.0,1.0,1.0,0.5,0.3333333333333333,0.13815789473684212,0.2424201590082199,1.0,0.0,0.0,1.0,0.0,0.5,0.024777463608754845,0.04225352112676056,0.7142857142857142,0.05731480063307296
709,0.3142857142857143,1.0,1.0,0.0,0.0,1.0,0.2763157894736842,0.18744104568117503,1.0,1.0,1.0,1.0,0.0,1.0,0.044379789370159406,0.323943661971831,0.8571428571428571,0.037891385685841196
710,0.3142857142857143,0.0,1.0,0.0,0.0,0.3333333333333333,0.48684210526315785,0.2885055922382428,1.0,1.0,0.0,0.0,0.0,0.5,0.07511371552677949,0.323943661971831,0.42857142857142855,0.1026095114106295
711,0.35714285714285715,0.0,0.0,1.0,1.0,1.0,0.4671052631578947,0.3146476216143377,1.0,0.0,1.0,0.0,0.0,0.5,0.07195678967592256,0.014084507042253521,0.42857142857142855,0.11189500689232655
712,0.0857142857142857,1.0,1.0,1.0,0.0,0.3333333333333333,0.6381578947368421,0.10982347392534697,0.0,1.0,0.0,1.0,1.0,0.0,0.09842466675642925,0.09859154929577466,0.7142857142857142,0.025916424158880888
713,0.6142857142857143,0.0,0.0,0.0,0.0,0.6666666666666666,0.13157894736842105,0.22813636976148766,1.0,0.0,1.0,1.0,0.0,0.5,0.02336989118327478,0.619718309859155,0.42857142857142855,0.08116671772093735
714,0.3714285714285714,1.0,1.0,1.0,0.0,1.0,0.013157894736842118,0.07721331356959978,1.0,1.0,0.0,0.0,0.0,0.5,0.007295702865919643,0.38028169014084506,0.7142857142857142,0.01819446571705723
715,0.35714285714285715,1.0,1.0,1.0,1.0,0.3333333333333333,0.21710526315789472,0.17949063468535237,0.0,0.0,0.0,0.0,0.0,0.5,0.03559776698325237,0.014084507042253521,0.42857142857142855,0.0638880379843774
716,0.49999999999999994,0.0,0.0,1.0,0.0,0.3333333333333333,0.09868421052631579,0.16668912545479045,0.0,0.0,1.0,1.0,0.0,0.0,0.01955702167766258,0.5070422535211268,0.42857142857142855,0.05934101700107214
717,0.7714285714285715,0.0,0.0,0.0,0.5,1.0,0.36184210526315785,0.5522166823878183,0.0,1.0,0.0,0.0,0.0,1.0,0.057270156798903266,0.056338028169014086,0.14285714285714285,0.39309235717567775
718,0.9,1.0,1.0,1.0,0.0,0.0,0.5921052631578947,0.947850693976553,0.0,0.0,1.0,1.0,0.0,0.0,0.09059849198868991,0.9014084507042254,0.7142857142857142,0.2243579925460765
719,0.8,0.0,1.0,1.0,1.0,0.6666666666666666,0.45394736842105265,0.6821183128958361,1.0,0.0,0.0,0.0,0.0,1.0,0.07073763579542636,0.028169014084507043,0.42857142857142855,0.24241844080257313
720,0.9714285714285714,1.0,1.0,1.0,0.5,0.6666666666666666,0.09210526315789472,0.31154830885325424,1.0,1.0,0.0,1.0,0.0,0.5,0.01857695092133481,0.07042253521126761,0.8571428571428571,0.06308119817079842
721,0.8571428571428572,0.0,1.0,1.0,0.0,0.6666666666666666,0.07894736842105263,0.2580514755423797,0.0,0.0,0.0,0.0,0.0,0.5,0.01660975572070889,0.8591549295774648,0.2857142857142857,0.12256854035840098
722,0.014285714285714285,0.0,0.0,1.0,0.0,0.6666666666666666,0.6052631578947368,0.028432825764721732,0.0,1.0,0.0,0.0,1.0,0.5,0.09283694627709707,0.028169014084507043,0.2857142857142857,0.01382294378924797
723,0.7714285714285715,0.0,0.0,1.0,1.0,0.6666666666666666,0.3223684210526315,0.5095000673763643,0.0,0.0,1.0,0.0,0.0,0.0,0.051837888784165884,0.028169014084507043,0.2857142857142857,0.24165262674222698
724,0.5285714285714286,0.0,1.0,1.0,0.0,0.6666666666666666,0.6118421052631579,0.574585635359116,1.0,0.0,1.0,0.0,0.0,0.5,0.09291135472989731,0.5352112676056339,0.5714285714285714,0.16327155766579876
725,0.39999999999999997,1.0,0.0,1.0,1.0,0.3333333333333333,0.48684210526315785,0.3641018730629295,1.0,1.0,1.0,0.0,0.0,0.5,0.075075563066723,0.014084507042253521,0.7142857142857142,0.08612855465359678
726,0.35714285714285715,1.0,1.0,1.0,0.0,0.0,0.6578947368421053,0.41827247001751783,1.0,1.0,0.0,0.0,0.0,0.0,0.09983324874936561,0.36619718309859156,0.7142857142857142,0.09895594016439474
727,0.4857142857142857,1.0,1.0,0.0,0.5,1.0,0.5789473684210527,0.5045142164128823,0.0,1.0,0.0,1.0,0.0,0.0,0.08800323145280732,0.028169014084507043,0.5714285714285714,0.1433603920967989
728,0.9428571428571428,1.0,1.0,0.0,0.0,0.3333333333333333,0.2763157894736842,0.5530251987602749,1.0,0.0,1.0,1.0,0.0,0.0,0.04473391759393419,0.943661971830986,0.7142857142857142,0.13086485934548425
729,0.39999999999999997,0.0,0.0,1.0,0.5,0.6666666666666666,0.5,0.3720522840587522,1.0,1.0,1.0,0.0,0.0,0.5,0.07699307744808086,0.028169014084507043,0.5714285714285714,0.10572063103078573
730,0.4714285714285714,0.0,0.0,1.0,0.0,1.0,0.3157894736842105,0.3049454251448592,1.0,0.0,1.0,0.0,0.0,1.0,0.04992515385041858,0.47887323943661975,0.42857142857142855,0.10844884362076888
731,0.5714285714285715,1.0,1.0,1.0,0.0,0.0,0.15789473684210528,0.23703004985850962,1.0,1.0,1.0,0.0,0.0,0.5,0.027562584768166247,0.5774647887323944,0.8571428571428571,0.04795637047896199
732,0.5714285714285715,1.0,1.0,0.0,0.0,0.6666666666666666,0.1644736842105263,0.2424201590082199,1.0,0.0,1.0,0.0,0.0,0.5,0.028482103859681383,0.5774647887323944,0.5714285714285714,0.06888497472813601
733,0.3142857142857143,0.0,0.0,0.0,0.0,0.0,1.0,0.18447648564883437,1.0,0.0,0.0,0.0,0.0,0.5,0.043478260869565216,0.323943661971831,0.14285714285714285,0.13185403584009803
734,1.0,1.0,1.0,1.0,0.0,0.6666666666666666,0.07894736842105263,0.29429995957418137,0.0,0.0,0.0,0.0,0.0,0.0,0.015982795927307482,1.0,0.42857142857142855,0.10466763669780978
735,0.028571428571428574,1.0,1.0,0.0,0.0,0.6666666666666666,0.11842105263157895,0.010780218299420562,1.0,0.0,0.0,0.0,0.0,1.0,0.016336789192585608,0.04225352112676056,0.42857142857142855,0.003963087762291316
736,0.8142857142857143,1.0,0.0,0.0,1.0,0.6666666666666666,0.3355263157894737,0.5444010241207384,0.0,1.0,0.0,1.0,0.0,1.0,0.05268289512171341,0.028169014084507043,0.42857142857142855,0.19350206769796294
737,0.44285714285714284,1.0,0.0,0.0,0.0,0.3333333333333333,0.631578947368421,0.4952162781296321,1.0,1.0,0.0,1.0,0.0,0.5,0.09545829406220546,0.4507042253521127,0.5714285714285714,0.1407183335886047
738,0.42857142857142855,0.0,1.0,1.0,0.5,0.0,0.381578947368421,0.3246193235413017,1.0,0.0,0.0,0.0,0.0,1.0,0.06047246967255479,0.028169014084507043,0.42857142857142855,0.11543689692142747
739,0.6,1.0,1.0,1.0,0.0,0.0,0.26973684210526316,0.3503570947311683,0.0,1.0,0.0,1.0,0.0,1.0,0.04410056331236437,0.6056338028169014,0.7142857142857142,0.08287384489712565
740,0.0857142857142857,0.0,1.0,1.0,0.0,1.0,0.1644736842105263,0.04029106589408435,1.0,0.0,1.0,1.0,0.0,0.5,0.02894843139894978,0.09859154929577466,0.7142857142857142,0.009451421861438708
741,0.0,1.0,1.0,0.0,0.0,1.0,0.13157894736842105,0.0040425818622827105,0.0,0.0,1.0,1.0,0.0,0.5,0.028275212064090477,0.014084507042253521,0.5714285714285714,0.001148721090519222
742,0.8571428571428572,0.0,0.0,0.0,1.0,0.0,0.4342105263157895,0.7023312222072496,0.0,0.0,0.0,0.0,0.0,0.5,0.06755149024273419,0.028169014084507043,0.0,1.0
743,0.1857142857142857,0.0,1.0,1.0,1.0,1.0,0.5592105263157895,0.1979517585231101,0.0,1.0,0.0,0.0,0.0,0.0,0.08664332839639155,0.0,0.42857142857142855,0.07044532087609129
744,0.7285714285714286,0.0,0.0,1.0,0.0,0.6666666666666666,0.26315789473684215,0.41692494273009023,1.0,1.0,0.0,1.0,0.0,0.5,0.0431378235336765,0.7323943661971831,0.5714285714285714,0.1184714351355491
745,0.07142857142857142,0.0,1.0,1.0,0.5,0.0,0.368421052631579,0.06104298612046894,1.0,0.0,0.0,0.0,1.0,0.5,0.06016336789192585,0.0,0.42857142857142855,0.02181612804411089
746,0.12857142857142856,1.0,1.0,1.0,0.0,0.6666666666666666,0.4671052631578947,0.12019943403853926,0.0,1.0,1.0,1.0,1.0,0.5,0.07219604147031101,0.14084507042253522,0.8571428571428571,0.024243485110386626
747,1.0,1.0,1.0,1.0,0.0,0.6666666666666666,0.0394736842105263,0.24484570812558953,1.0,0.0,0.0,0.0,0.0,0.5,0.011110963613917245,1.0,0.5714285714285714,0.06957420738244754
748,0.41428571428571426,1.0,0.0,1.0,0.0,0.3333333333333333,0.23684210526315788,0.21937744239320844,1.0,1.0,0.0,0.0,0.0,0.5,0.03839145460257619,0.4225352112676056,0.5714285714285714,0.062337264512176443
749,0.2857142857142857,1.0,1.0,1.0,0.0,0.0,0.48026315789473684,0.2615550464896914,0.0,1.0,0.0,0.0,0.0,0.5,0.07454782101341952,0.29577464788732394,0.5714285714285714,0.07432225455659366
750,0.8428571428571429,0.0,1.0,0.0,0.0,0.0,0.45394736842105265,0.7164802587252391,1.0,1.0,0.0,0.0,0.0,1.0,0.07054665409990574,0.8450704225352113,0.42857142857142855,0.2546236023893399
751,0.8857142857142858,1.0,1.0,1.0,0.5,1.0,0.0394736842105263,0.21371782778601267,1.0,0.0,0.0,1.0,0.0,0.5,0.010741588498421672,0.07042253521126761,0.7142857142857142,0.050518200847500895
752,0.5857142857142857,1.0,1.0,1.0,0.0,0.6666666666666666,0.15789473684210528,0.24632798814175985,0.0,0.0,1.0,0.0,0.0,1.0,0.028140568197118618,0.5915492957746479,0.5714285714285714,0.06999540511563793
753,0.7142857142857143,1.0,1.0,1.0,0.5,0.0,0.44736842105263164,0.6020751920226384,0.0,0.0,1.0,1.0,0.0,0.5,0.06963463990685811,0.056338028169014086,0.7142857142857142,0.14247970592740083
754,0.9,1.0,1.0,0.0,0.0,0.0,0.18421052631578946,0.40547096078695594,0.0,0.0,0.0,1.0,0.0,0.5,0.031323633364750234,0.9014084507042254,0.42857142857142855,0.14415492418440803
755,0.7857142857142857,1.0,1.0,1.0,0.0,1.0,0.5394736842105263,0.7639132192426896,1.0,0.0,0.0,0.0,0.0,0.5,0.08245253803689243,0.7887323943661972,0.5714285714285714,0.21706999540511562
756,0.5714285714285715,1.0,1.0,0.0,0.5,0.3333333333333333,0.019736842105263164,0.12491577954453577,0.0,0.0,1.0,0.0,0.0,0.0,0.008436587664651388,0.04225352112676056,0.42857142857142855,0.04450336958186552
757,0.44285714285714284,1.0,1.0,1.0,1.0,0.3333333333333333,0.13157894736842105,0.16709338364101872,1.0,1.0,0.0,0.0,0.0,0.0,0.023739396795475966,0.014084507042253521,0.7142857142857142,0.03947771481084393
758,0.19999999999999998,0.0,1.0,0.0,1.0,1.0,0.19078947368421054,0.09297938283250234,1.0,0.0,0.0,0.0,0.0,0.5,0.03103989946591266,0.0,0.2857142857142857,0.04439168836473171
759,0.8714285714285714,1.0,1.0,0.0,0.0,0.3333333333333333,0.6118421052631579,0.9381484975070744,0.0,1.0,1.0,0.0,0.0,0.5,0.09285214800401326,0.8732394366197184,0.5714285714285714,0.2665798744064941
760,0.3714285714285714,0.0,1.0,1.0,0.5,1.0,0.5263157894736842,0.3591160220994475,1.0,0.0,1.0,0.0,0.0,0.0,0.08032254686354592,0.028169014084507043,0.5714285714285714,0.1020447235411242
761,0.3857142857142857,1.0,1.0,0.0,0.5,1.0,0.5855263157894737,0.4072227462606118,1.0,0.0,1.0,1.0,0.0,0.0,0.08899959606839908,0.028169014084507043,0.7142857142857142,0.09633940879154541
762,0.9,1.0,0.0,1.0,0.0,0.6666666666666666,0.29605263157894735,0.5495216278129632,0.0,1.0,1.0,0.0,0.0,0.0,0.04706644674835061,0.9014084507042254,0.5714285714285714,0.15614948690457955
763,0.8285714285714286,1.0,1.0,1.0,0.0,1.0,0.5460526315789473,0.810268157930198,0.0,1.0,1.0,0.0,0.0,0.5,0.08308439431939807,0.8309859154929577,0.7142857142857142,0.1917789860621841
764,0.8142857142857143,0.0,1.0,1.0,0.0,0.3333333333333333,0.5657894736842105,0.819700848942191,0.0,0.0,1.0,1.0,0.0,0.5,0.08588189411420585,0.8169014084507042,0.5714285714285714,0.23292234645428092
765,0.014285714285714285,0.0,1.0,1.0,0.0,0.0,0.26315789473684215,0.01590082199164533,0.0,1.0,1.0,0.0,0.0,0.0,0.049010367577756835,0.028169014084507043,0.5714285714285714,0.004518302956042272
766,0.49999999999999994,1.0,0.0,0.0,0.0,0.0,0.6578947368421053,0.5767416790190001,0.0,0.0,0.0,1.0,0.0,0.5,0.09922504974342862,0.5070422535211268,0.2857142857142857,0.2734977280849543
767,1.0,1.0,0.0,0.0,1.0,0.6666666666666666,0.5657894736842105,0.9999999999999999,1.0,1.0,0.0,0.0,0.0,0.0,0.08550264831211586,0.028169014084507043,0.42857142857142855,0.35532815132485834
768,0.17142857142857143,0.0,1.0,1.0,0.0,0.6666666666666666,0.6447368421052632,0.20590216951893275,0.0,0.0,0.0,0.0,0.0,0.5,0.09860073950554629,0.18309859154929578,0.2857142857142857,0.09787103691223771
769,0.19999999999999998,0.0,1.0,1.0,0.5,0.6666666666666666,0.5723684210526315,0.2145263441584692,1.0,1.0,0.0,1.0,0.0,0.5,0.08771599120326735,0.014084507042253521,0.7142857142857142,0.05070965436258743
770,0.8428571428571429,0.0,1.0,1.0,0.5,0.6666666666666666,0.5131578947368421,0.7846651394690742,1.0,0.0,0.0,1.0,0.0,0.0,0.07849513038014451,0.07042253521126761,0.5714285714285714,0.222966763669781
771,0.3,1.0,0.0,0.0,0.0,1.0,0.625,0.3391726182455195,0.0,1.0,0.0,0.0,0.0,0.5,0.09523605517950476,0.3098591549295775,0.2857142857142857,0.16098687905243272
772,0.8857142857142858,0.0,0.0,1.0,0.0,0.6666666666666666,0.2763157894736842,0.5266136639266945,1.0,1.0,0.0,0.0,0.0,0.5,0.045479706177161405,0.8873239436619719,0.42857142857142855,0.1871841017001072
773,0.34285714285714286,1.0,1.0,0.0,0.0,1.0,0.5197368421052632,0.3314917127071823,1.0,1.0,1.0,0.0,0.0,0.5,0.08007540056550423,0.35211267605633806,0.7142857142857142,0.07840659621177311
774,0.6714285714285715,0.0,0.0,1.0,0.5,1.0,0.14473684210526314,0.26613663926694514,1.0,1.0,0.0,0.0,0.0,0.0,0.02586003770028275,0.056338028169014086,0.42857142857142855,0.09466419053453821
775,0.6,1.0,0.0,1.0,1.0,0.6666666666666666,0.48684210526315785,0.5372591294973723,1.0,1.0,0.0,1.0,0.0,0.5,0.07450189597352212,0.014084507042253521,0.7142857142857142,0.12713151580129678
776,0.5285714285714286,0.0,1.0,0.0,0.0,0.6666666666666666,0.5197368421052632,0.5027624309392265,0.0,0.0,1.0,1.0,0.0,0.5,0.07969145294905501,0.5352112676056339,0.42857142857142855,0.17871228365752795
777,0.5714285714285715,0.0,1.0,1.0,1.0,0.3333333333333333,0.4736842105263158,0.5026276782104837,0.0,1.0,1.0,0.0,0.0,0.5,0.07287188800257464,0.014084507042253521,0.5714285714285714,0.14282432225455657
778,0.6285714285714286,0.0,1.0,1.0,0.0,0.6666666666666666,0.5592105263157895,0.6336073305484435,0.0,0.0,0.0,0.0,0.0,0.5,0.08557964184731386,0.6338028169014085,0.2857142857142857,0.30042885587379387
779,0.5571428571428572,0.0,1.0,1.0,0.5,0.6666666666666666,0.2763157894736842,0.3273143781161568,0.0,1.0,1.0,1.0,0.0,0.5,0.04436852026390198,0.04225352112676056,0.7142857142857142,0.07741741971715935
780,0.22857142857142856,0.0,0.0,1.0,0.0,0.3333333333333333,0.36184210526315785,0.16790190001347527,0.0,0.0,1.0,0.0,0.0,0.5,0.05666130731274603,0.23943661971830987,0.2857142857142857,0.07987440649410324
781,0.8,1.0,1.0,0.0,0.0,0.3333333333333333,0.013157894736842118,0.16022099447513813,0.0,1.0,0.0,1.0,0.0,0.5,0.006696760752021427,0.8028169014084507,0.5714285714285714,0.045527645887578495
782,0.014285714285714285,1.0,0.0,1.0,0.0,0.0,0.09868421052631579,0.006872389165880609,0.0,0.0,0.0,0.0,0.0,0.5,0.017436380772855795,0.028169014084507043,0.2857142857142857,0.003612089651299331
783,0.8714285714285714,1.0,0.0,1.0,0.0,0.6666666666666666,0.4276315789473685,0.7028702331222206,0.0,0.0,0.0,1.0,0.0,0.0,0.06630993280836703,0.8732394366197184,0.42857142857142855,0.2497894011334048
784,0.11428571428571427,1.0,1.0,1.0,0.0,0.6666666666666666,0.375,0.0902843282576472,0.0,1.0,0.0,1.0,1.0,0.5,0.058435438265786996,0.1267605633802817,0.7142857142857142,0.021289630877622912
785,0.9571428571428572,1.0,1.0,1.0,0.5,0.3333333333333333,0.13157894736842105,0.36423662579167226,0.0,1.0,0.0,1.0,0.0,0.5,0.02446360259466652,0.07042253521126761,0.7142857142857142,0.08616046357277786
786,0.22857142857142856,1.0,0.0,0.0,0.0,0.3333333333333333,0.1644736842105263,0.10268157930198085,0.0,1.0,1.0,1.0,0.0,0.0,0.029827576648001328,0.23943661971830987,0.5714285714285714,0.029177515699188236
787,0.7000000000000001,0.0,0.0,0.0,0.5,1.0,1.0,0.3641018730629295,0.0,1.0,0.0,1.0,0.0,0.5,0.03800188501413761,0.056338028169014086,0.2857142857142857,0.17279317914943587
788,0.5571428571428572,0.0,0.0,0.0,0.0,0.6666666666666666,0.4736842105263158,0.49252122355477695,1.0,1.0,0.0,0.0,0.0,1.0,0.07325636192271441,0.5633802816901409,0.2857142857142857,0.23361157910859243
789,0.8142857142857143,1.0,1.0,1.0,0.5,0.6666666666666666,0.4013157894736842,0.6298342541436464,0.0,1.0,0.0,0.0,0.0,0.5,0.06298547239104293,0.056338028169014086,0.5714285714285714,0.17897074590289477
790,0.2857142857142857,1.0,1.0,1.0,0.5,0.6666666666666666,0.04605263157894737,0.07546152809594393,0.0,0.0,1.0,1.0,0.0,0.0,0.012566760917373545,0.014084507042253521,0.7142857142857142,0.01777964976770307
791,0.24285714285714283,1.0,1.0,1.0,0.5,0.0,1.0,0.23042716615011452,0.0,1.0,0.0,0.0,0.0,1.0,0.07707613362655774,0.014084507042253521,0.5714285714285714,0.06547710215959565
792,0.7714285714285715,1.0,0.0,0.0,0.0,0.6666666666666666,0.1776315789473684,0.34011588734671877,0.0,1.0,0.0,0.0,0.0,0.5,0.03029731813897695,0.7746478873239436,0.2857142857142857,0.161433603920968
793,0.39999999999999997,1.0,1.0,1.0,0.0,0.3333333333333333,0.44736842105263164,0.34159816736288906,1.0,1.0,0.0,1.0,0.0,0.0,0.0696480223601677,0.4084507042253521,0.8571428571428571,0.06918036015141238
794,0.32857142857142857,0.0,0.0,1.0,1.0,0.6666666666666666,0.08552631578947367,0.10092979382832501,1.0,0.0,0.0,0.0,0.0,0.5,0.016768771599120328,0.014084507042253521,0.2857142857142857,0.04815694082810027
795,0.22857142857142856,0.0,1.0,0.0,0.0,0.0,0.6578947368421053,0.2692359520280286,1.0,1.0,1.0,1.0,0.0,1.0,0.09835338470920885,0.23943661971830987,0.7142857142857142,0.06366467555010977
796,0.24285714285714283,1.0,0.0,1.0,0.0,0.6666666666666666,0.05921052631578946,0.067106858913893,0.0,0.0,0.0,1.0,0.0,0.0,0.01361399099382134,0.2535211267605634,0.42857142857142855,0.02396998008883443
797,0.5857142857142857,1.0,1.0,1.0,0.0,1.0,0.493421052631579,0.5306562457889772,1.0,0.0,0.0,0.0,0.0,1.0,0.07549032808222253,0.5915492957746479,0.5714285714285714,0.15078878848215654
798,0.6285714285714286,1.0,1.0,1.0,0.5,0.6666666666666666,0.36184210526315785,0.4468400485109823,1.0,0.0,0.0,1.0,0.0,0.5,0.056550424128180954,0.04225352112676056,0.7142857142857142,0.10572063103078573
799,0.22857142857142856,0.0,1.0,1.0,0.5,0.0,0.05921052631578946,0.0673763643713785,0.0,1.0,0.0,0.0,0.0,0.0,0.015301879469978377,0.014084507042253521,0.42857142857142855,0.0240657068463777
800,0.1857142857142857,1.0,1.0,1.0,0.5,1.0,0.019736842105263164,0.041908098638997436,0.0,0.0,1.0,1.0,0.0,0.0,0.008684529419684932,0.014084507042253521,0.7142857142857142,0.009834328891611782
801,0.6857142857142857,1.0,1.0,1.0,0.0,0.6666666666666666,0.24342105263157895,0.36962673494138254,0.0,1.0,1.0,0.0,0.0,0.5,0.03983534978553155,0.6901408450704225,0.7142857142857142,0.08743682034002144
802,0.39999999999999997,0.0,1.0,1.0,0.0,0.3333333333333333,0.5328947368421053,0.3888963751515968,0.0,0.0,0.0,0.0,0.0,1.0,0.08105560791705937,0.4084507042253521,0.2857142857142857,0.18453566140807678
803,0.04285714285714286,1.0,1.0,1.0,1.0,1.0,0.032894736842105254,0.011723487400619861,0.0,0.0,0.0,1.0,0.0,1.0,0.010603204524033929,0.0,0.5714285714285714,0.0033312911625057434
804,0.2714285714285714,0.0,1.0,0.0,0.0,0.3333333333333333,0.4671052631578947,0.239590351704622,0.0,1.0,1.0,0.0,0.0,0.0,0.071253534401508,0.28169014084507044,0.42857142857142855,0.08523510491652626
805,0.6571428571428571,1.0,0.0,1.0,0.0,0.3333333333333333,0.4342105263157895,0.5392804204285137,0.0,0.0,1.0,0.0,0.0,0.5,0.06733912206469207,0.6619718309859155,0.42857142857142855,0.19168325930464084
806,0.11428571428571427,1.0,1.0,0.0,0.0,0.3333333333333333,0.1776315789473684,0.0545748551408166,1.0,0.0,0.0,0.0,0.0,0.0,0.030683841239920413,0.1267605633802817,0.42857142857142855,0.019518685863072448
807,0.3714285714285714,0.0,1.0,1.0,0.0,0.6666666666666666,0.05263157894736842,0.09944751381215468,1.0,1.0,0.0,0.0,0.0,0.5,0.013055468286382516,0.38028169014084506,0.5714285714285714,0.02825853882677286
808,0.19999999999999998,1.0,0.0,1.0,0.0,0.6666666666666666,0.6052631578947368,0.22342002425549115,0.0,1.0,0.0,1.0,0.0,0.5,0.09186302230600063,0.2112676056338028,0.5714285714285714,0.06348598560269567
809,0.2571428571428571,0.0,1.0,0.0,0.0,0.3333333333333333,0.20394736842105263,0.12532003773076406,0.0,0.0,0.0,0.0,0.0,1.0,0.03363262066570762,0.26760563380281693,0.14285714285714285,0.08982998927860315
810,0.7285714285714286,1.0,0.0,1.0,0.0,1.0,0.07894736842105263,0.2176256569195526,0.0,0.0,0.0,1.0,0.0,1.0,0.016330747480606103,0.7323943661971831,0.42857142857142855,0.07743337417674989
811,0.35714285714285715,1.0,1.0,1.0,0.0,0.6666666666666666,0.45394736842105265,0.3048106724161164,1.0,0.0,1.0,1.0,0.0,0.0,0.06931051982889871,0.36619718309859156,0.8571428571428571,0.06171367306303744
812,0.35714285714285715,1.0,1.0,0.0,1.0,0.0,0.14473684210526314,0.14378116156852175,1.0,0.0,0.0,1.0,0.0,0.5,0.02599144493583702,0.014084507042253521,0.5714285714285714,0.04085618011946699
813,0.35714285714285715,1.0,1.0,1.0,0.0,0.6666666666666666,0.3157894736842105,0.23420024255491173,0.0,1.0,1.0,0.0,0.0,0.5,0.05031537736533025,0.36619718309859156,0.7142857142857142,0.0553683565630265
814,0.6428571428571429,1.0,1.0,1.0,0.0,0.0,0.0394736842105263,0.15469613259668508,1.0,0.0,0.0,0.0,0.0,0.5,0.010613449166086135,0.647887323943662,0.5714285714285714,0.04395772706386889
815,0.6857142857142857,1.0,1.0,1.0,0.5,0.3333333333333333,0.6578947368421053,0.785338903112788,1.0,0.0,0.0,1.0,0.0,0.5,0.09917482544384389,0.056338028169014086,0.7142857142857142,0.18587583601368254
816,0.7428571428571429,1.0,1.0,0.0,1.0,0.0,0.29605263157894735,0.46125859048645734,1.0,1.0,0.0,1.0,0.0,0.5,0.04792559529102129,0.028169014084507043,0.7142857142857142,0.10913488538316231
817,0.028571428571428574,0.0,1.0,0.0,0.0,0.6666666666666666,0.6578947368421053,0.047163455059964964,0.0,1.0,0.0,1.0,1.0,1.0,0.10116242538485705,0.04225352112676056,0.42857142857142855,0.016886200030632563
818,0.9285714285714286,1.0,1.0,1.0,1.0,1.0,0.256578947368421,0.5166419619997304,0.0,0.0,0.0,1.0,0.0,0.0,0.041755919230000285,0.028169014084507043,0.5714285714285714,0.14680655536835657
819,0.5857142857142857,1.0,1.0,1.0,0.0,1.0,0.2302631578947368,0.30817949063468536,0.0,0.0,0.0,1.0,0.0,0.5,0.038440824020465864,0.5915492957746479,0.5714285714285714,0.08757083780058202
820,0.2571428571428571,1.0,1.0,1.0,0.0,1.0,0.6052631578947368,0.2812289448861339,0.0,0.0,1.0,1.0,0.0,0.5,0.09102634059229128,0.26760563380281693,0.7142857142857142,0.06650456935722673
821,0.22857142857142856,1.0,1.0,1.0,0.0,0.6666666666666666,0.21710526315789472,0.11992992858105375,0.0,1.0,0.0,1.0,0.0,0.5,0.03692410046016522,0.23943661971830987,0.7142857142857142,0.0283095930974626
822,0.45714285714285713,1.0,1.0,1.0,0.0,1.0,0.2894736842105263,0.2782643848537933,0.0,1.0,1.0,0.0,0.0,0.5,0.046182846371347785,0.4647887323943662,0.7142857142857142,0.06580257313524276
823,0.6857142857142857,0.0,1.0,1.0,0.5,1.0,0.05263157894736842,0.18339846381889233,0.0,0.0,0.0,0.0,0.0,0.0,0.013252803477658736,0.056338028169014086,0.2857142857142857,0.08721345790575381
824,0.7857142857142857,0.0,1.0,1.0,0.0,1.0,0.631578947368421,0.8698288640344967,1.0,0.0,1.0,0.0,0.0,0.5,0.0956812979668776,0.7887323943661972,0.5714285714285714,0.24716648797671925
825,0.8857142857142858,0.0,1.0,1.0,0.0,0.3333333333333333,0.05921052631578946,0.23932084624713648,1.0,1.0,1.0,0.0,0.0,1.0,0.01358407013449426,0.8873239436619719,0.7142857142857142,0.056580895491907895
826,0.028571428571428574,1.0,1.0,0.0,0.5,1.0,0.5131578947368421,0.039078291335399536,0.0,0.0,0.0,1.0,1.0,0.0,0.08231228400879673,0.0,0.42857142857142855,0.014014397304334507
827,0.6857142857142857,1.0,1.0,1.0,0.0,0.6666666666666666,0.35526315789473684,0.48470556528769704,1.0,0.0,1.0,0.0,0.0,0.5,0.056261901556098406,0.6901408450704225,0.7142857142857142,0.11468703732067188
828,0.7714285714285715,1.0,1.0,1.0,1.0,0.0,0.04605263157894737,0.19310066028837083,0.0,0.0,1.0,1.0,0.0,0.5,0.011601405192357122,0.028169014084507043,0.7142857142857142,0.0456361362127942
829,0.35714285714285715,1.0,1.0,1.0,1.0,0.0,0.006578947368421045,0.06953240803126262,0.0,0.0,0.0,0.0,0.0,0.5,0.006017545131588486,0.014084507042253521,0.42857142857142855,0.024831520906723848
830,0.7285714285714286,1.0,1.0,0.0,0.0,0.6666666666666666,0.618421052631579,0.7934240668373534,0.0,1.0,0.0,0.0,0.0,0.5,0.09377945334590009,0.7323943661971831,0.42857142857142855,0.28195359166794304
831,0.0857142857142857,1.0,1.0,0.0,1.0,0.0,0.493421052631579,0.08529847729416519,0.0,0.0,1.0,0.0,1.0,0.5,0.07391948296755083,0.0,0.42857142857142855,0.030431536223005054
832,0.6428571428571429,0.0,1.0,0.0,0.0,0.6666666666666666,0.45394736842105265,0.5492521223554777,1.0,1.0,0.0,0.0,0.0,0.5,0.07060607302380854,0.647887323943662,0.42857142857142855,0.19522514933374177
833,0.6428571428571429,0.0,1.0,1.0,0.0,0.6666666666666666,0.2894736842105263,0.39469074248753533,1.0,0.0,0.0,0.0,0.0,0.0,0.04710486415604639,0.647887323943662,0.42857142857142855,0.1403258538826773
834,0.21428571428571427,1.0,1.0,0.0,0.0,0.3333333333333333,0.15789473684210528,0.09176660827381754,0.0,1.0,0.0,1.0,0.0,0.5,0.027745051837888786,0.22535211267605634,0.5714285714285714,0.02607596875478634
835,0.32857142857142857,1.0,0.0,1.0,0.5,0.3333333333333333,0.44736842105263164,0.2831154830885325,1.0,0.0,0.0,0.0,0.0,0.5,0.06986333647502356,0.028169014084507043,0.42857142857142855,0.10069497625976413
836,0.8571428571428572,1.0,0.0,1.0,0.5,1.0,0.4013157894736842,0.6639266945155639,1.0,0.0,1.0,0.0,0.0,0.5,0.06314797360980207,0.07042253521126761,0.5714285714285714,0.18865829376627355
837,0.7571428571428571,0.0,1.0,1.0,0.0,0.0,0.48026315789473684,0.6724161164263576,0.0,0.0,1.0,1.0,0.0,0.0,0.07414388941250392,0.7605633802816901,0.5714285714285714,0.19107060805636392
838,0.8714285714285714,1.0,1.0,0.0,0.0,0.3333333333333333,0.24342105263157895,0.47123029241342135,0.0,0.0,1.0,0.0,0.0,0.0,0.0401781642394576,0.8732394366197184,0.42857142857142855,0.16751225302496553
839,0.0,0.0,1.0,0.0,0.0,0.3333333333333333,0.6513157894736842,0.015631316534159816,0.0,1.0,1.0,0.0,1.0,0.5,0.10933081998114985,0.014084507042253521,0.42857142857142855,0.0056861693980701485
840,0.6857142857142857,0.0,0.0,0.0,1.0,1.0,0.04605263157894737,0.1765260746530117,0.0,0.0,1.0,1.0,0.0,0.5,0.012271826732578043,0.028169014084507043,0.2857142857142857,0.08395874814928268
841,0.34285714285714286,0.0,1.0,0.0,1.0,1.0,0.05263157894736842,0.09230561918878856,1.0,1.0,1.0,0.0,0.0,0.5,0.013157398680490102,0.014084507042253521,0.5714285714285714,0.02622913156685557
842,0.12857142857142856,0.0,0.0,1.0,0.5,1.0,0.6052631578947368,0.14688047432960516,0.0,1.0,0.0,0.0,1.0,0.5,0.09085768143261075,0.0,0.2857142857142857,0.06991882370960331
843,0.21428571428571427,1.0,1.0,1.0,0.5,0.6666666666666666,0.4276315789473685,0.17922112922786687,1.0,0.0,0.0,1.0,0.0,0.0,0.06597549481621112,0.014084507042253521,0.7142857142857142,0.04234951753714198
844,0.8142857142857143,0.0,1.0,1.0,0.0,1.0,0.21710526315789472,0.4085702735480393,0.0,0.0,0.0,0.0,0.0,1.0,0.036302772270792025,0.8169014084507042,0.2857142857142857,0.19385306580895492
845,0.39999999999999997,1.0,1.0,0.0,0.0,0.0,0.506578947368421,0.3728608004312087,1.0,0.0,1.0,0.0,0.0,0.0,0.07718807891059183,0.4084507042253521,0.5714285714285714,0.10595037524888958
846,0.07142857142857142,1.0,1.0,1.0,0.0,0.3333333333333333,0.30263157894736836,0.04864573507613529,0.0,0.0,1.0,0.0,0.0,1.0,0.04571159283694628,0.08450704225352113,0.5714285714285714,0.01382294378924797
847,0.21428571428571427,0.0,1.0,0.0,0.5,0.3333333333333333,0.019736842105263164,0.04837622961864978,0.0,0.0,0.0,0.0,0.0,1.0,0.008777097078228085,0.014084507042253521,0.14285714285714285,0.03517001072139685
848,0.2714285714285714,0.0,1.0,1.0,0.0,0.6666666666666666,0.4342105263157895,0.2282711224902304,0.0,0.0,1.0,1.0,0.0,0.0,0.06729500471253534,0.28169014084507044,0.5714285714285714,0.06486445091131873
849,1.0,1.0,1.0,1.0,0.0,1.0,0.1644736842105263,0.42137178277860127,0.0,0.0,0.0,1.0,0.0,0.0,0.02850088277070529,1.0,0.5714285714285714,0.11973502833512024
850,0.6,0.0,0.0,1.0,1.0,0.6666666666666666,0.07894736842105263,0.18083816197277994,1.0,0.0,0.0,1.0,0.0,0.0,0.016526751857615676,0.014084507042253521,0.42857142857142855,0.06436667177209374
851,0.35714285714285715,1.0,1.0,1.0,1.0,0.0,0.1513157894736842,0.14472443066972107,1.0,1.0,0.0,1.0,0.0,1.0,0.02624519683897629,0.014084507042253521,0.8571428571428571,0.029221276502636586
852,1.0,0.0,1.0,0.0,0.0,0.3333333333333333,0.3157894736842105,0.646678345236491,0.0,0.0,1.0,0.0,0.0,0.5,0.05069626050364391,1.0,0.2857142857142857,0.3066191861949252
853,0.45714285714285713,0.0,1.0,1.0,0.5,1.0,0.032894736842105254,0.10672416116426356,0.0,0.0,1.0,0.0,0.0,0.5,0.009824922171764772,0.028169014084507043,0.42857142857142855,0.0380418134476949
854,0.35714285714285715,1.0,0.0,1.0,1.0,0.0,0.5855263157894737,0.37838566230966175,0.0,1.0,0.0,0.0,0.0,0.5,0.08910316827376205,0.014084507042253521,0.42857142857142855,0.13453438505130955
855,0.6285714285714286,0.0,0.0,1.0,0.0,0.6666666666666666,0.368421052631579,0.4565422449804608,1.0,1.0,1.0,1.0,0.0,0.5,0.058058435438265776,0.6338028169014085,0.7142857142857142,0.10801807321182418
856,0.8857142857142858,1.0,1.0,1.0,0.0,1.0,0.19736842105263155,0.41611642635763374,0.0,0.0,1.0,1.0,0.0,0.5,0.03321215385305866,0.8873239436619719,0.7142857142857142,0.09844539745749732
857,0.9428571428571428,1.0,1.0,1.0,0.0,0.0,0.45394736842105265,0.8007007141894623,1.0,1.0,0.0,0.0,0.0,0.0,0.07058955927244082,0.943661971830986,0.7142857142857142,0.18951345280032675
858,0.7285714285714286,0.0,1.0,1.0,0.0,0.6666666666666666,0.5328947368421053,0.6996361676323946,0.0,1.0,1.0,0.0,0.0,0.5,0.0811643587326905,0.7323943661971831,0.5714285714285714,0.19880533006586001
859,0.9571428571428572,0.0,1.0,0.0,1.0,0.6666666666666666,0.4078947368421053,0.7438350626600189,1.0,1.0,0.0,0.0,0.0,0.5,0.06350834395963852,0.028169014084507043,0.42857142857142855,0.2643398682799816
860,0.35714285714285715,1.0,1.0,1.0,0.0,0.6666666666666666,0.13815789473684212,0.14000808516372457,0.0,1.0,1.0,0.0,0.0,0.5,0.02497643732327992,0.36619718309859156,0.7142857142857142,0.03306402205544494
861,0.014285714285714285,1.0,0.0,1.0,0.0,0.0,0.07894736842105263,0.007141894623366124,1.0,0.0,1.0,0.0,0.0,0.0,0.01837888784165881,0.028169014084507043,0.5714285714285714,0.002029407259917292
862,0.1857142857142857,0.0,1.0,1.0,0.0,0.3333333333333333,0.5657894736842105,0.19822126398059559,0.0,1.0,1.0,0.0,0.0,1.0,0.0867779722633634,0.1971830985915493,0.5714285714285714,0.056325624138459186
863,0.41428571428571426,1.0,1.0,1.0,0.0,0.3333333333333333,0.15789473684210528,0.17463953645061311,1.0,1.0,1.0,0.0,0.0,0.0,0.02796104304115614,0.4225352112676056,0.8571428571428571,0.03529308798109533
864,0.6857142857142857,1.0,1.0,1.0,0.0,0.3333333333333333,0.019736842105263164,0.1427031397385797,1.0,0.0,1.0,0.0,0.0,0.0,0.007443882359729939,0.6901408450704225,0.7142857142857142,0.03370220043906673
865,0.15714285714285714,0.0,0.0,1.0,0.5,0.3333333333333333,0.4276315789473685,0.1370435251313839,0.0,1.0,1.0,1.0,0.0,1.0,0.06778196669808358,0.014084507042253521,0.5714285714285714,0.03894164496860162
866,0.6142857142857143,0.0,1.0,1.0,0.0,0.3333333333333333,0.10526315789473684,0.20522840587521896,1.0,0.0,1.0,0.0,0.0,0.0,0.019728386599263126,0.619718309859155,0.5714285714285714,0.058316740695359165
867,0.45714285714285713,1.0,1.0,0.0,0.5,1.0,0.6578947368421053,0.5293087185015496,0.0,0.0,1.0,1.0,0.0,0.5,0.09939165452831805,0.028169014084507043,0.5714285714285714,0.15040588145198347
868,0.17142857142857143,1.0,1.0,1.0,0.5,1.0,0.5723684210526315,0.18582401293626194,1.0,0.0,0.0,1.0,0.0,0.5,0.08779815848618865,0.014084507042253521,0.7142857142857142,0.043913054577015366
869,0.35714285714285715,0.0,1.0,0.0,0.0,1.0,0.4013157894736842,0.28230696671607597,0.0,0.0,0.0,1.0,0.0,0.5,0.06325672442543319,0.36619718309859156,0.2857142857142857,0.1340557512635932
870,0.2857142857142857,1.0,0.0,0.0,0.5,0.3333333333333333,0.5526315789473684,0.29187441045681173,1.0,1.0,1.0,1.0,0.0,1.0,0.08464611103630897,0.014084507042253521,0.7142857142857142,0.0690253739725328
871,0.3857142857142857,1.0,1.0,1.0,0.5,0.6666666666666666,0.3157894736842105,0.9999999999999999,1.0,1.0,1.0,0.0,0.0,1.0,0.23707418877070147,0.028169014084507043,0.8571428571428571,0.2028149136818152
872,0.6714285714285715,0.0,0.0,1.0,0.0,0.6666666666666666,0.5197368421052632,0.6364371378520415,0.0,1.0,0.0,0.0,0.0,0.5,0.07981856738925541,0.676056338028169,0.2857142857142857,0.3017690304793996
873,0.5571428571428572,0.0,1.0,1.0,0.0,0.3333333333333333,0.4276315789473685,0.4541166958630912,1.0,1.0,0.0,0.0,0.0,0.5,0.06654099905749293,0.5633802816901409,0.5714285714285714,0.12903966916832593
874,0.9285714285714286,1.0,1.0,1.0,0.5,0.6666666666666666,0.019736842105263164,0.19956879126802318,1.0,0.0,0.0,1.0,0.0,0.5,0.008154114186159425,0.07042253521126761,0.7142857142857142,0.047167764333486496
875,0.3142857142857143,1.0,0.0,0.0,1.0,0.3333333333333333,0.625,0.35386066567847996,0.0,1.0,1.0,1.0,0.0,0.5,0.09498832110806048,0.0,0.5714285714285714,0.10055138612344923
876,0.6714285714285715,1.0,1.0,0.0,0.0,0.0,0.5723684210526315,0.6848133674706912,0.0,0.0,0.0,0.0,0.0,0.5,0.08686773484134465,0.676056338028169,0.2857142857142857,0.3246796344514219
877,0.014285714285714285,1.0,1.0,1.0,0.0,0.6666666666666666,0.631578947368421,0.03004985850963482,1.0,1.0,0.0,1.0,1.0,0.0,0.09849198868991517,0.028169014084507043,0.8571428571428571,0.005945999168544734
878,0.2714285714285714,1.0,1.0,1.0,0.0,0.0,0.48684210526315785,0.24969680636032876,0.0,1.0,0.0,0.0,0.0,0.0,0.0747879359095193,0.28169014084507044,0.5714285714285714,0.0709526726910706
879,0.8285714285714286,1.0,1.0,1.0,0.0,0.3333333333333333,0.2763157894736842,0.4824147688990702,0.0,1.0,1.0,0.0,0.0,1.0,0.044217958753334716,0.8309859154929577,0.7142857142857142,0.11414458569459335
880,0.6428571428571429,0.0,1.0,1.0,0.0,0.6666666666666666,0.13815789473684212,0.24969680636032876,1.0,1.0,0.0,0.0,0.0,0.5,0.025058394459697576,0.647887323943662,0.5714285714285714,0.0709526726910706
881,0.028571428571428574,1.0,0.0,0.0,0.0,0.0,0.11842105263157895,0.01266675650181916,0.0,0.0,1.0,0.0,0.0,0.5,0.02073515551366635,0.04225352112676056,0.2857142857142857,0.006356256700873028
882,0.7714285714285715,1.0,0.0,1.0,0.0,0.3333333333333333,0.09868421052631579,0.25198760274895565,0.0,0.0,1.0,0.0,0.0,0.5,0.01909005226630109,0.7746478873239436,0.42857142857142855,0.08963853576351662
883,0.15714285714285714,0.0,1.0,1.0,0.0,0.6666666666666666,0.1513157894736842,0.06508556798275164,1.0,0.0,0.0,1.0,0.0,0.5,0.025840402136349354,0.16901408450704225,0.5714285714285714,0.018494409557359474
884,0.5571428571428572,1.0,1.0,0.0,0.0,0.6666666666666666,0.368421052631579,0.40277590621210074,1.0,0.0,1.0,0.0,0.0,1.0,0.0575636192271442,0.5633802816901409,0.5714285714285714,0.11445091131873182
885,0.9285714285714286,1.0,1.0,1.0,0.0,0.6666666666666666,0.45394736842105265,0.7860126667565017,1.0,0.0,0.0,0.0,0.0,0.5,0.07030245908662497,0.9295774647887324,0.5714285714285714,0.22334967069995407
886,0.21428571428571427,0.0,1.0,1.0,0.0,0.6666666666666666,0.21052631578947364,0.10780218299420562,0.0,0.0,0.0,1.0,0.0,0.5,0.034754948162111214,0.22535211267605634,0.42857142857142855,0.03842472047786798
887,0.4714285714285714,0.0,1.0,1.0,0.0,0.6666666666666666,0.36184210526315785,0.33971162916049047,1.0,1.0,0.0,1.0,0.0,0.5,0.057077119254865,0.47887323943661975,0.7142857142857142,0.08035304028181958
888,0.6142857142857143,0.0,1.0,1.0,1.0,0.0,0.2302631578947368,0.3182859452903921,0.0,1.0,1.0,0.0,0.0,0.5,0.03770028275212064,0.014084507042253521,0.5714285714285714,0.09044264052688007
889,0.07142857142857142,0.0,1.0,0.0,1.0,0.6666666666666666,0.4605263157894737,0.0711494407761757,0.0,0.0,1.0,0.0,1.0,0.5,0.07194470625196354,0.0,0.2857142857142857,0.034053198550058714
890,0.9,1.0,1.0,0.0,0.0,0.3333333333333333,0.6513157894736842,0.9999999999999999,1.0,1.0,1.0,1.0,0.0,1.0,0.09629771442035814,0.9014084507042254,0.8571428571428571,0.2028149136818152
891,0.3,0.0,1.0,1.0,0.0,0.6666666666666666,0.45394736842105265,0.2615550464896914,0.0,1.0,0.0,0.0,0.0,0.5,0.07055950646902578,0.3098591549295775,0.42857142857142855,0.09303683565630265
892,0.24285714285714283,1.0,1.0,0.0,0.0,1.0,0.0394736842105263,0.6069262902573777,0.0,1.0,0.0,0.0,0.0,1.0,0.2233741753063148,0.2535211267605634,0.42857142857142855,0.21571067544800124
893,0.15714285714285714,1.0,0.0,1.0,0.0,0.0,0.3157894736842105,0.10605039752054977,1.0,1.0,1.0,0.0,0.0,0.5,0.04971724787935909,0.16901408450704225,0.7142857142857142,0.025022974421810385
894,0.7285714285714286,0.0,1.0,0.0,0.0,0.3333333333333333,0.5131578947368421,0.678345236491039,1.0,0.0,0.0,0.0,0.0,0.5,0.0783005872544044,0.7323943661971831,0.2857142857142857,0.3216163782100373
895,0.7142857142857143,1.0,1.0,0.0,0.0,1.0,0.36184210526315785,0.5096348201051071,0.0,1.0,0.0,0.0,0.0,0.5,0.056956995804919516,0.7183098591549296,0.42857142857142855,0.1811533159748813
896,1.0,1.0,1.0,1.0,0.5,1.0,0.631578947368421,0.9999999999999999,1.0,1.0,1.0,0.0,0.0,0.5,0.08550264831211586,0.07042253521126761,0.8571428571428571,0.2028149136818152
897,0.6714285714285715,0.0,1.0,0.0,0.0,0.3333333333333333,0.0394736842105263,0.16143376903382292,1.0,1.0,0.0,0.0,0.0,0.5,0.010603204524033929,0.676056338028169,0.42857142857142855,0.0574743452289784
898,0.2571428571428571,0.0,1.0,1.0,0.0,0.6666666666666666,0.19736842105263155,0.12410726317207922,1.0,0.0,0.0,1.0,0.0,0.5,0.03318616994890619,0.26760563380281693,0.5714285714285714,0.035265737478940115
899,0.07142857142857142,0.0,1.0,1.0,0.5,0.6666666666666666,0.1513157894736842,0.03085837488209136,1.0,0.0,0.0,0.0,0.0,0.5,0.02497643732327992,0.0,0.42857142857142855,0.011094731199264818
900,0.3714285714285714,1.0,0.0,0.0,0.5,1.0,0.506578947368421,0.34900956744374073,1.0,1.0,0.0,0.0,0.0,0.5,0.07770447167242643,0.028169014084507043,0.42857142857142855,0.12410016847909328
901,0.7428571428571429,0.0,1.0,0.0,0.0,0.0,0.3486842105263158,0.5138121546961326,0.0,0.0,1.0,0.0,0.0,0.0,0.054861024665232155,0.7464788732394366,0.2857142857142857,0.24369479756981674
902,0.6714285714285715,1.0,1.0,0.0,0.0,0.6666666666666666,0.09210526315789472,0.21654763508961056,0.0,1.0,0.0,1.0,0.0,0.5,0.018634150172792963,0.676056338028169,0.5714285714285714,0.06153315974881299
903,0.0857142857142857,1.0,1.0,0.0,0.0,1.0,0.19078947368421054,0.04285136774019674,1.0,0.0,0.0,1.0,0.0,0.0,0.03150666487141511,0.09859154929577466,0.5714285714285714,0.012176443559503754
904,0.8285714285714286,0.0,0.0,1.0,0.0,1.0,0.3486842105263158,0.5760679153752863,1.0,0.0,1.0,0.0,0.0,0.0,0.05532037252991262,0.8309859154929577,0.42857142857142855,0.204749961709297
905,0.9714285714285714,1.0,0.0,1.0,0.0,0.3333333333333333,0.6578947368421053,0.9999999999999999,1.0,0.0,0.0,0.0,0.0,0.5,0.08836345258096681,0.971830985915493,0.42857142857142855,0.35532815132485834
906,0.14285714285714285,0.0,0.0,0.0,0.0,1.0,0.24342105263157895,0.08314243363428109,1.0,1.0,1.0,1.0,0.0,0.0,0.040870533801730786,0.15492957746478875,0.5714285714285714,0.023625363761678665
907,0.19999999999999998,0.0,1.0,1.0,0.0,0.6666666666666666,0.10526315789473684,0.06939765530251986,1.0,1.0,0.0,1.0,0.0,0.5,0.020043983663210807,0.2112676056338028,0.7142857142857142,0.01634374840455404
908,0.9,1.0,0.0,0.0,0.5,1.0,0.32894736842105265,0.602344697480124,1.0,1.0,0.0,0.0,0.0,0.5,0.05283930254476908,0.07042253521126761,0.42857142857142855,0.21408332056976567
909,0.028571428571428574,0.0,1.0,1.0,0.5,0.6666666666666666,0.21052631578947364,0.019269640210214257,0.0,1.0,0.0,0.0,0.0,0.5,0.03612943763744895,0.0,0.42857142857142855,0.006978480624904273
910,0.9714285714285714,1.0,1.0,0.0,0.0,0.0,0.375,0.7114944077617571,1.0,1.0,0.0,0.0,0.0,0.0,0.059118414402600766,0.971830985915493,0.5714285714285714,0.20217491193138307
911,0.3142857142857143,1.0,0.0,1.0,0.0,0.0,0.3092105263157895,0.20401563131653416,1.0,1.0,1.0,0.0,0.0,0.5,0.0494201532598451,0.323943661971831,0.7142857142857142,0.04822075866646245
912,0.7428571428571429,0.0,0.0,0.0,0.0,0.0,0.45394736842105265,0.6348201051071284,1.0,1.0,1.0,1.0,0.0,0.5,0.07083029537815873,0.7464788732394366,0.5714285714285714,0.18038750191453515
913,0.5142857142857143,1.0,1.0,1.0,0.0,0.3333333333333333,0.6052631578947368,0.5542379733189596,1.0,0.0,0.0,0.0,0.0,0.0,0.09193264895432662,0.5211267605633803,0.5714285714285714,0.1574896615101853
914,0.11428571428571427,0.0,1.0,0.0,0.0,0.3333333333333333,0.13815789473684212,0.04622018595876566,0.0,1.0,0.0,0.0,0.0,0.0,0.024191014765944076,0.1267605633802817,0.2857142857142857,0.022246898453055598
915,0.19999999999999998,1.0,1.0,1.0,1.0,1.0,0.5460526315789473,0.20307236221533484,1.0,0.0,1.0,0.0,0.0,0.5,0.08237511781338361,0.0,0.7142857142857142,0.047997396232194824
916,0.028571428571428574,0.0,1.0,1.0,0.5,0.3333333333333333,0.625,0.04433364775636706,0.0,0.0,0.0,1.0,1.0,0.5,0.09456487590323594,0.0,0.42857142857142855,0.015881069076428243
917,0.9857142857142858,1.0,1.0,0.0,1.0,0.6666666666666666,0.24999999999999997,0.5387414095135427,1.0,0.0,1.0,1.0,0.0,1.0,0.04082402046586778,0.028169014084507043,0.7142857142857142,0.12748251391228876
918,0.22857142857142856,1.0,0.0,0.0,0.5,0.0,0.07894736842105263,0.0711494407761757,0.0,0.0,0.0,0.0,0.0,0.0,0.016854244053889227,0.014084507042253521,0.14285714285714285,0.05134783274620922
919,0.35714285714285715,1.0,1.0,0.0,1.0,1.0,0.5460526315789473,0.3558819566096213,0.0,0.0,0.0,0.0,0.0,1.0,0.08304937287029653,0.014084507042253521,0.2857142857142857,0.16890029100934292
920,0.2857142857142857,0.0,0.0,1.0,0.5,0.3333333333333333,0.4671052631578947,0.25064007546152806,1.0,0.0,0.0,0.0,0.0,0.5,0.0709124366051793,0.014084507042253521,0.2857142857142857,0.11905855924848113
921,0.2857142857142857,1.0,0.0,1.0,1.0,1.0,0.14473684210526314,0.11588734671877104,1.0,1.0,0.0,0.0,0.0,0.5,0.02603114761455949,0.0,0.5714285714285714,0.03293000459488436
922,0.14285714285714285,0.0,1.0,1.0,0.0,0.0,0.29605263157894735,0.09553968467861473,0.0,0.0,1.0,1.0,0.0,0.5,0.04875332019535601,0.15492957746478875,0.5714285714285714,0.027148108439270943
923,0.5285714285714286,1.0,0.0,1.0,0.0,0.3333333333333333,0.381578947368421,0.3942864843013071,1.0,0.0,0.0,0.0,0.0,0.5,0.05972518478099112,0.5352112676056339,0.42857142857142855,0.1401822637463624
924,0.4857142857142857,0.0,1.0,0.0,0.0,0.0,0.11184210526315788,0.1750437946368414,0.0,1.0,0.0,0.0,0.0,0.0,0.022162380503568058,0.49295774647887325,0.2857142857142857,0.08325675192729873
925,0.1857142857142857,1.0,1.0,1.0,1.0,0.0,0.4736842105263158,0.17261824551947177,1.0,1.0,0.0,0.0,0.0,0.5,0.07398680490103676,0.0,0.7142857142857142,0.0407859804972686
926,0.1857142857142857,0.0,1.0,1.0,0.0,0.6666666666666666,0.45394736842105265,0.16520684543862013,1.0,0.0,0.0,0.0,0.0,0.0,0.07028409855931061,0.1971830985915493,0.42857142857142855,0.05881451983458416
927,0.12857142857142856,0.0,1.0,1.0,0.0,0.6666666666666666,0.5855263157894737,0.14310739792480798,1.0,0.0,1.0,1.0,1.0,0.0,0.0882186616399623,0.14084507042253522,0.7142857142857142,0.03379792719661
928,0.15714285714285714,0.0,0.0,1.0,0.0,0.3333333333333333,0.375,0.12370300498585095,0.0,0.0,0.0,0.0,0.0,0.5,0.060006283380458686,0.16901408450704225,0.14285714285714285,0.08868126818808393
929,0.5285714285714286,1.0,0.0,1.0,0.5,0.0,0.381578947368421,0.39280420428513674,1.0,1.0,0.0,0.0,0.0,0.0,0.05945235378739025,0.04225352112676056,0.5714285714285714,0.11161739929545106
930,0.4714285714285714,1.0,1.0,1.0,0.0,1.0,0.4078947368421053,0.372726047702466,1.0,0.0,0.0,0.0,0.0,0.5,0.06386871430947497,0.47887323943661975,0.5714285714285714,0.10591208454587227
931,0.5714285714285715,1.0,0.0,1.0,0.5,0.6666666666666666,0.18421052631578946,0.2581862282711225,0.0,1.0,0.0,0.0,0.0,0.0,0.03117169720236316,0.04225352112676056,0.42857142857142855,0.09184025118701179
932,0.12857142857142856,1.0,1.0,1.0,1.0,0.6666666666666666,0.5,0.1273413286619054,1.0,0.0,0.0,0.0,1.0,0.5,0.07719132893496701,0.0,0.5714285714285714,0.03618471435135549
933,0.22857142857142856,0.0,0.0,0.0,1.0,0.6666666666666666,0.4407894736842105,0.19768225306562456,1.0,1.0,1.0,0.0,0.0,0.0,0.06891389920718523,0.0,0.42857142857142855,0.07034959411854802
934,0.22857142857142856,1.0,1.0,1.0,0.0,1.0,0.5526315789473684,0.9999999999999999,1.0,0.0,0.0,1.0,0.0,0.5,0.39901313965737095,0.23943661971830987,0.7142857142857142,0.23670674426915814
935,0.9428571428571428,0.0,1.0,1.0,0.0,0.6666666666666666,0.506578947368421,0.8740061986255221,0.0,1.0,1.0,1.0,0.0,0.5,0.07824215398033396,0.943661971830986,0.7142857142857142,0.20687190483483942
936,0.8714285714285714,1.0,1.0,0.0,0.0,0.6666666666666666,0.42105263157894735,0.698288640344967,0.0,1.0,0.0,0.0,0.0,0.5,0.065793074093217,0.8732394366197184,0.42857142857142855,0.24816204625516924
937,0.0,1.0,1.0,0.0,0.0,1.0,0.11184210526315788,0.0032340654898261683,1.0,1.0,1.0,1.0,0.0,1.0,0.022620169651272386,0.014084507042253521,0.8571428571428571,0.0005032492396560401
938,0.15714285714285714,1.0,1.0,0.0,0.0,1.0,1.0,0.17746934375421103,1.0,1.0,1.0,1.0,0.0,1.0,0.09134464341815897,0.16901408450704225,0.8571428571428571,0.03586744852635494
939,0.04285714285714286,1.0,0.0,0.0,0.5,0.6666666666666666,0.24342105263157895,0.02856757849346449,0.0,0.0,1.0,0.0,0.0,0.5,0.04005655042412818,0.0,0.2857142857142857,0.013886761627610149
940,0.5857142857142857,0.0,1.0,1.0,0.0,1.0,0.6381578947368421,0.656111036248484,0.0,1.0,1.0,0.0,0.0,0.5,0.09638256810735604,0.5915492957746479,0.5714285714285714,0.18643743299126972
941,0.17142857142857143,1.0,0.0,0.0,1.0,0.3333333333333333,0.26973684210526316,0.10335534294569464,1.0,1.0,1.0,1.0,0.0,0.0,0.043427825708692816,0.0,0.7142857142857142,0.02438479603818859
942,0.04285714285714286,1.0,0.0,1.0,1.0,1.0,0.09868421052631579,0.016574585635359115,1.0,1.0,0.0,1.0,0.0,0.5,0.019085768143261073,0.0,0.7142857142857142,0.0038354520855669576
943,0.9714285714285714,0.0,1.0,1.0,0.0,0.3333333333333333,0.5855263157894737,0.9999999999999999,1.0,0.0,1.0,1.0,0.0,0.5,0.08836345258096681,0.971830985915493,0.7142857142857142,0.23670674426915814
944,0.2571428571428571,1.0,1.0,0.0,1.0,0.3333333333333333,1.0,0.25576067915375283,0.0,1.0,0.0,0.0,0.0,0.5,0.08165087553946128,0.0,0.42857142857142855,0.09097871036912238
945,0.014285714285714285,1.0,0.0,1.0,0.5,0.6666666666666666,0.5197368421052632,0.28783182859452905,0.0,1.0,1.0,1.0,1.0,0.5,0.9999999999999999,0.0,0.7142857142857142,0.06806810639710012
946,0.15714285714285714,1.0,1.0,0.0,0.0,0.6666666666666666,0.05921052631578946,0.046893949602479446,1.0,0.0,1.0,0.0,0.0,0.5,0.015237197612315425,0.16901408450704225,0.5714285714285714,0.013325164650022975
947,0.07142857142857142,1.0,1.0,0.0,0.0,1.0,0.5789473684210527,0.08785877914027758,1.0,0.0,0.0,0.0,1.0,0.0,0.09142318567389256,0.08450704225352113,0.42857142857142855,0.031340940419666105
948,0.09999999999999999,1.0,1.0,1.0,0.0,0.6666666666666666,0.39473684210526316,0.08597224093787897,1.0,0.0,1.0,1.0,1.0,0.0,0.06361922714420358,0.11267605633802817,0.8571428571428571,0.017296457562960856
949,0.7142857142857143,0.0,1.0,0.0,0.0,1.0,0.3157894736842105,0.4588330413690877,1.0,0.0,1.0,1.0,0.0,0.0,0.049989835708081534,0.7183098591549296,0.5714285714285714,0.1303798437739317
950,0.14285714285714285,1.0,0.0,1.0,0.5,0.6666666666666666,0.6052631578947368,0.16305080177873602,1.0,1.0,0.0,0.0,1.0,0.5,0.09168023305629337,0.0,0.5714285714285714,0.04633175065094195
951,0.8857142857142858,1.0,1.0,1.0,0.0,0.0,0.4407894736842105,0.733728608004312,0.0,0.0,1.0,1.0,0.0,0.0,0.06847388657002228,0.8873239436619719,0.7142857142857142,0.1736547199673253
952,0.8,1.0,1.0,0.0,0.5,0.6666666666666666,0.09210526315789472,0.25360463549386875,1.0,0.0,0.0,0.0,0.0,0.5,0.018155662483258096,0.056338028169014086,0.42857142857142855,0.09021289630877623
953,0.15714285714285714,1.0,1.0,1.0,0.0,0.3333333333333333,0.3421052631578947,0.11305753941517314,0.0,0.0,1.0,0.0,0.0,1.0,0.053801445177505486,0.16901408450704225,0.5714285714285714,0.03212589983152091
954,0.014285714285714285,0.0,0.0,0.0,0.0,0.0,0.42105263157894735,0.021156178412612855,1.0,1.0,0.0,1.0,1.0,0.5,0.06738925541941565,0.028169014084507043,0.42857142857142855,0.007648567927707153
955,0.09999999999999999,0.0,0.0,1.0,0.0,0.3333333333333333,0.5921052631578947,0.11453981943134346,0.0,0.0,1.0,1.0,1.0,1.0,0.0885956644674835,0.11267605633802817,0.42857142857142855,0.04081788941644968
956,0.14285714285714285,1.0,1.0,1.0,0.0,0.6666666666666666,0.18421052631578946,0.06953240803126262,0.0,1.0,0.0,0.0,0.0,0.5,0.03221660526090309,0.15492957746478875,0.5714285714285714,0.01975800275693062
957,0.7428571428571429,0.0,1.0,0.0,0.0,0.6666666666666666,0.5263157894736842,0.7069128149845034,1.0,0.0,1.0,1.0,0.0,0.5,0.08034428182739672,0.7464788732394366,0.5714285714285714,0.20087302802879461
958,0.12857142857142856,1.0,1.0,1.0,0.0,0.6666666666666666,0.5263157894736842,0.13273143781161567,0.0,1.0,1.0,1.0,1.0,1.0,0.08096135721017908,0.14084507042253522,0.8571428571428571,0.02678708181082205
959,0.09999999999999999,1.0,1.0,1.0,1.0,0.3333333333333333,0.08552631578947367,0.033822934914432015,1.0,1.0,0.0,1.0,0.0,0.5,0.01802544769085768,0.0,0.8571428571428571,0.006711813228890882
960,0.49999999999999994,0.0,1.0,1.0,0.5,0.6666666666666666,0.013157894736842118,0.10308583748820913,0.0,0.0,0.0,0.0,0.0,0.0,0.0071997067755785946,0.04225352112676056,0.2857142857142857,0.049178026241895136
961,0.1857142857142857,1.0,0.0,0.0,0.0,0.0,0.38815789473684215,0.14337690338229347,0.0,1.0,1.0,0.0,0.0,0.5,0.05937794533459001,0.1971830985915493,0.42857142857142855,0.05106065247357942
962,0.7571428571428571,1.0,1.0,1.0,0.0,0.3333333333333333,0.5197368421052632,0.7166150114539819,1.0,0.0,1.0,1.0,0.0,1.0,0.07986874716375188,0.7605633802816901,0.8571428571428571,0.14529680764938843
963,0.2857142857142857,1.0,1.0,0.0,0.0,0.0,0.368421052631579,0.21223554776984233,0.0,0.0,0.0,0.0,0.0,0.5,0.05812126924285266,0.29577464788732394,0.2857142857142857,0.10087047531526011
964,0.7000000000000001,0.0,0.0,1.0,0.0,0.6666666666666666,0.5394736842105263,0.6800970219646948,0.0,0.0,1.0,1.0,0.0,1.0,0.08220546654099906,0.7042253521126761,0.42857142857142855,0.24170049012099862
965,0.5428571428571429,1.0,1.0,0.0,0.5,0.3333333333333333,0.4144736842105263,0.4310739792480797,0.0,1.0,0.0,0.0,0.0,0.5,0.06445298339737549,0.04225352112676056,0.42857142857142855,0.15324896615101855
966,0.2714285714285714,1.0,1.0,0.0,1.0,0.3333333333333333,0.4342105263157895,0.22813636976148766,0.0,0.0,0.0,1.0,0.0,0.5,0.06724787935909518,0.0,0.42857142857142855,0.08116671772093735
967,0.0857142857142857,0.0,1.0,1.0,0.5,1.0,0.019736842105263164,0.019404392938957012,1.0,0.0,0.0,1.0,0.0,1.0,0.008078632018311566,0.0,0.5714285714285714,0.005513861234492265
968,0.11428571428571427,1.0,1.0,1.0,0.0,1.0,0.05921052631578946,0.03368818218568926,0.0,1.0,1.0,0.0,0.0,0.5,0.014451775054979576,0.1267605633802817,0.7142857142857142,0.007887884821565324
969,0.0,0.0,0.0,0.0,1.0,1.0,0.48026315789473684,0.009702196469478506,0.0,0.0,0.0,1.0,1.0,0.5,0.06786050895381715,0.0,0.14285714285714285,0.007696431306478787
970,0.35714285714285715,1.0,1.0,0.0,0.0,0.3333333333333333,0.506578947368421,0.33607330548443604,0.0,1.0,1.0,1.0,0.0,0.5,0.07772058290437178,0.36619718309859156,0.7142857142857142,0.07949149946393017
971,0.5285714285714286,1.0,1.0,1.0,1.0,1.0,0.36184210526315785,0.37771189866594795,0.0,1.0,1.0,0.0,0.0,0.0,0.05667443821618136,0.014084507042253521,0.7142857142857142,0.08935135549088681
972,0.5285714285714286,1.0,1.0,0.0,0.0,0.3333333333333333,0.39473684210526316,0.4062794771594124,1.0,0.0,0.0,0.0,0.0,0.0,0.06193263554739818,0.5352112676056339,0.42857142857142855,0.14444210445703784
973,0.8571428571428572,1.0,0.0,0.0,0.0,0.6666666666666666,0.4078947368421053,0.666082738175448,1.0,0.0,0.0,0.0,0.0,1.0,0.06339518857866844,0.8591549295774648,0.2857142857142857,0.31580895491907895
974,0.6142857142857143,0.0,1.0,0.0,0.0,0.6666666666666666,0.07236842105263158,0.17854736558415307,0.0,1.0,1.0,0.0,0.0,0.5,0.015487104789649559,0.619718309859155,0.42857142857142855,0.06355299433297595
975,0.6142857142857143,1.0,1.0,0.0,0.0,0.6666666666666666,0.4407894736842105,0.5123298746799623,0.0,1.0,1.0,0.0,0.0,1.0,0.06854596864021935,0.619718309859155,0.5714285714285714,0.14558125287180274
976,0.8714285714285714,1.0,0.0,1.0,0.5,0.0,0.3157894736842105,0.5632664061447243,1.0,0.0,0.0,1.0,0.0,0.5,0.05056094372320695,0.07042253521126761,0.5714285714285714,0.1600551386123449
977,0.07142857142857142,0.0,1.0,0.0,0.5,0.0,0.4013157894736842,0.06400754615280958,0.0,1.0,1.0,1.0,1.0,1.0,0.06361922714420358,0.0,0.5714285714285714,0.018188083933221015
978,0.22857142857142856,0.0,0.0,1.0,0.0,1.0,0.375,0.17234874006198625,0.0,1.0,0.0,1.0,0.0,0.5,0.05849087985806953,0.23943661971830987,0.42857142857142855,0.06135127890948078
979,0.7142857142857143,1.0,1.0,1.0,0.5,0.6666666666666666,0.506578947368421,0.6567847998921977,0.0,0.0,0.0,1.0,0.0,0.5,0.07713773539576056,0.056338028169014086,0.5714285714285714,0.18662888650635626
980,0.5285714285714286,1.0,1.0,1.0,0.0,1.0,0.21052631578947364,0.2646543592507748,0.0,1.0,0.0,0.0,0.0,0.5,0.03586487424971477,0.5352112676056339,0.5714285714285714,0.07520294072599173
981,0.32857142857142857,1.0,1.0,1.0,0.0,0.6666666666666666,0.24999999999999997,0.1828594529039213,0.0,0.0,1.0,1.0,0.0,0.5,0.04064561734213006,0.3380281690140845,0.7142857142857142,0.0432110583550314
982,0.7142857142857143,1.0,1.0,1.0,1.0,0.3333333333333333,0.26315789473684215,0.4046624444144994,0.0,1.0,0.0,0.0,0.0,0.5,0.042560662342222465,0.028169014084507043,0.5714285714285714,0.11498698116097411
983,0.12857142857142856,1.0,1.0,1.0,1.0,0.3333333333333333,0.506578947368421,0.12882360867807574,0.0,0.0,0.0,1.0,1.0,0.5,0.07822808671065033,0.0,0.5714285714285714,0.036605912084545875
984,0.2857142857142857,1.0,1.0,1.0,0.0,0.6666666666666666,0.2894736842105263,0.1762565691955262,1.0,1.0,1.0,1.0,0.0,0.5,0.04613796508235716,0.29577464788732394,1.0,0.031101623525807934
985,0.9857142857142858,1.0,1.0,0.0,0.0,0.3333333333333333,0.11842105263157895,0.35332165476350896,1.0,0.0,0.0,0.0,0.0,0.0,0.022297024370539924,0.9859154929577465,0.42857142857142855,0.12563179659978557
986,0.8,1.0,1.0,1.0,0.0,0.6666666666666666,0.6513157894736842,0.910119929928581,1.0,1.0,1.0,1.0,0.0,1.0,0.09871521404831589,0.8028169014084507,1.0,0.161433603920968
987,0.5428571428571429,0.0,1.0,1.0,0.5,0.0,0.32894736842105265,0.35965503301441853,1.0,0.0,1.0,1.0,0.0,0.5,0.05164455400082167,0.04225352112676056,0.7142857142857142,0.08507556032062083
988,0.45714285714285713,1.0,0.0,1.0,1.0,0.3333333333333333,0.07236842105263158,0.1339442123703005,1.0,0.0,0.0,0.0,0.0,0.5,0.015594207865649901,0.014084507042253521,0.42857142857142855,0.04771021595956502
989,0.8285714285714286,1.0,1.0,1.0,0.0,0.6666666666666666,0.44736842105263164,0.6885864438754884,0.0,0.0,0.0,0.0,0.0,1.0,0.0686592437578875,0.8309859154929577,0.42857142857142855,0.24471588298361158
990,0.24285714285714283,0.0,0.0,1.0,1.0,0.3333333333333333,0.48684210526315785,0.22840587521897318,0.0,1.0,1.0,0.0,0.0,0.0,0.0762907110692219,0.0,0.42857142857142855,0.08126244447848062
991,0.7857142857142857,0.0,1.0,1.0,0.0,0.6666666666666666,0.3355263157894737,0.5256703948254952,1.0,0.0,0.0,0.0,0.0,0.0,0.052696243436111484,0.7887323943661972,0.42857142857142855,0.18684905804870577
992,0.8,1.0,1.0,0.0,0.0,0.6666666666666666,0.4276315789473685,0.6486996361676324,0.0,1.0,0.0,0.0,0.0,1.0,0.06663690328554657,0.8028169014084507,0.42857142857142855,0.23054832286720783
993,0.6714285714285715,0.0,1.0,0.0,1.0,1.0,0.11842105263157895,0.2386470826034227,1.0,0.0,0.0,1.0,0.0,0.5,0.02185438265786993,0.028169014084507043,0.42857142857142855,0.08490006126512482
994,0.5857142857142857,1.0,0.0,0.0,0.0,0.3333333333333333,0.24342105263157895,0.3204419889502762,1.0,1.0,1.0,1.0,0.0,1.0,0.04048292266953907,0.5915492957746479,0.7142857142857142,0.07579006483892378
995,0.3714285714285714,0.0,0.0,1.0,0.0,1.0,0.11184210526315788,0.12976687777927504,0.0,1.0,1.0,0.0,0.0,0.5,0.02090969385974098,0.38028169014084506,0.42857142857142855,0.046226451217644356
996,0.7285714285714286,1.0,1.0,1.0,0.5,0.3333333333333333,0.256578947368421,0.4099178008354669,1.0,1.0,1.0,1.0,0.0,1.0,0.042195316464873484,0.056338028169014086,1.0,0.07259917292081483
997,0.5857142857142857,0.0,0.0,1.0,0.0,0.3333333333333333,0.375,0.43161299016305077,0.0,0.0,0.0,1.0,0.0,1.0,0.05899645437816975,0.5915492957746479,0.2857142857142857,0.2047659161688875
998,0.44285714285714284,0.0,1.0,0.0,0.0,0.6666666666666666,0.29605263157894735,0.27583883573642365,1.0,0.0,1.0,1.0,0.0,0.5,0.047508246936852024,0.4507042253521127,0.5714285714285714,0.07838106907642824
999,0.35714285714285715,1.0,1.0,1.0,1.0,1.0,0.39473684210526316,0.2750303193639671,0.0,1.0,1.0,1.0,0.0,0.5,0.061299209744073074,0.014084507042253521,0.8571428571428571,0.05566921208673391
1000,0.34285714285714286,1.0,0.0,1.0,0.5,0.0,0.3355263157894737,0.23500875892736828,0.0,0.0,0.0,0.0,0.0,0.5,0.05308199811498586,0.028169014084507043,0.2857142857142857,0.11165568999846838
1001,0.3142857142857143,0.0,0.0,1.0,1.0,1.0,0.21052631578947364,0.16197277994879394,1.0,0.0,0.0,1.0,0.0,1.0,0.036634839978691144,0.0,0.42857142857142855,0.05766579874406494
1002,0.8,1.0,0.0,1.0,0.0,0.6666666666666666,0.09868421052631579,0.2627678210483762,0.0,0.0,0.0,1.0,0.0,0.5,0.01928005688112836,0.8028169014084507,0.42857142857142855,0.09346760606524736
1003,0.7285714285714286,1.0,1.0,0.0,0.0,0.3333333333333333,0.17105263157894737,0.315590890715537,1.0,1.0,0.0,0.0,0.0,0.5,0.02950772130790981,0.7323943661971831,0.5714285714285714,0.08967682646653392
1004,0.42857142857142855,1.0,1.0,0.0,1.0,0.0,0.13815789473684212,0.16372456542244979,0.0,0.0,0.0,0.0,0.0,0.5,0.024170745796722508,0.014084507042253521,0.2857142857142857,0.07789605350487569
1005,0.9,1.0,1.0,0.0,0.0,1.0,0.4671052631578947,0.7817005794367335,0.0,0.0,0.0,0.0,0.0,0.5,0.0724405042412818,0.9014084507042254,0.2857142857142857,0.37056466023382856
1006,1.0,1.0,1.0,1.0,0.0,0.0,0.5394736842105263,0.9752054979113326,0.0,1.0,0.0,0.0,0.0,0.0,0.08306009478169678,1.0,0.5714285714285714,0.27710981773625365
1007,0.45714285714285713,1.0,0.0,0.0,0.0,0.3333333333333333,0.48026315789473684,0.4078965099043255,1.0,0.0,0.0,0.0,0.0,0.5,0.07365835546796905,0.4647887323943662,0.2857142857142857,0.19353397661714403
1008,0.014285714285714285,1.0,1.0,0.0,0.0,1.0,0.4276315789473685,0.021021425683870096,1.0,1.0,0.0,0.0,1.0,0.5,0.06691800188501414,0.028169014084507043,0.5714285714285714,0.005973349670699954
1009,0.24285714285714283,0.0,1.0,0.0,0.0,0.3333333333333333,0.20394736842105263,0.12518528500202128,0.0,0.0,1.0,1.0,0.0,0.5,0.036181799141271336,0.2535211267605634,0.42857142857142855,0.04459909633940879
1010,0.6571428571428571,1.0,1.0,1.0,1.0,0.3333333333333333,0.4736842105263158,0.5763374208327718,1.0,0.0,1.0,1.0,0.0,0.5,0.07285379108428419,0.014084507042253521,0.8571428571428571,0.11682493490580487
1011,0.45714285714285713,1.0,1.0,1.0,1.0,0.6666666666666666,0.4013157894736842,0.3579032475407627,1.0,1.0,0.0,0.0,0.0,0.5,0.06306229114900179,0.014084507042253521,0.7142857142857142,0.08466074437126665
1012,0.4857142857142857,1.0,1.0,0.0,0.0,1.0,0.032894736842105254,0.11467457216008622,0.0,1.0,0.0,1.0,0.0,1.0,0.010098290022889457,0.49295774647887325,0.5714285714285714,0.032585388267728596
1013,0.7142857142857143,1.0,1.0,1.0,0.5,0.0,0.5986842105263158,0.7591968737366931,0.0,1.0,0.0,1.0,0.0,0.5,0.09118293877400159,0.056338028169014086,0.7142857142857142,0.1796855056925512
1014,0.24285714285714283,1.0,0.0,0.0,1.0,0.6666666666666666,0.05263157894736842,0.06697210618515023,1.0,1.0,0.0,1.0,0.0,0.5,0.013561629489998953,0.0,0.5714285714285714,0.019030479399601778
1015,0.41428571428571426,1.0,1.0,0.0,0.5,0.6666666666666666,0.3355263157894737,0.28203746125859047,1.0,0.0,0.0,1.0,0.0,0.0,0.05300031416902293,0.028169014084507043,0.5714285714285714,0.08014244141522438
1016,0.6142857142857143,1.0,0.0,1.0,0.0,1.0,0.3421052631578947,0.42096752459237297,0.0,0.0,1.0,1.0,0.0,0.5,0.05402279153457287,0.619718309859155,0.5714285714285714,0.11962015622606832
1017,0.7428571428571429,1.0,1.0,1.0,0.0,0.0,0.5526315789473684,0.7393882226115078,0.0,1.0,0.0,1.0,0.0,0.5,0.08463002151761422,0.7464788732394366,0.7142857142857142,0.17499489457293105
1018,0.12857142857142856,1.0,1.0,1.0,0.0,0.6666666666666666,0.6052631578947368,0.1474194852445762,0.0,0.0,1.0,1.0,1.0,0.0,0.09123468426013194,0.14084507042253522,0.7142857142857142,0.03481901261040486
1019,0.7285714285714286,1.0,1.0,0.0,0.0,0.6666666666666666,0.618421052631579,0.7970623905134079,1.0,1.0,0.0,1.0,0.0,0.0,0.09426883201624012,0.7323943661971831,0.7142857142857142,0.18865191198243733
1020,0.6857142857142857,1.0,0.0,0.0,0.0,0.6666666666666666,0.375,0.5065355073440236,1.0,0.0,0.0,1.0,0.0,0.0,0.05937794533459001,0.6901408450704225,0.42857142857142855,0.1800524582631337
1021,0.14285714285714285,0.0,1.0,1.0,0.0,0.6666666666666666,0.44736842105263164,0.12976687777927504,1.0,1.0,0.0,0.0,1.0,0.5,0.07051666523862565,0.15492957746478875,0.5714285714285714,0.03687394700566703
1022,0.9285714285714286,1.0,1.0,1.0,0.0,0.0,0.05921052631578946,0.25387414095135424,0.0,0.0,0.0,0.0,0.0,1.0,0.013909119469911177,0.9295774647887324,0.42857142857142855,0.0903086230663195
1023,0.8142857142857143,1.0,1.0,1.0,0.0,0.6666666666666666,0.3223684210526315,0.5330817949063468,1.0,1.0,1.0,0.0,0.0,0.5,0.05131788488413663,0.8169014084507042,0.8571428571428571,0.10804542371397939
1024,0.49999999999999994,1.0,1.0,0.0,0.0,0.6666666666666666,0.5921052631578947,0.5303867403314917,0.0,1.0,0.0,0.0,0.0,1.0,0.09021887108597759,0.5070422535211268,0.42857142857142855,0.18852427630571297
1025,0.45714285714285713,0.0,0.0,1.0,0.0,0.3333333333333333,0.30263157894736836,0.29025737771189863,0.0,0.0,1.0,0.0,0.0,0.5,0.04872475937508926,0.4647887323943662,0.2857142857142857,0.13782100372696177
1026,0.6571428571428571,1.0,0.0,1.0,0.5,0.6666666666666666,0.04605263157894737,0.17019269640210213,0.0,1.0,0.0,0.0,0.0,1.0,0.012413018629554615,0.04225352112676056,0.42857142857142855,0.06058546484913463
1027,0.17142857142857143,0.0,1.0,0.0,0.0,1.0,0.13815789473684212,0.0673763643713785,1.0,0.0,0.0,1.0,0.0,0.5,0.02407018052635395,0.18309859154929578,0.42857142857142855,0.0240657068463777
1028,0.5571428571428572,1.0,1.0,1.0,1.0,0.3333333333333333,0.2828947368421052,0.3382293491443202,0.0,0.0,0.0,0.0,0.0,0.5,0.04627709707822809,0.014084507042253521,0.42857142857142855,0.12027109817736253
1029,0.9571428571428572,0.0,0.0,1.0,1.0,0.0,0.15789473684210528,0.40061986255221665,0.0,0.0,1.0,0.0,0.0,1.0,0.028205910073737323,0.028169014084507043,0.2857142857142857,0.19008781334558636
1030,0.5857142857142857,0.0,1.0,1.0,0.5,0.0,0.26315789473684215,0.33445627273952294,1.0,0.0,1.0,1.0,0.0,0.0,0.0428167496970513,0.04225352112676056,0.7142857142857142,0.07910859243375709
1031,0.2571428571428571,0.0,1.0,1.0,0.5,1.0,0.2236842105263158,0.13353995418407222,1.0,1.0,0.0,0.0,0.0,0.5,0.0366585644129173,0.014084507042253521,0.5714285714285714,0.037946086690151634
1032,0.2571428571428571,0.0,1.0,1.0,1.0,0.6666666666666666,0.21052631578947364,0.1301711359655033,0.0,0.0,0.0,0.0,0.0,1.0,0.03541842353291334,0.0,0.2857142857142857,0.06200541175269311
1033,0.8142857142857143,1.0,1.0,0.0,0.0,0.0,0.06578947368421054,0.2263845842878318,1.0,0.0,0.0,1.0,0.0,1.0,0.01433260749455621,0.8169014084507042,0.5714285714285714,0.06432838106907643
1034,0.3142857142857143,1.0,1.0,0.0,1.0,0.0,0.5855263157894737,0.3359385527556933,1.0,1.0,0.0,0.0,0.0,0.5,0.08953817153628651,0.0,0.5714285714285714,0.09545872262214734
1035,0.7571428571428571,0.0,0.0,0.0,0.5,0.6666666666666666,0.4605263157894737,0.647756367066433,1.0,0.0,0.0,1.0,0.0,0.5,0.07094983767933814,0.056338028169014086,0.2857142857142857,0.30712972890182266
1036,0.9142857142857143,0.0,1.0,0.0,0.5,1.0,0.4144736842105263,0.7191753133000943,1.0,0.0,0.0,1.0,0.0,0.5,0.06439498296237221,0.07042253521126761,0.42857142857142855,0.2555808699647726
1037,0.15714285714285714,0.0,1.0,1.0,0.0,0.3333333333333333,0.4013157894736842,0.12680231774693437,0.0,0.0,1.0,1.0,0.0,0.5,0.061812755262331126,0.16901408450704225,0.5714285714285714,0.03603155153928626
1038,0.32857142857142857,1.0,0.0,1.0,0.0,0.6666666666666666,0.26315789473684215,0.19054035844225845,0.0,1.0,1.0,0.0,0.0,0.0,0.04288407163053723,0.3380281690140845,0.5714285714285714,0.054143054066472664
1039,0.4714285714285714,0.0,1.0,1.0,0.5,1.0,0.5460526315789473,0.46610968872119657,0.0,0.0,0.0,0.0,0.0,1.0,0.08307922603537173,0.028169014084507043,0.2857142857142857,0.22110328278960537
1040,0.7428571428571429,1.0,1.0,0.0,0.5,1.0,0.6118421052631579,0.805282306966716,0.0,1.0,1.0,0.0,0.0,0.5,0.09332598296374016,0.056338028169014086,0.5714285714285714,0.228825241231429
1041,0.09999999999999999,1.0,1.0,0.0,0.5,0.3333333333333333,0.006578947368421045,0.018326371109014958,0.0,0.0,1.0,0.0,0.0,0.5,0.004476908576814327,0.0,0.42857142857142855,0.006643436973502833
1042,0.24285714285714283,0.0,1.0,1.0,0.0,0.3333333333333333,0.05263157894736842,0.06548982616897991,0.0,0.0,1.0,1.0,0.0,0.5,0.012985652947952665,0.2535211267605634,0.5714285714285714,0.018609281666411397
1043,0.8,1.0,0.0,1.0,0.0,0.0,1.0,0.6689125454790459,1.0,1.0,1.0,1.0,0.0,0.0,0.0691171850455545,0.8028169014084507,0.8571428571428571,0.13561472988644072
1044,0.05714285714285714,0.0,0.0,1.0,0.0,0.6666666666666666,0.15789473684210528,0.028837083950950006,0.0,0.0,0.0,0.0,0.0,0.5,0.029783223374175306,0.07042253521126761,0.14285714285714285,0.021289630877622912
1045,0.35714285714285715,0.0,1.0,1.0,0.0,0.6666666666666666,0.6052631578947368,0.38647082603422717,1.0,0.0,1.0,0.0,0.0,0.5,0.09127818458638438,0.36619718309859156,0.5714285714285714,0.10981773625363761
1046,0.41428571428571426,0.0,0.0,0.0,0.0,0.6666666666666666,0.4407894736842105,0.34806629834254144,1.0,0.0,1.0,0.0,0.0,0.5,0.06839459629280552,0.4225352112676056,0.2857142857142857,0.16519885638433654
1047,0.7571428571428571,1.0,1.0,1.0,0.0,0.0,0.24342105263157895,0.412073844495351,1.0,1.0,0.0,1.0,0.0,0.5,0.040423080950884906,0.7605633802816901,0.8571428571428571,0.08348467277859221
1048,0.17142857142857143,1.0,0.0,0.0,0.0,0.0,0.2763157894736842,0.10537663387683599,1.0,0.0,0.0,0.0,0.0,0.0,0.04451533386500399,0.18309859154929578,0.2857142857142857,0.05026292949405217
1049,0.39999999999999997,0.0,1.0,1.0,0.0,0.3333333333333333,0.4605263157894737,0.3495485783587117,1.0,0.0,0.0,1.0,0.0,0.0,0.07156553674152556,0.4084507042253521,0.5714285714285714,0.09932608362689539
1050,0.028571428571428574,0.0,1.0,0.0,0.0,1.0,0.09868421052631579,0.01320576741679019,1.0,0.0,1.0,1.0,0.0,1.0,0.02199183160540371,0.04225352112676056,0.5714285714285714,0.003752488895696125
1051,0.8142857142857143,1.0,1.0,0.0,1.0,0.0,0.5855263157894737,0.8448996092170866,0.0,1.0,1.0,0.0,0.0,0.0,0.08892066690500178,0.028169014084507043,0.5714285714285714,0.24008270791851738
1052,0.014285714285714285,0.0,1.0,0.0,0.5,1.0,0.006578947368421045,0.004177334591025468,1.0,1.0,1.0,0.0,0.0,0.5,0.008011310084825637,0.0,0.5714285714285714,0.0011870117935365294
1053,0.3857142857142857,0.0,1.0,1.0,0.5,0.6666666666666666,0.6447368421052632,0.43983290661635893,0.0,0.0,1.0,1.0,0.0,0.0,0.09714555002019658,0.028169014084507043,0.5714285714285714,0.12498085464849135
1054,0.014285714285714285,0.0,1.0,1.0,0.0,1.0,0.11184210526315788,0.11386605578762968,0.0,1.0,1.0,0.0,0.0,0.5,0.39161168708765315,0.028169014084507043,0.5714285714285714,0.03235564404962475
1055,0.0857142857142857,1.0,0.0,1.0,0.5,1.0,0.493421052631579,0.08772402641153482,0.0,0.0,0.0,0.0,1.0,0.5,0.07634307257304429,0.0,0.2857142857142857,0.04190279266860673
1056,0.35714285714285715,1.0,1.0,1.0,0.0,0.3333333333333333,0.02631578947368421,0.08219916453308178,1.0,1.0,0.0,1.0,0.0,0.5,0.009425070688030161,0.36619718309859156,0.8571428571428571,0.016530643502614708
1057,0.21428571428571427,1.0,0.0,0.0,1.0,0.6666666666666666,0.2894736842105263,0.13502223420024256,0.0,0.0,0.0,0.0,0.0,0.0,0.04665409990574929,0.0,0.14285714285714285,0.09672231582171849
1058,0.3142857142857143,0.0,1.0,0.0,0.5,0.3333333333333333,0.42105263157894735,0.25643444279746663,1.0,0.0,0.0,1.0,0.0,0.0,0.06536081629307872,0.014084507042253521,0.42857142857142855,0.09121802726298055
1059,0.5571428571428572,1.0,1.0,1.0,0.0,1.0,0.05263157894736842,0.14324215065355073,0.0,0.0,0.0,0.0,0.0,0.5,0.012181903864278983,0.5633802816901409,0.42857142857142855,0.05101278909480778
1060,0.8428571428571429,0.0,0.0,1.0,1.0,0.6666666666666666,0.29605263157894735,0.5187980056596145,0.0,1.0,0.0,0.0,0.0,0.5,0.04750235626767201,0.028169014084507043,0.2857142857142857,0.24605605758921734
1061,0.44285714285714284,0.0,1.0,1.0,0.0,0.6666666666666666,0.20394736842105263,0.21654763508961056,1.0,0.0,0.0,1.0,0.0,0.5,0.034548774740810556,0.4507042253521127,0.5714285714285714,0.06153315974881299
1062,0.19999999999999998,1.0,0.0,0.0,0.0,0.6666666666666666,0.32894736842105265,0.13987333243498182,1.0,0.0,0.0,0.0,0.0,0.5,0.05290606346214263,0.2112676056338028,0.2857142857142857,0.06660029611477
1063,0.17142857142857143,1.0,0.0,0.0,0.5,1.0,0.3355263157894737,0.12127745586848132,1.0,0.0,1.0,1.0,0.0,0.5,0.0530703980279852,0.014084507042253521,0.5714285714285714,0.03446163271557666
1064,0.05714285714285714,1.0,1.0,1.0,0.0,0.6666666666666666,0.5197368421052632,0.06495081525400888,0.0,1.0,1.0,1.0,1.0,0.5,0.08030160226201696,0.07042253521126761,0.8571428571428571,0.013029779226746604
1065,0.7285714285714286,0.0,1.0,1.0,0.0,1.0,0.08552631578947367,0.2267888424740601,0.0,0.0,0.0,0.0,0.0,0.5,0.017563256724425436,0.7323943661971831,0.2857142857142857,0.10776280185837545
1066,0.5714285714285715,1.0,1.0,0.0,0.5,0.3333333333333333,0.05921052631578946,0.15536989624039887,0.0,0.0,1.0,1.0,0.0,0.0,0.013631870531711915,0.04225352112676056,0.5714285714285714,0.04414918057895543
1067,0.7428571428571429,0.0,1.0,0.0,0.0,0.0,0.26973684210526316,0.426492386470826,1.0,1.0,0.0,1.0,0.0,0.0,0.04333754201269717,0.7464788732394366,0.5714285714285714,0.12119007504977791
1068,0.7000000000000001,0.0,1.0,1.0,0.5,0.0,0.5855263157894737,0.7317073170731707,1.0,0.0,0.0,0.0,0.0,0.5,0.08942507068803016,0.056338028169014086,0.42857142857142855,0.26003216419053454
1069,0.19999999999999998,1.0,0.0,0.0,1.0,0.6666666666666666,0.5657894736842105,0.21210079504109958,1.0,1.0,0.0,0.0,0.0,0.5,0.08658498272070372,0.0,0.42857142857142855,0.07547097564711289
1070,0.0857142857142857,0.0,1.0,0.0,0.0,1.0,0.368421052631579,0.07141894623366123,0.0,0.0,1.0,0.0,1.0,0.0,0.060051164669449306,0.09859154929577466,0.2857142857142857,0.03418083422678307
1071,0.5571428571428572,1.0,1.0,1.0,0.0,0.6666666666666666,0.5855263157894737,0.585096348201051,1.0,0.0,0.0,0.0,0.0,0.0,0.08944392082940622,0.5633802816901409,0.5714285714285714,0.16625823250114874
1072,0.3857142857142857,1.0,1.0,1.0,0.0,0.3333333333333333,0.5328947368421053,0.37703813502223416,1.0,1.0,0.0,0.0,0.0,0.5,0.08145953951797495,0.3943661971830986,0.7142857142857142,0.08919181089498138
1073,0.44285714285714284,1.0,0.0,1.0,0.0,0.6666666666666666,0.18421052631578946,0.20239859857162107,0.0,1.0,0.0,0.0,0.0,0.0,0.03145617342130066,0.4507042253521127,0.42857142857142855,0.07202481237555522
1074,0.19999999999999998,1.0,1.0,1.0,0.0,1.0,0.11842105263157895,0.07209270987737501,0.0,0.0,1.0,1.0,0.0,1.0,0.02130065975494816,0.2112676056338028,0.7142857142857142,0.01698192678817583
1075,0.9857142857142858,0.0,1.0,1.0,0.0,1.0,0.20394736842105263,0.4725778197008489,0.0,1.0,0.0,0.0,0.0,0.5,0.03421300659754948,0.9859154929577465,0.42857142857142855,0.16799088681268187
1076,0.9142857142857143,0.0,1.0,1.0,0.0,1.0,0.1513157894736842,0.3725912949737232,1.0,1.0,0.0,1.0,0.0,0.5,0.027100703255274416,0.9154929577464789,0.7142857142857142,0.08813881656200542
1077,0.04285714285714286,0.0,0.0,1.0,0.0,0.3333333333333333,0.4144736842105263,0.042447109553968465,1.0,1.0,0.0,0.0,1.0,0.5,0.06432610744580584,0.056338028169014086,0.42857142857142855,0.015210981773625364
1078,0.14285714285714285,1.0,0.0,1.0,0.5,0.6666666666666666,0.38815789473684215,0.1162916049049993,0.0,1.0,0.0,0.0,1.0,0.0,0.061948419158598236,0.0,0.42857142857142855,0.04144011334048093
1079,0.35714285714285715,1.0,1.0,1.0,1.0,0.6666666666666666,0.39473684210526316,0.27934240668373533,0.0,1.0,0.0,0.0,0.0,0.5,0.062459218444138334,0.014084507042253521,0.5714285714285714,0.07937662735487823
1080,0.8571428571428572,0.0,0.0,1.0,0.5,0.0,0.12499999999999997,0.31720792346045007,1.0,1.0,1.0,0.0,0.0,0.0,0.023392716428979776,0.07042253521126761,0.5714285714285714,0.09013631490274163
1081,0.5142857142857143,1.0,1.0,0.0,0.0,1.0,0.5263157894736842,0.49440776175717555,1.0,1.0,0.0,0.0,0.0,0.0,0.08062256412869043,0.5211267605633803,0.5714285714285714,0.14048858937050085
1082,0.3142857142857143,1.0,0.0,0.0,0.0,1.0,0.2894736842105263,0.1922921439159143,1.0,0.0,1.0,0.0,0.0,0.5,0.04585501782567717,0.323943661971831,0.42857142857142855,0.06843505896768265
1083,0.5571428571428572,1.0,1.0,1.0,0.5,0.6666666666666666,0.3157894736842105,0.36127206575933163,0.0,0.0,0.0,0.0,0.0,1.0,0.050306314797360974,0.04225352112676056,0.42857142857142855,0.128455735947312
1084,0.3142857142857143,1.0,1.0,1.0,0.0,0.0,0.6578947368421053,0.36962673494138254,1.0,1.0,1.0,0.0,0.0,1.0,0.09978281358849321,0.323943661971831,0.8571428571428571,0.07486926459969805
1085,0.21428571428571427,0.0,1.0,0.0,0.0,0.3333333333333333,0.19078947368421054,0.10375960113192291,0.0,0.0,0.0,1.0,0.0,1.0,0.03298774740810556,0.22535211267605634,0.2857142857142857,0.049497115433706024
1086,0.8571428571428572,0.0,1.0,1.0,1.0,0.0,0.26315789473684215,0.48699636167632393,0.0,0.0,0.0,0.0,0.0,0.0,0.04286089522720601,0.028169014084507043,0.2857142857142857,0.2309950477357431
1087,0.9571428571428572,0.0,0.0,0.0,0.0,0.3333333333333333,0.44736842105263164,0.8009702196469478,0.0,1.0,0.0,0.0,0.0,0.0,0.06938515274158674,0.9577464788732395,0.14285714285714285,0.5698039516005514
1088,0.42857142857142855,1.0,1.0,1.0,0.0,1.0,0.5855263157894737,0.44926559762835194,1.0,0.0,0.0,0.0,0.0,0.5,0.0885956644674835,0.4366197183098592,0.5714285714285714,0.12766120385970287
1089,0.7428571428571429,0.0,0.0,0.0,1.0,0.6666666666666666,0.08552631578947367,0.23514351165611103,0.0,0.0,0.0,0.0,0.0,0.0,0.018085465829672964,0.028169014084507043,0.0,0.33623066319497624
1090,0.34285714285714286,1.0,1.0,1.0,1.0,0.6666666666666666,0.48684210526315785,0.3133000943269101,0.0,1.0,1.0,1.0,0.0,0.5,0.07498586239396796,0.014084507042253521,0.8571428571428571,0.06343675469881628
1091,0.6142857142857143,0.0,1.0,0.0,0.0,0.0,0.6052631578947368,0.6620401563131653,1.0,1.0,0.0,0.0,0.0,0.5,0.0923442721274955,0.619718309859155,0.42857142857142855,0.23528679736559963
1092,0.15714285714285714,0.0,1.0,0.0,0.0,1.0,0.2828947368421052,0.09621344832232852,0.0,0.0,0.0,1.0,0.0,0.5,0.04398366321080741,0.16901408450704225,0.2857142857142857,0.045923316485424005
1093,0.11428571428571427,1.0,1.0,0.0,0.0,0.0,0.19078947368421054,0.056057135156986924,1.0,0.0,0.0,0.0,0.0,0.5,0.031835794324012984,0.1267605633802817,0.42857142857142855,0.02004518302956042
1094,0.15714285714285714,0.0,0.0,0.0,0.5,0.0,0.44736842105263164,0.1408166015361811,0.0,1.0,0.0,0.0,0.0,1.0,0.06998114985862394,0.014084507042253521,0.14285714285714285,0.10083856639607904
1095,0.9714285714285714,1.0,1.0,1.0,0.0,0.3333333333333333,0.1644736842105263,0.4107263172079234,1.0,0.0,1.0,1.0,0.0,0.0,0.028630359655233646,0.971830985915493,0.8571428571428571,0.08321116775704003
1096,0.7571428571428571,1.0,1.0,1.0,0.0,1.0,0.256578947368421,0.4240668373534564,0.0,0.0,0.0,0.0,0.0,1.0,0.041976472230949136,0.7605633802816901,0.42857142857142855,0.15076007045489356
1097,0.7571428571428571,0.0,1.0,1.0,1.0,1.0,0.5921052631578947,0.7954453577684948,0.0,1.0,0.0,0.0,0.0,0.0,0.09007924040911788,0.028169014084507043,0.42857142857142855,0.2826715423495175
1098,0.3857142857142857,0.0,1.0,1.0,0.0,0.6666666666666666,0.39473684210526316,0.29497372321789517,1.0,1.0,1.0,0.0,0.0,0.5,0.06096001077150935,0.3943661971830986,0.7142857142857142,0.06975927911369786
1099,0.7857142857142857,0.0,0.0,1.0,1.0,1.0,0.06578947368421054,0.21978170057943672,0.0,1.0,1.0,0.0,0.0,0.5,0.01449104618284637,0.028169014084507043,0.42857142857142855,0.07819918823709604
1100,0.9714285714285714,0.0,1.0,0.0,1.0,0.3333333333333333,0.21710526315789472,0.49279072901226245,0.0,1.0,0.0,1.0,0.0,0.5,0.03694900900162548,0.028169014084507043,0.42857142857142855,0.175170393628427
1101,0.8142857142857143,1.0,0.0,0.0,0.0,0.6666666666666666,0.4144736842105263,0.6451960652203207,0.0,1.0,1.0,1.0,0.0,0.5,0.06483798628489713,0.8169014084507042,0.5714285714285714,0.18333588604686782
1102,0.5857142857142857,1.0,1.0,1.0,0.5,0.3333333333333333,0.3223684210526315,0.38269774962943,1.0,0.0,0.0,0.0,0.0,0.0,0.050850500426372236,0.04225352112676056,0.5714285714285714,0.108745596569153
1103,0.5285714285714286,1.0,1.0,1.0,0.0,0.3333333333333333,0.4407894736842105,0.4396981538876162,1.0,0.0,0.0,1.0,0.0,0.5,0.06808373431221787,0.5352112676056339,0.7142857142857142,0.10402945831418797
1104,0.9571428571428572,1.0,0.0,1.0,0.5,1.0,0.506578947368421,0.880204824147689,0.0,1.0,0.0,0.0,0.0,0.0,0.0775350668071187,0.07042253521126761,0.42857142857142855,0.3127776075968755
1105,0.7428571428571429,0.0,1.0,0.0,0.5,0.6666666666666666,0.3223684210526315,0.48376229618649774,1.0,0.0,0.0,0.0,0.0,0.5,0.05089538171536287,0.056338028169014086,0.2857142857142857,0.2294634196150508
1106,0.45714285714285713,0.0,1.0,1.0,0.0,0.6666666666666666,0.6513157894736842,0.5272874275704083,0.0,1.0,0.0,0.0,0.0,0.0,0.09896324222431668,0.4647887323943662,0.42857142857142855,0.18742341859396539
1107,1.0,0.0,1.0,0.0,0.5,0.6666666666666666,0.6052631578947368,0.9999999999999999,1.0,1.0,1.0,0.0,0.0,0.5,0.08550264831211586,0.07042253521126761,0.5714285714285714,0.2841553070914382
1108,0.7857142857142857,1.0,1.0,0.0,1.0,0.6666666666666666,0.0394736842105263,0.1953914566769977,1.0,0.0,0.0,0.0,0.0,0.0,0.011444728692608052,0.028169014084507043,0.42857142857142855,0.06953591667943024
1109,0.7142857142857143,1.0,0.0,0.0,0.0,1.0,0.1776315789473684,0.31774693437542106,0.0,1.0,0.0,0.0,0.0,1.0,0.03064072000147844,0.7183098591549296,0.2857142857142857,0.15083984275284626
1110,0.6,0.0,1.0,1.0,0.0,0.6666666666666666,0.20394736842105263,0.2866190540358442,0.0,0.0,1.0,0.0,0.0,0.0,0.0337329855555312,0.6056338028169014,0.42857142857142855,0.10193942410782662
1111,0.19999999999999998,0.0,0.0,1.0,0.0,0.0,0.12499999999999997,0.07357498989354533,0.0,0.0,0.0,1.0,0.0,0.0,0.02199183160540371,0.2112676056338028,0.2857142857142857,0.035201919640577936
1112,0.5285714285714286,1.0,1.0,0.0,0.0,0.6666666666666666,0.21052631578947364,0.25953375555855007,0.0,0.0,0.0,1.0,0.0,0.5,0.034922367180911754,0.5352112676056339,0.42857142857142855,0.09231888497472814
1113,0.19999999999999998,1.0,1.0,0.0,1.0,0.6666666666666666,0.2828947368421052,0.12397251044333647,0.0,1.0,1.0,0.0,0.0,0.5,0.045491674520892235,0.0,0.5714285714285714,0.03522744677592281
1114,0.05714285714285714,1.0,1.0,0.0,1.0,1.0,0.0394736842105263,0.014688047432960517,0.0,1.0,0.0,0.0,0.0,1.0,0.00999057492931197,0.0,0.42857142857142855,0.005351125746668709
1115,0.7571428571428571,1.0,1.0,1.0,0.0,0.3333333333333333,0.08552631578947367,0.23622153348605307,0.0,1.0,0.0,1.0,0.0,0.0,0.017645826788145354,0.7605633802816901,0.7142857142857142,0.055846990350742844
1116,0.7142857142857143,1.0,0.0,0.0,0.0,0.0,0.06578947368421054,0.20401563131653416,0.0,0.0,0.0,0.0,0.0,0.0,0.01504315203932657,0.7183098591549296,0.14285714285714285,0.14573441568387197
1117,0.12857142857142856,1.0,1.0,1.0,0.0,1.0,0.032894736842105254,0.03085837488209136,0.0,0.0,0.0,0.0,0.0,0.5,0.009707822808671066,0.14084507042253522,0.42857142857142855,0.011094731199264818
1118,0.15714285714285714,0.0,1.0,0.0,0.0,0.0,0.3223684210526315,0.10834119390917664,1.0,0.0,0.0,0.0,0.0,0.0,0.05105246622683003,0.16901408450704225,0.2857142857142857,0.05166692193802012
1119,0.04285714285714286,1.0,0.0,0.0,0.0,0.0,0.2236842105263158,0.02452499663118178,0.0,0.0,0.0,1.0,0.0,0.5,0.03298774740810556,0.056338028169014086,0.2857142857142857,0.011972226476744778
1120,0.24285714285714283,1.0,0.0,0.0,0.0,0.3333333333333333,0.618421052631579,0.27651259938013745,1.0,0.0,1.0,1.0,0.0,0.0,0.09498376793381505,0.2535211267605634,0.5714285714285714,0.07857252259151477
1121,0.49999999999999994,0.0,1.0,0.0,0.0,0.6666666666666666,0.07236842105263158,0.14324215065355073,1.0,0.0,0.0,0.0,0.0,0.5,0.015001570845114671,0.5070422535211268,0.2857142857142857,0.06819574207382448
1122,0.34285714285714286,0.0,0.0,1.0,1.0,0.3333333333333333,0.6118421052631579,0.37649912410726316,1.0,1.0,0.0,1.0,0.0,0.0,0.09266729500471253,0.014084507042253521,0.5714285714285714,0.10698422423035688
1123,0.49999999999999994,1.0,1.0,0.0,0.5,0.6666666666666666,0.05921052631578946,0.13812154696132597,1.0,0.0,0.0,0.0,0.0,0.5,0.014006702272489263,0.04225352112676056,0.42857142857142855,0.04919398070148568
1124,0.9428571428571428,1.0,1.0,0.0,0.5,0.3333333333333333,0.4078947368421053,0.738175448052823,1.0,0.0,0.0,0.0,0.0,0.0,0.06406234613923784,0.07042253521126761,0.42857142857142855,0.262329606371573
1125,0.11428571428571427,1.0,1.0,1.0,0.0,0.6666666666666666,0.1644736842105263,0.054709607869559355,0.0,1.0,1.0,1.0,0.0,0.0,0.030788564247565188,0.1267605633802817,0.8571428571428571,0.010951141062949915
1126,0.8571428571428572,0.0,1.0,0.0,1.0,0.0,0.5460526315789473,0.8431478237434308,0.0,0.0,1.0,0.0,0.0,0.5,0.08369771789681865,0.028169014084507043,0.2857142857142857,0.3996655945269822
1127,0.7428571428571429,1.0,1.0,1.0,0.5,0.6666666666666666,0.04605263157894737,0.18488074383506264,1.0,0.0,0.0,0.0,0.0,0.5,0.011452350043568725,0.056338028169014086,0.5714285714285714,0.052534844539745745
1128,0.24285714285714283,0.0,1.0,0.0,1.0,0.6666666666666666,0.631578947368421,0.27907290122624984,0.0,0.0,0.0,1.0,0.0,0.5,0.09597863650644045,0.0,0.2857142857142857,0.1325241231429009
1129,0.6,0.0,1.0,1.0,0.0,0.3333333333333333,0.032894736842105254,0.14297264519606523,0.0,0.0,0.0,1.0,0.0,0.5,0.010367577756833175,0.6056338028169014,0.42857142857142855,0.050917062337264514
1130,0.4857142857142857,1.0,0.0,0.0,0.0,0.6666666666666666,0.1644736842105263,0.20536315860396173,0.0,1.0,0.0,0.0,0.0,0.5,0.028221354517301733,0.49295774647887325,0.2857142857142857,0.09761576555878898
1131,0.8857142857142858,1.0,0.0,1.0,0.0,0.6666666666666666,0.3092105263157895,0.5634011588734672,1.0,1.0,1.0,0.0,0.0,0.5,0.0495639034753078,0.8873239436619719,0.7142857142857142,0.13332184612242814
1132,0.04285714285714286,1.0,0.0,1.0,0.0,1.0,0.5,0.04945425144859183,0.0,1.0,1.0,0.0,1.0,1.0,0.07657869934024505,0.056338028169014086,0.5714285714285714,0.014052688007351816
1133,0.5714285714285715,1.0,1.0,1.0,0.5,0.6666666666666666,0.631578947368421,0.6340115887346718,1.0,0.0,1.0,0.0,0.0,0.0,0.09528516585825612,0.04225352112676056,0.7142857142857142,0.15004211977331905
1134,0.6285714285714286,1.0,1.0,1.0,1.0,1.0,0.2828947368421052,0.3791941786821183,1.0,1.0,0.0,0.0,0.0,0.5,0.04603623416064509,0.014084507042253521,0.7142857142857142,0.0897023536018788
1135,0.7000000000000001,1.0,1.0,0.0,0.0,1.0,0.5,0.6426357633742082,1.0,1.0,1.0,1.0,0.0,1.0,0.07696512723845428,0.7042253521126761,0.8571428571428571,0.13028138196617292
1136,0.3857142857142857,1.0,1.0,1.0,0.0,0.0,0.48026315789473684,0.34739253469882764,0.0,0.0,0.0,1.0,0.0,0.5,0.07405412683452268,0.3943661971830986,0.5714285714285714,0.09871343237861847
1137,0.5857142857142857,1.0,1.0,0.0,0.5,0.3333333333333333,0.381578947368421,0.435925077482819,0.0,1.0,0.0,1.0,0.0,0.0,0.059714555002019665,0.04225352112676056,0.5714285714285714,0.12387042426098943
1138,0.9714285714285714,1.0,1.0,0.0,0.0,0.0,0.4605263157894737,0.8244171944481875,1.0,1.0,0.0,0.0,0.0,0.0,0.07056509445559972,0.971830985915493,0.5714285714285714,0.23426252105988668
1139,0.0,1.0,0.0,0.0,0.5,0.6666666666666666,0.02631578947368421,0.0,1.0,1.0,0.0,1.0,0.0,0.5,0.0,0.0,0.5714285714285714,0.0
1140,0.5428571428571429,0.0,1.0,0.0,0.5,0.0,0.29605263157894735,0.3362080582131788,0.0,1.0,0.0,0.0,0.0,0.0,0.04743952246308513,0.04225352112676056,0.2857142857142857,0.1595828866084648
1141,0.22857142857142856,1.0,1.0,1.0,0.0,0.6666666666666666,0.5197368421052632,0.2239590351704622,0.0,1.0,0.0,0.0,0.0,0.5,0.07972500970227865,0.23943661971830987,0.5714285714285714,0.0636391484147649
1142,0.4857142857142857,1.0,1.0,1.0,1.0,0.0,0.3157894736842105,0.31747742891793557,1.0,1.0,0.0,0.0,0.0,0.5,0.05062609398141914,0.014084507042253521,0.7142857142857142,0.07508806861693981
1143,0.6428571428571429,1.0,1.0,1.0,0.0,0.6666666666666666,0.5789473684210527,0.6640614472443066,0.0,1.0,0.0,1.0,0.0,0.0,0.08806294308076876,0.647887323943662,0.7142857142857142,0.15715780875070198
1144,0.5857142857142857,1.0,1.0,1.0,1.0,0.6666666666666666,0.5526315789473684,0.5813232717962539,0.0,1.0,0.0,0.0,0.0,0.5,0.08392801041245905,0.014084507042253521,0.5714285714285714,0.16518609281666413
1145,0.5428571428571429,0.0,1.0,0.0,0.5,0.3333333333333333,0.5723684210526315,0.5570677806225576,1.0,1.0,0.0,0.0,0.0,0.5,0.08704898620072984,0.04225352112676056,0.42857142857142855,0.19800122530249656
1146,0.6857142857142857,1.0,1.0,1.0,1.0,0.6666666666666666,0.08552631578947367,0.21681714054709608,0.0,0.0,0.0,0.0,0.0,0.5,0.018023043336090328,0.028169014084507043,0.42857142857142855,0.07714619390412009
1147,0.8714285714285714,0.0,1.0,0.0,0.0,1.0,0.1644736842105263,0.3694919822126398,1.0,1.0,0.0,0.0,0.0,0.0,0.028700860417743453,0.8732394366197184,0.42857142857142855,0.13137540205238168
1148,0.5285714285714286,0.0,1.0,1.0,0.0,0.6666666666666666,0.019736842105263164,0.1150788303463145,0.0,0.0,0.0,1.0,0.0,0.0,0.008333746713626668,0.5352112676056339,0.42857142857142855,0.04100934293153622
1149,0.3142857142857143,1.0,0.0,0.0,0.0,0.6666666666666666,0.6513157894736842,0.364371378520415,1.0,1.0,0.0,1.0,0.0,0.5,0.09818464942834898,0.323943661971831,0.5714285714285714,0.10353806095879921
1150,0.3,0.0,0.0,1.0,0.0,0.6666666666666666,0.15789473684210528,0.12666756501819162,1.0,1.0,0.0,0.0,0.0,0.5,0.027675434838488562,0.3098591549295775,0.42857142857142855,0.04512559350589677
1151,0.04285714285714286,1.0,1.0,1.0,1.0,1.0,1.0,0.026950545748551408,0.0,1.0,0.0,0.0,0.0,0.5,0.03722902921771913,0.0,0.5714285714285714,0.0076581406034614795
1152,0.6857142857142857,1.0,1.0,0.0,0.0,0.3333333333333333,0.18421052631578946,0.3097965233795984,0.0,0.0,0.0,1.0,0.0,0.5,0.0312950816518879,0.6901408450704225,0.42857142857142855,0.11017192525654772
1153,0.8285714285714286,1.0,0.0,1.0,1.0,0.6666666666666666,0.02631578947368421,0.18932758388357362,1.0,1.0,1.0,1.0,0.0,0.5,0.00947299477627438,0.028169014084507043,0.8571428571428571,0.03827429271601427
1154,0.9571428571428572,1.0,1.0,0.0,0.0,0.6666666666666666,0.1776315789473684,0.4197547500336882,1.0,0.0,0.0,0.0,0.0,0.5,0.03017408659976714,0.9577464788732395,0.42857142857142855,0.14922844233420127
1155,1.0,0.0,1.0,1.0,0.0,0.0,0.06578947368421054,0.28419350491847456,1.0,0.0,1.0,0.0,0.0,0.5,0.014987189868712746,1.0,0.5714285714285714,0.08075509266350131
1156,0.014285714285714285,0.0,1.0,1.0,1.0,0.0,0.26315789473684215,0.013340520145532947,0.0,1.0,1.0,1.0,0.0,0.0,0.04005655042412818,0.0,0.7142857142857142,0.0030696380252208093
1157,0.6857142857142857,1.0,1.0,0.0,0.0,0.0,0.6381578947368421,0.7668777792750303,0.0,0.0,0.0,0.0,0.0,0.5,0.09653965261882322,0.6901408450704225,0.2857142857142857,0.36354469801398887
1158,0.42857142857142855,1.0,0.0,1.0,0.5,0.3333333333333333,0.4605263157894737,0.3728608004312087,0.0,1.0,1.0,0.0,0.0,0.5,0.07135690614453802,0.028169014084507043,0.5714285714285714,0.10595037524888958
1159,0.5571428571428572,1.0,0.0,0.0,0.0,0.0,0.4671052631578947,0.4898261689799218,0.0,1.0,1.0,0.0,0.0,0.5,0.07278510838831291,0.5633802816901409,0.42857142857142855,0.17411739929545106
1160,0.6714285714285715,1.0,1.0,1.0,1.0,1.0,0.30263157894736836,0.4205632664061447,0.0,1.0,1.0,0.0,0.0,0.0,0.048362393967954755,0.028169014084507043,0.7142857142857142,0.09949839179047328
1161,0.7142857142857143,0.0,1.0,0.0,0.0,0.3333333333333333,0.5394736842105263,0.6941113057539414,0.0,1.0,1.0,0.0,0.0,0.5,0.08225684241651421,0.7183098591549296,0.42857142857142855,0.24667828151324858
1162,0.6,1.0,1.0,1.0,0.5,1.0,0.5986842105263158,0.6406144724430669,0.0,1.0,0.0,1.0,0.0,1.0,0.0913135918286829,0.04225352112676056,0.7142857142857142,0.1516056568131924
1163,0.7714285714285715,1.0,1.0,1.0,0.0,0.6666666666666666,0.6381578947368421,0.8571621075326775,0.0,0.0,1.0,0.0,0.0,0.5,0.09605003855710735,0.7746478873239436,0.5714285714285714,0.24356716189309235
1164,0.6857142857142857,0.0,0.0,1.0,0.0,0.6666666666666666,0.06578947368421054,0.19754750033688181,0.0,1.0,0.0,0.0,0.0,0.5,0.015272461482236627,0.6901408450704225,0.2857142857142857,0.09391433093378261
1165,0.8,0.0,1.0,1.0,1.0,0.6666666666666666,0.5789473684210527,0.8271122490230427,1.0,0.0,1.0,0.0,0.0,0.5,0.08852952362054996,0.028169014084507043,0.5714285714285714,0.23502833512023283
1166,0.19999999999999998,0.0,1.0,1.0,1.0,0.6666666666666666,0.1513157894736842,0.08233391726182454,1.0,1.0,0.0,0.0,0.0,0.5,0.026076028903550104,0.0,0.5714285714285714,0.02339561954357482
1167,0.3714285714285714,0.0,0.0,0.0,0.0,0.6666666666666666,0.26315789473684215,0.21479584961595471,1.0,0.0,1.0,1.0,0.0,0.0,0.04293643313435962,0.38028169014084506,0.42857142857142855,0.07642824322254557
1168,0.9571428571428572,1.0,0.0,0.0,0.0,0.6666666666666666,0.2302631578947368,0.4977765799757445,0.0,1.0,1.0,1.0,0.0,0.5,0.03819925708266341,0.9577464788732395,0.5714285714285714,0.14144585694593353
1169,0.9,0.0,0.0,1.0,0.0,0.3333333333333333,0.44736842105263164,0.7539415173157256,1.0,0.0,1.0,0.0,0.0,0.5,0.0694068096135721,0.9014084507042254,0.42857142857142855,0.26792962168785417
1170,0.41428571428571426,0.0,1.0,1.0,0.0,0.3333333333333333,0.39473684210526316,0.31976822530656246,1.0,0.0,0.0,1.0,0.0,0.5,0.061797046811184406,0.4225352112676056,0.5714285714285714,0.09086383826007045
1171,0.49999999999999994,0.0,1.0,1.0,0.5,1.0,0.07236842105263158,0.15159681983560166,0.0,1.0,0.0,1.0,0.0,0.5,0.016624777463608756,0.04225352112676056,0.5714285714285714,0.04307704089447083
1172,0.9428571428571428,1.0,1.0,1.0,0.0,0.3333333333333333,0.5197368421052632,0.8842474060099716,0.0,1.0,0.0,0.0,0.0,1.0,0.07931126647628961,0.943661971830986,0.5714285714285714,0.25126359319957114
1173,0.6857142857142857,0.0,1.0,1.0,0.0,0.6666666666666666,0.2894736842105263,0.42137178277860127,0.0,1.0,0.0,0.0,0.0,0.5,0.04722152763084499,0.6901408450704225,0.42857142857142855,0.14980280287946088
1174,0.7714285714285715,0.0,0.0,1.0,0.5,0.3333333333333333,0.006578947368421045,0.14539819431343484,1.0,1.0,0.0,0.0,0.0,0.5,0.005535086967697712,0.056338028169014086,0.42857142857142855,0.05177860315515393
1175,0.7857142857142857,1.0,1.0,0.0,0.0,1.0,0.2763157894736842,0.4616628486726856,0.0,1.0,0.0,0.0,0.0,0.5,0.044701763834657335,0.7887323943661972,0.42857142857142855,0.1641139531321795
1176,0.9571428571428572,0.0,0.0,0.0,0.5,0.6666666666666666,0.3421052631578947,0.6550330144185419,1.0,0.0,1.0,0.0,0.0,0.5,0.054374341631091644,0.07042253521126761,0.2857142857142857,0.31057589217338033
1177,0.6142857142857143,1.0,1.0,1.0,1.0,0.6666666666666666,0.04605263157894737,0.15604365988411265,1.0,1.0,0.0,0.0,0.0,0.5,0.011909862051238111,0.014084507042253521,0.7142857142857142,0.03686118343799459
1178,0.42857142857142855,0.0,0.0,1.0,0.0,0.6666666666666666,0.10526315789473684,0.14688047432960516,1.0,0.0,1.0,0.0,0.0,0.5,0.020370314067678086,0.4366197183098592,0.42857142857142855,0.05230510032164191
1179,0.8142857142857143,1.0,1.0,0.0,0.5,0.6666666666666666,0.6578947368421053,0.9316803665274221,0.0,1.0,0.0,1.0,0.0,0.5,0.09938574539309045,0.056338028169014086,0.5714285714285714,0.26474192066166335
1180,0.7428571428571429,1.0,0.0,1.0,0.0,0.6666666666666666,0.5789473684210527,0.7628351974127475,1.0,0.0,1.0,0.0,0.0,0.5,0.08772429000764675,0.7464788732394366,0.5714285714285714,0.2167636697809772
1181,0.3142857142857143,1.0,1.0,0.0,0.0,0.6666666666666666,0.09210526315789472,0.10200781565826707,0.0,1.0,0.0,0.0,0.0,1.0,0.01839937712576322,0.323943661971831,0.42857142857142855,0.0363665951906877
1182,0.3857142857142857,0.0,1.0,0.0,0.0,0.6666666666666666,0.38815789473684215,0.291739657728069,0.0,1.0,0.0,0.0,0.0,0.0,0.0601521475696782,0.3943661971830986,0.2857142857142857,0.13852299994894574
1183,0.21428571428571427,0.0,0.0,1.0,0.0,0.6666666666666666,0.24999999999999997,0.12478102681579299,1.0,1.0,0.0,0.0,0.0,0.5,0.042177191328934965,0.22535211267605634,0.42857142857142855,0.04445550620309389
1184,0.5142857142857143,1.0,1.0,1.0,0.0,0.3333333333333333,0.36184210526315785,0.37030049858509634,1.0,1.0,0.0,0.0,0.0,0.5,0.057161780064701836,0.5211267605633803,0.7142857142857142,0.08759636493592689
1185,0.2857142857142857,0.0,1.0,0.0,0.0,0.6666666666666666,0.3157894736842105,0.18838431478237433,1.0,0.0,0.0,0.0,0.0,0.5,0.050177281091512954,0.29577464788732394,0.2857142857142857,0.08957471792515445
1186,0.22857142857142856,1.0,0.0,0.0,1.0,0.6666666666666666,0.032894736842105254,0.05578762969950141,0.0,0.0,1.0,0.0,0.0,0.5,0.010533902533680767,0.0,0.2857142857142857,0.026777964976770305
1187,0.5142857142857143,0.0,1.0,1.0,0.5,0.0,0.21052631578947364,0.25320037730764045,1.0,0.0,0.0,1.0,0.0,0.5,0.035025600529841806,0.04225352112676056,0.5714285714285714,0.0719482309695206
1188,0.2571428571428571,0.0,1.0,0.0,1.0,0.3333333333333333,0.08552631578947367,0.08354669182050935,1.0,0.0,0.0,1.0,0.0,1.0,0.018254873753658418,0.0,0.42857142857142855,0.02980931229897381
1189,0.41428571428571426,0.0,1.0,1.0,0.0,0.6666666666666666,0.3223684210526315,0.2766473521088802,1.0,0.0,1.0,1.0,0.0,0.0,0.05174363807728559,0.4225352112676056,0.7142857142857142,0.06541966610506969
1190,0.6285714285714286,1.0,0.0,1.0,0.0,0.3333333333333333,0.5986842105263158,0.67106858913893,0.0,0.0,0.0,0.0,0.0,0.0,0.0914022410723636,0.6338028169014085,0.2857142857142857,0.31817021493847963
1191,0.24285714285714283,1.0,1.0,0.0,0.0,0.6666666666666666,0.6578947368421053,0.2891793558819566,1.0,1.0,1.0,0.0,0.0,0.0,0.0999057492931197,0.2535211267605634,0.7142857142857142,0.06838719558891102
1192,0.8714285714285714,1.0,1.0,0.0,0.0,0.6666666666666666,0.625,0.9555315995148901,1.0,1.0,1.0,0.0,0.0,0.0,0.09481317077620018,0.8732394366197184,0.7142857142857142,0.2261768009393986
1193,0.49999999999999994,0.0,1.0,0.0,0.0,0.6666666666666666,0.6513157894736842,0.5720253335130036,1.0,1.0,0.0,0.0,0.0,1.0,0.0983087234265368,0.5070422535211268,0.42857142857142855,0.20331406034614796
1194,0.7285714285714286,0.0,1.0,0.0,0.5,0.0,0.013157894736842118,0.1476889907020617,0.0,0.0,0.0,0.0,0.0,0.0,0.0069238019285144635,0.056338028169014086,0.14285714285714285,0.10572063103078573
1195,0.2571428571428571,0.0,1.0,1.0,0.0,0.6666666666666666,0.48026315789473684,0.23918609351839373,1.0,1.0,0.0,0.0,0.0,0.5,0.07554938240984176,0.26760563380281693,0.5714285714285714,0.06796599785572063
1196,0.6142857142857143,1.0,1.0,1.0,0.0,0.0,0.18421052631578946,0.27651259938013745,0.0,0.0,0.0,1.0,0.0,0.5,0.031059892040099388,0.619718309859155,0.5714285714285714,0.07857252259151477
1197,0.0857142857142857,1.0,1.0,1.0,0.0,0.6666666666666666,0.5723684210526315,0.09715671742352781,1.0,1.0,1.0,0.0,1.0,0.5,0.08576814326107446,0.09859154929577466,0.8571428571428571,0.019566549241844082
1198,0.6142857142857143,0.0,1.0,1.0,0.0,0.0,0.5394736842105263,0.5992453847190405,0.0,0.0,0.0,0.0,0.0,1.0,0.08236226544426356,0.619718309859155,0.2857142857142857,0.2841553070914382
1199,0.9571428571428572,1.0,1.0,0.0,0.0,0.6666666666666666,0.2828947368421052,0.5697345371243767,0.0,0.0,1.0,1.0,0.0,0.5,0.045600709652381215,0.9577464788732395,0.5714285714285714,0.16189309235717567
1200,0.4714285714285714,1.0,1.0,1.0,0.0,1.0,0.3157894736842105,0.30588869424605847,0.0,1.0,0.0,1.0,0.0,0.5,0.05011919942340744,0.47887323943661975,0.7142857142857142,0.07234390156736611
1201,0.9285714285714286,1.0,1.0,0.0,0.5,1.0,0.1776315789473684,0.41261285541032205,1.0,0.0,1.0,0.0,0.0,1.0,0.030731442607031673,0.07042253521126761,0.5714285714285714,0.11724613263899526
1202,0.9714285714285714,1.0,1.0,0.0,0.0,0.0,0.19078947368421054,0.45384719040560567,1.0,0.0,1.0,0.0,0.0,0.5,0.03300140693084183,0.971830985915493,0.5714285714285714,0.12896308776229132
1203,0.7714285714285715,1.0,1.0,1.0,0.5,0.6666666666666666,0.6513157894736842,0.8736019404392938,1.0,0.0,0.0,0.0,0.0,0.5,0.09814069060063405,0.056338028169014086,0.5714285714285714,0.2482386276612039
1204,0.12857142857142856,1.0,1.0,1.0,0.0,0.3333333333333333,0.5855263157894737,0.1445896779409783,0.0,1.0,0.0,0.0,1.0,0.5,0.08925541941564562,0.14084507042253522,0.5714285714285714,0.04108592433757084
1205,0.5857142857142857,1.0,1.0,0.0,0.0,0.0,0.13157894736842105,0.2199164533081795,0.0,0.0,0.0,0.0,0.0,0.5,0.02374220187603788,0.5915492957746479,0.2857142857142857,0.10450809210190432
1206,0.5714285714285715,0.0,0.0,0.0,1.0,0.6666666666666666,0.18421052631578946,0.2602075192022638,1.0,1.0,1.0,1.0,0.0,0.5,0.03151651686168134,0.014084507042253521,0.5714285714285714,0.07393934752642059
1207,0.9714285714285714,1.0,1.0,0.0,0.0,0.3333333333333333,0.07236842105263158,0.282845977631047,0.0,0.0,0.0,0.0,0.0,0.5,0.015667472578508108,0.971830985915493,0.2857142857142857,0.13431102261704192
1208,0.12857142857142856,1.0,1.0,1.0,0.0,0.0,0.6513157894736842,0.15873871445896778,1.0,0.0,0.0,1.0,1.0,0.5,0.09915174363807729,0.14084507042253522,0.7142857142857142,0.037499361821616374
1209,0.12857142857142856,0.0,1.0,1.0,1.0,1.0,0.5986842105263158,0.1483627543457755,0.0,0.0,0.0,0.0,1.0,0.5,0.09189443920829406,0.0,0.2857142857142857,0.07062081993158728
1210,0.8428571428571429,0.0,1.0,1.0,0.0,0.6666666666666666,0.368421052631579,0.6061177738849212,1.0,1.0,1.0,1.0,0.0,0.5,0.057681432610744585,0.8450704225352113,0.8571428571428571,0.12286939588210839
1211,0.7142857142857143,1.0,0.0,1.0,0.0,1.0,0.4605263157894737,0.6088128284597762,1.0,0.0,1.0,0.0,0.0,0.5,0.07055866644490029,0.7183098591549296,0.5714285714285714,0.17299739623219482
1212,0.2857142857142857,1.0,1.0,0.0,0.5,0.6666666666666666,0.493421052631579,0.2655976283519741,1.0,1.0,0.0,0.0,0.0,0.0,0.0758942596831381,0.014084507042253521,0.5714285714285714,0.07547097564711289
1213,0.09999999999999999,1.0,1.0,0.0,0.5,1.0,0.13815789473684212,0.042986120468939494,0.0,1.0,1.0,0.0,0.0,0.5,0.026036757775683317,0.0,0.5714285714285714,0.012214734262521058
1214,0.9142857142857143,0.0,1.0,1.0,0.0,1.0,0.618421052631579,0.9901630508017787,0.0,0.0,0.0,1.0,0.0,0.0,0.09355470166026245,0.9154929577464789,0.42857142857142855,0.351834124674529
1215,0.41428571428571426,1.0,1.0,1.0,0.0,0.0,0.3486842105263158,0.29295243228675377,1.0,0.0,0.0,1.0,0.0,0.0,0.055545083254791086,0.4225352112676056,0.7142857142857142,0.06928064532598152
1216,0.6857142857142857,0.0,1.0,1.0,1.0,0.6666666666666666,0.06578947368421054,0.1906751111710012,0.0,0.0,0.0,1.0,0.0,0.0,0.014291484737155934,0.028169014084507043,0.42857142857142855,0.06786069842242304
1217,0.11428571428571427,1.0,1.0,0.0,0.0,0.3333333333333333,0.26315789473684215,0.07061042986120468,1.0,0.0,0.0,1.0,0.0,0.0,0.04314587914964918,0.1267605633802817,0.5714285714285714,0.020064328381069075
1218,0.22857142857142856,1.0,0.0,1.0,0.0,0.6666666666666666,0.4013157894736842,0.18083816197277994,1.0,1.0,0.0,0.0,0.0,0.5,0.06198370017186894,0.23943661971830987,0.5714285714285714,0.05138612344922653
1219,0.9714285714285714,0.0,1.0,0.0,0.0,1.0,0.23684210526315788,0.5105780892063064,1.0,1.0,1.0,0.0,0.0,0.5,0.03875206600281386,0.971830985915493,0.5714285714285714,0.14508347373257774
1220,0.8142857142857143,1.0,1.0,1.0,1.0,0.0,0.4605263157894737,0.7028702331222206,0.0,1.0,1.0,0.0,0.0,0.0,0.07179303844778835,0.028169014084507043,0.7142857142857142,0.16634757747485576
1221,0.8,1.0,1.0,0.0,0.0,0.0,0.5855263157894737,0.8303463145128688,0.0,1.0,0.0,0.0,0.0,0.5,0.08892636870215122,0.8028169014084507,0.42857142857142855,0.2950681574513708
1222,0.8714285714285714,1.0,1.0,1.0,0.5,0.6666666666666666,0.5131578947368421,0.8110766743026546,0.0,1.0,1.0,1.0,0.0,1.0,0.07851691952205771,0.07042253521126761,0.8571428571428571,0.16446950966019738
1223,0.7285714285714286,1.0,1.0,1.0,0.0,0.6666666666666666,0.4276315789473685,0.5899474464357903,0.0,1.0,1.0,0.0,0.0,0.5,0.0664104980787356,0.7323943661971831,0.7142857142857142,0.13960790320110278
1224,0.8571428571428572,1.0,1.0,0.0,0.0,0.6666666666666666,0.3421052631578947,0.5842878318285945,1.0,1.0,1.0,0.0,0.0,1.0,0.054016470697300714,0.8591549295774648,0.7142857142857142,0.13826772859549702
1225,0.5571428571428572,1.0,1.0,1.0,0.5,1.0,0.17105263157894737,0.24444144993936126,0.0,0.0,0.0,0.0,0.0,0.5,0.029877474081055608,0.04225352112676056,0.42857142857142855,0.0869581865523051
1226,0.5285714285714286,0.0,1.0,1.0,1.0,0.6666666666666666,0.30263157894736836,0.33256973453712435,1.0,0.0,0.0,0.0,0.0,1.0,0.048365494320154766,0.014084507042253521,0.42857142857142855,0.1182608362689539
1227,0.6,0.0,0.0,1.0,0.0,0.0,0.19736842105263155,0.2856757849346449,0.0,0.0,0.0,0.0,0.0,0.5,0.03357955417223769,0.6056338028169014,0.14285714285714285,0.20374483075509267
1228,0.8857142857142858,0.0,1.0,1.0,0.0,0.3333333333333333,0.618421052631579,0.9626734941382562,1.0,1.0,1.0,0.0,0.0,0.5,0.09389165656837664,0.8873239436619719,0.7142857142857142,0.22786797365599634
1229,0.2571428571428571,1.0,0.0,1.0,1.0,0.6666666666666666,0.5986842105263158,0.2821722139873332,0.0,1.0,1.0,0.0,0.0,0.0,0.09137358003869239,0.0,0.5714285714285714,0.0801807321182417
1230,0.7000000000000001,0.0,1.0,0.0,0.5,0.6666666666666666,0.10526315789473684,0.23756906077348064,0.0,1.0,1.0,0.0,0.0,0.5,0.020301602262016966,0.056338028169014086,0.42857142857142855,0.08451715423495175
1231,0.45714285714285713,1.0,1.0,0.0,0.0,0.6666666666666666,0.5460526315789473,0.4512868885594933,1.0,1.0,1.0,0.0,0.0,0.5,0.08285493959386513,0.4647887323943662,0.7142857142857142,0.10677362536376168
1232,0.17142857142857143,1.0,0.0,1.0,0.0,0.6666666666666666,0.4671052631578947,0.15671742352782644,0.0,0.0,1.0,1.0,0.0,1.0,0.07213804103530776,0.18309859154929578,0.5714285714285714,0.0445320876091285
1233,0.8714285714285714,1.0,1.0,1.0,0.5,1.0,0.6447368421052632,0.9823473925346987,1.0,1.0,0.0,0.0,0.0,0.0,0.09783831443251953,0.07042253521126761,0.7142857142857142,0.23252667585643538
1234,0.6,1.0,0.0,1.0,0.5,1.0,0.3092105263157895,0.38094596415577414,1.0,0.0,0.0,1.0,0.0,0.0,0.049076123884882625,0.04225352112676056,0.5714285714285714,0.10824781742992802
1235,0.6857142857142857,1.0,0.0,1.0,1.0,0.0,0.48026315789473684,0.608408570273548,0.0,0.0,1.0,0.0,0.0,1.0,0.07391948296755083,0.028169014084507043,0.42857142857142855,0.21623717261448921
1236,0.49999999999999994,1.0,1.0,1.0,0.0,0.6666666666666666,0.3421052631578947,0.34577550195391454,0.0,1.0,0.0,0.0,0.0,0.0,0.05435124096764059,0.5070422535211268,0.5714285714285714,0.09825394394241078
1237,0.12857142857142856,1.0,1.0,0.0,0.0,0.3333333333333333,0.04605263157894737,0.03395768764317477,1.0,1.0,0.0,0.0,0.0,0.5,0.011875589066918001,0.14084507042253522,0.5714285714285714,0.009649257160361465
1238,0.07142857142857142,0.0,1.0,1.0,0.5,0.6666666666666666,0.032894736842105254,0.016574585635359115,1.0,0.0,0.0,0.0,0.0,0.5,0.008325479107759975,0.0,0.42857142857142855,0.006021213049471588
1239,0.8,0.0,0.0,1.0,0.0,0.6666666666666666,0.08552631578947367,0.244576202668104,0.0,0.0,1.0,0.0,0.0,1.0,0.01704780329712122,0.8028169014084507,0.2857142857142857,0.11618675652218308
1240,0.0,0.0,0.0,0.0,0.0,0.0,0.19736842105263155,0.005794367335938553,0.0,0.0,0.0,1.0,0.0,1.0,0.04052780395852969,0.014084507042253521,0.14285714285714285,0.004920355337724
1241,1.0,0.0,1.0,0.0,0.0,0.3333333333333333,0.17105263157894737,0.4384853793289314,1.0,0.0,0.0,0.0,0.0,0.5,0.030186775696592366,1.0,0.2857142857142857,0.20802062592535864
1242,0.8142857142857143,1.0,1.0,0.0,0.0,0.6666666666666666,0.48026315789473684,0.7240264115348335,0.0,1.0,1.0,0.0,0.0,0.5,0.07434430758230687,0.8169014084507042,0.5714285714285714,0.20573594731199266
1243,0.2857142857142857,1.0,1.0,0.0,0.0,0.0,0.4736842105263158,0.25670394825495213,0.0,1.0,0.0,0.0,0.0,0.5,0.07293209460975719,0.29577464788732394,0.42857142857142855,0.09131375402052382
1244,0.7857142857142857,1.0,1.0,0.0,0.5,0.3333333333333333,0.6447368421052632,0.8806090823339172,1.0,1.0,0.0,1.0,0.0,0.5,0.0970277366365962,0.056338028169014086,0.7142857142857142,0.20843544187471283
1245,0.2714285714285714,1.0,1.0,1.0,0.5,0.0,0.21052631578947364,0.13583075057269908,1.0,1.0,0.0,0.0,0.0,0.5,0.0349670122525919,0.014084507042253521,0.7142857142857142,0.032074845560831164
1246,0.7571428571428571,1.0,1.0,1.0,0.0,0.6666666666666666,0.618421052631579,0.8261689799218433,1.0,1.0,0.0,0.0,0.0,0.0,0.0940587146996195,0.7605633802816901,0.7142857142857142,0.1955442385255527
1247,0.34285714285714286,0.0,1.0,1.0,0.0,0.3333333333333333,0.4078947368421053,0.27233526478911196,0.0,1.0,0.0,1.0,0.0,0.5,0.06352497643732329,0.35211267605633806,0.5714285714285714,0.07738551079797826
1248,0.3857142857142857,1.0,1.0,0.0,0.0,0.0,0.32894736842105265,0.26007276647352107,1.0,0.0,0.0,0.0,0.0,0.0,0.05224182038508146,0.3943661971830986,0.42857142857142855,0.09251033848981467
1249,0.05714285714285714,1.0,0.0,0.0,0.5,0.0,0.4407894736842105,0.05619188788572968,0.0,0.0,0.0,1.0,1.0,0.0,0.06804901036757775,0.0,0.2857142857142857,0.026969418491856842
1250,0.2857142857142857,1.0,0.0,1.0,0.0,0.0,0.4671052631578947,0.25387414095135424,1.0,1.0,1.0,0.0,0.0,0.5,0.07198958754095418,0.29577464788732394,0.7142857142857142,0.06002705876346556
1251,0.24285714285714283,1.0,0.0,0.0,0.5,0.3333333333333333,0.11842105263157895,0.08880204824147687,0.0,1.0,1.0,0.0,0.0,0.5,0.02204419310922609,0.014084507042253521,0.42857142857142855,0.031675984071067545
1252,0.6571428571428571,1.0,0.0,0.0,0.0,1.0,0.5,0.6026142029376095,1.0,0.0,1.0,0.0,0.0,0.0,0.07676419275272223,0.6619718309859155,0.42857142857142855,0.21417904732730894
1253,0.9857142857142858,0.0,1.0,0.0,0.0,0.6666666666666666,0.48026315789473684,0.8705026276782104,0.0,1.0,0.0,0.0,0.0,0.0,0.07397334051433957,0.9859154929577465,0.2857142857142857,0.41262061571450454
1254,0.8,1.0,1.0,0.0,0.5,1.0,0.6578947368421053,0.9187441045681174,0.0,0.0,1.0,1.0,0.0,0.5,0.0997734675992526,0.056338028169014086,0.5714285714285714,0.26106601317200184
1255,0.2571428571428571,1.0,1.0,0.0,0.0,0.6666666666666666,0.6052631578947368,0.28527152674841666,1.0,0.0,0.0,0.0,0.0,1.0,0.09251450964829605,0.26760563380281693,0.42857142857142855,0.10146079032011028
1256,0.9142857142857143,1.0,0.0,1.0,0.0,0.6666666666666666,0.45394736842105265,0.7738849211696537,0.0,0.0,1.0,1.0,0.0,0.5,0.07028202711520336,0.9154929577464789,0.5714285714285714,0.2199035074283964
1257,0.028571428571428574,0.0,0.0,1.0,0.0,1.0,0.4736842105263158,0.036652742218029916,1.0,1.0,0.0,0.0,1.0,1.0,0.07665724159597863,0.04225352112676056,0.42857142857142855,0.013152856486445092
1258,0.5857142857142857,1.0,0.0,1.0,0.0,0.6666666666666666,1.0,0.6458698288640344,0.0,0.0,0.0,1.0,0.0,0.5,0.09467707912571248,0.5915492957746479,0.42857142857142855,0.2295431919130035
1259,0.2857142857142857,1.0,0.0,1.0,0.0,0.0,0.6381578947368421,0.32744913084489957,0.0,1.0,1.0,0.0,0.0,0.0,0.09649477132983258,0.29577464788732394,0.5714285714285714,0.09304640833205698
1260,0.5571428571428572,0.0,1.0,1.0,0.0,0.3333333333333333,0.5460526315789473,0.5515429187441045,0.0,1.0,0.0,0.0,0.0,0.5,0.08357681432610745,0.5633802816901409,0.42857142857142855,0.19603882677285955
1261,0.9428571428571428,1.0,1.0,0.0,0.5,1.0,1.0,0.8715806495081525,0.0,1.0,0.0,0.0,0.0,0.0,0.07798894312602868,0.07042253521126761,0.42857142857142855,0.3097143513554909
1262,0.34285714285714286,0.0,1.0,0.0,0.5,0.3333333333333333,0.07894736842105263,0.10456811750437944,0.0,0.0,1.0,0.0,0.0,0.5,0.016588124410933082,0.028169014084507043,0.2857142857142857,0.0498800224638791
1263,0.7714285714285715,1.0,1.0,0.0,0.5,0.6666666666666666,0.5526315789473684,0.7608139064816062,0.0,1.0,0.0,1.0,0.0,0.5,0.08379744666266814,0.056338028169014086,0.5714285714285714,0.21618930923571758
1264,0.7285714285714286,0.0,1.0,1.0,0.0,0.3333333333333333,0.17105263157894737,0.315590890715537,1.0,0.0,0.0,0.0,0.0,0.5,0.02950772130790981,0.7323943661971831,0.42857142857142855,0.11223005054372799
1265,0.6142857142857143,1.0,1.0,1.0,0.5,0.3333333333333333,0.375,0.45249966311817813,1.0,1.0,0.0,0.0,0.0,0.5,0.05903521549138892,0.04225352112676056,0.7142857142857142,0.10706080563639149
1266,0.7857142857142857,1.0,1.0,1.0,0.0,0.6666666666666666,0.26973684210526316,0.455329470421776,0.0,1.0,1.0,1.0,0.0,1.0,0.04391073111619766,0.7887323943661972,0.8571428571428571,0.0922641839704177
1267,0.7714285714285715,0.0,1.0,1.0,0.0,0.6666666666666666,0.2302631578947368,0.40250640075461525,0.0,0.0,0.0,0.0,0.0,0.5,0.03823151400908234,0.7746478873239436,0.2857142857142857,0.19098126308265687
1268,0.9857142857142858,1.0,1.0,1.0,0.0,0.6666666666666666,0.21052631578947364,0.4798544670529578,0.0,1.0,0.0,0.0,0.0,0.5,0.03494008347919752,0.9859154929577465,0.5714285714285714,0.13635319344463165
1269,0.9285714285714286,1.0,1.0,1.0,1.0,0.3333333333333333,0.5657894736842105,0.9353186902034766,1.0,1.0,0.0,1.0,0.0,0.5,0.08612515351440893,0.028169014084507043,0.8571428571428571,0.18968667264730982
1270,0.2571428571428571,0.0,1.0,1.0,0.0,0.3333333333333333,0.506578947368421,0.24471095539684679,0.0,1.0,0.0,1.0,0.0,1.0,0.07758321345304826,0.26760563380281693,0.5714285714285714,0.06953591667943024
1271,0.0857142857142857,1.0,1.0,0.0,1.0,0.6666666666666666,0.3486842105263158,0.0642770516102951,0.0,1.0,0.0,1.0,1.0,0.5,0.05291503971994076,0.0,0.5714285714285714,0.01826466533925563
1272,0.8857142857142858,1.0,1.0,1.0,0.0,1.0,0.4407894736842105,0.7323810807168845,1.0,1.0,1.0,1.0,0.0,1.0,0.0683242822733869,0.8873239436619719,1.0,0.12986770562107522
1273,0.5857142857142857,0.0,0.0,0.0,0.0,0.6666666666666666,0.6513157894736842,0.6698558145802452,1.0,0.0,1.0,1.0,0.0,0.0,0.09867151384587765,0.5915492957746479,0.42857142857142855,0.2380628733343544
1274,0.5857142857142857,0.0,1.0,1.0,0.0,1.0,0.26315789473684215,0.33742083277186363,1.0,0.0,1.0,0.0,0.0,0.0,0.04331044387594811,0.5915492957746479,0.5714285714285714,0.09587992035533772
1275,0.8285714285714286,0.0,1.0,0.0,0.5,0.3333333333333333,0.368421052631579,0.5968198356016708,1.0,0.0,0.0,1.0,0.0,0.5,0.0577804757264493,0.056338028169014086,0.42857142857142855,0.21212092204012867
1276,0.2714285714285714,1.0,0.0,1.0,0.0,0.6666666666666666,0.35526315789473684,0.19781700579436734,0.0,0.0,1.0,1.0,0.0,0.0,0.05664467483506126,0.28169014084507044,0.5714285714285714,0.05621075202940726
1277,0.22857142857142856,1.0,0.0,1.0,1.0,0.3333333333333333,0.618421052631579,0.2585904864573507,0.0,0.0,1.0,1.0,0.0,0.5,0.09397349891888894,0.0,0.5714285714285714,0.0734798590902129
1278,0.3714285714285714,1.0,0.0,1.0,1.0,0.3333333333333333,0.23684210526315788,0.19876027489556664,1.0,0.0,1.0,0.0,0.0,1.0,0.03878242049778336,0.014084507042253521,0.5714285714285714,0.056478786950528416
1279,0.6571428571428571,1.0,1.0,0.0,0.5,0.3333333333333333,0.6513157894736842,0.751515968198356,0.0,0.0,0.0,0.0,0.0,0.5,0.09892313554053783,0.04225352112676056,0.2857142857142857,0.3562694644407005
1280,0.014285714285714285,0.0,1.0,1.0,0.0,0.6666666666666666,0.20394736842105263,0.010780218299420562,0.0,1.0,0.0,0.0,0.0,0.5,0.031102733270499526,0.028169014084507043,0.42857142857142855,0.003963087762291316
1281,0.8857142857142858,1.0,1.0,1.0,1.0,0.6666666666666666,0.07236842105263158,0.2588599919148363,1.0,1.0,0.0,0.0,0.0,0.0,0.015753332435707555,0.028169014084507043,0.7142857142857142,0.061207688773165875
1282,0.8714285714285714,0.0,1.0,0.0,1.0,0.6666666666666666,0.13157894736842105,0.32475407627004443,0.0,0.0,0.0,0.0,0.0,1.0,0.023653887081572463,0.028169014084507043,0.14285714285714285,0.23150559044264052
1283,0.2571428571428571,1.0,0.0,1.0,0.0,0.0,0.2828947368421052,0.15793019808651124,0.0,1.0,0.0,1.0,0.0,0.5,0.04563718438414604,0.26760563380281693,0.5714285714285714,0.04487670393628427
1284,0.22857142857142856,1.0,1.0,1.0,0.5,0.0,0.4276315789473685,0.19296590755962809,0.0,0.0,1.0,1.0,0.0,0.5,0.06697344347729667,0.014084507042253521,0.7142857142857142,0.04560422729361311
1285,0.9714285714285714,1.0,1.0,1.0,0.0,0.6666666666666666,0.3421052631578947,0.6635224363293356,1.0,0.0,1.0,1.0,0.0,0.5,0.054255624308486655,0.971830985915493,0.8571428571428571,0.13452070980023192
1286,0.5428571428571429,1.0,1.0,0.0,0.0,0.0,0.24999999999999997,0.30157660692629024,0.0,1.0,1.0,1.0,0.0,0.5,0.04122864254815244,0.5492957746478874,0.7142857142857142,0.07132281615357125
1287,1.0,1.0,1.0,1.0,0.0,0.6666666666666666,0.375,0.7264519606522032,1.0,0.0,0.0,1.0,0.0,0.5,0.05855491099281837,1.0,0.7142857142857142,0.17193163833154645
1288,0.5428571428571429,0.0,1.0,1.0,0.0,0.6666666666666666,0.5526315789473684,0.545748551408166,1.0,1.0,0.0,0.0,0.0,0.0,0.08501897097561564,0.5492957746478874,0.5714285714285714,0.15507734722009495
1289,0.49999999999999994,0.0,0.0,1.0,0.0,1.0,0.5526315789473684,0.5006063872793424,1.0,0.0,1.0,1.0,0.0,0.5,0.0844329249136035,0.5070422535211268,0.5714285714285714,0.142249961709297
1290,0.5571428571428572,1.0,0.0,1.0,0.0,0.6666666666666666,0.48026315789473684,0.49723756906077343,1.0,0.0,1.0,0.0,0.0,0.0,0.07408105560791706,0.5633802816901409,0.5714285714285714,0.1412926941338643
1291,0.6285714285714286,0.0,0.0,0.0,0.5,0.6666666666666666,0.631578947368421,0.6965368548713111,1.0,0.0,0.0,0.0,0.0,1.0,0.09536077076133626,0.04225352112676056,0.14285714285714285,0.4956157145045183
1292,0.04285714285714286,1.0,1.0,1.0,1.0,0.6666666666666666,0.39473684210526316,0.041099582266540896,1.0,1.0,1.0,0.0,1.0,0.5,0.0619698397737983,0.0,0.8571428571428571,0.008188740345272739
1293,0.34285714285714286,0.0,1.0,1.0,1.0,0.3333333333333333,0.006578947368421045,0.06939765530251986,0.0,1.0,0.0,1.0,0.0,0.5,0.006748350612629593,0.014084507042253521,0.5714285714285714,0.019719712053913308
1294,0.9714285714285714,0.0,1.0,1.0,0.0,0.0,0.19736842105263155,0.4549252122355477,0.0,0.0,1.0,0.0,0.0,0.5,0.03311068311273204,0.971830985915493,0.42857142857142855,0.1617207841935978
1295,0.41428571428571426,1.0,1.0,1.0,0.5,1.0,0.21710526315789472,0.21156178412612855,1.0,0.0,0.0,0.0,0.0,1.0,0.036569274269557014,0.028169014084507043,0.5714285714285714,0.06011640373717262
1296,0.9571428571428572,1.0,0.0,1.0,0.0,0.0,0.36184210526315785,0.9999999999999999,1.0,1.0,0.0,0.0,0.0,0.5,0.08985696069191107,0.9577464788732395,0.5714285714285714,0.2841553070914382
1297,0.39999999999999997,0.0,1.0,1.0,0.5,0.3333333333333333,0.5986842105263158,0.4310739792480797,0.0,1.0,0.0,0.0,0.0,0.5,0.09122818421138158,0.028169014084507043,0.42857142857142855,0.15324896615101855
1298,0.9571428571428572,1.0,0.0,1.0,0.0,0.6666666666666666,0.5526315789473684,0.9497372321789516,1.0,1.0,1.0,0.0,0.0,0.0,0.08468703221156512,0.9577464788732395,0.7142857142857142,0.22480471741461175
1299,0.7142857142857143,1.0,1.0,0.0,0.0,0.0,0.15789473684210528,0.2957822395903517,1.0,0.0,1.0,1.0,0.0,1.0,0.027628393487460955,0.7183098591549296,0.7142857142857142,0.0699507326287844
1300,0.32857142857142857,0.0,1.0,1.0,0.5,0.0,0.3421052631578947,0.2317746934375421,0.0,0.0,0.0,1.0,0.0,0.5,0.054901036757775676,0.028169014084507043,0.42857142857142855,0.08245902894777148
1301,0.1857142857142857,1.0,1.0,1.0,0.0,0.0,0.4342105263157895,0.158064950815254,1.0,1.0,0.0,1.0,0.0,0.5,0.06671603608455635,0.1971830985915493,0.8571428571428571,0.03192897621600333
1302,0.9714285714285714,1.0,1.0,1.0,0.0,0.0,0.6513157894736842,0.9999999999999999,1.0,1.0,0.0,0.0,0.0,0.5,0.08836345258096681,0.971830985915493,0.7142857142857142,0.23670674426915814
1303,0.24285714285714283,1.0,0.0,1.0,1.0,0.0,0.02631578947368421,0.05484436059830211,1.0,0.0,0.0,1.0,0.0,1.0,0.008849094145983873,0.0,0.5714285714285714,0.015584316128044111
1304,0.5857142857142857,1.0,1.0,0.0,0.0,0.6666666666666666,0.3092105263157895,0.37353456407492247,1.0,0.0,1.0,1.0,0.0,0.0,0.049324536600691166,0.5915492957746479,0.7142857142857142,0.08836217899627304
1305,0.8,1.0,0.0,1.0,0.0,0.3333333333333333,0.6513157894736842,0.9103894353860665,0.0,0.0,0.0,0.0,0.0,0.0,0.09874828447178265,0.8028169014084507,0.2857142857142857,0.43151069586970947
1306,0.15714285714285714,1.0,0.0,1.0,0.0,0.6666666666666666,0.6447368421052632,0.18905807842608813,1.0,0.0,0.0,1.0,0.0,0.0,0.09809927741124724,0.16901408450704225,0.5714285714285714,0.053721856333282275
1307,0.22857142857142856,0.0,1.0,0.0,0.0,0.3333333333333333,0.2236842105263158,0.12033418676728203,0.0,1.0,0.0,0.0,0.0,1.0,0.0370904252370128,0.23943661971830987,0.2857142857142857,0.057346709552254044
1308,0.41428571428571426,0.0,0.0,1.0,0.0,1.0,0.0,0.0796388626869694,0.0,1.0,0.0,0.0,0.0,0.5,0.005812126924285267,0.4225352112676056,0.2857142857142857,0.038073722366875985
1309,0.3142857142857143,0.0,1.0,1.0,0.5,0.3333333333333333,0.38815789473684215,0.24093787899204958,1.0,0.0,1.0,1.0,0.0,0.5,0.06064828094906363,0.014084507042253521,0.7142857142857142,0.05696380252208097
1310,0.0,1.0,1.0,1.0,0.0,0.0,0.5723684210526315,0.010645465570677805,1.0,0.0,0.0,1.0,1.0,0.5,0.07445805843543826,0.014084507042253521,0.7142857142857142,0.00243145964159902
1311,0.44285714285714284,1.0,0.0,1.0,1.0,0.6666666666666666,0.21710526315789472,0.22530656245788977,0.0,0.0,0.0,0.0,0.0,1.0,0.03646324222431668,0.014084507042253521,0.2857142857142857,0.10706080563639149
1312,0.11428571428571427,0.0,0.0,0.0,0.0,0.3333333333333333,0.618421052631579,0.13475272874275704,0.0,0.0,1.0,0.0,1.0,0.5,0.09299403078856425,0.1267605633802817,0.14285714285714285,0.09653086230663195
1313,0.19999999999999998,0.0,1.0,1.0,0.0,1.0,0.2236842105263158,0.1047028702331222,1.0,0.0,1.0,0.0,0.0,0.5,0.036506440464970154,0.2112676056338028,0.5714285714285714,0.029751876244447847
1314,0.3857142857142857,1.0,1.0,1.0,0.5,0.0,0.4078947368421053,0.3026546287562323,1.0,1.0,0.0,1.0,0.0,0.0,0.06287868587585835,0.028169014084507043,0.8571428571428571,0.06127606502855392
1315,0.32857142857142857,1.0,1.0,1.0,0.5,0.6666666666666666,0.48026315789473684,0.2979382832502358,0.0,1.0,1.0,1.0,0.0,0.5,0.07418316054037072,0.028169014084507043,0.8571428571428571,0.060318797453121235
1316,0.8428571428571429,0.0,1.0,1.0,0.5,0.6666666666666666,0.2302631578947368,0.4394286484301307,1.0,0.0,0.0,1.0,0.0,0.0,0.03825007854225573,0.07042253521126761,0.5714285714285714,0.12486598253943942
1317,0.4857142857142857,0.0,1.0,0.0,1.0,0.6666666666666666,0.23684210526315788,0.25912949737232177,1.0,0.0,1.0,0.0,0.0,0.0,0.038965935101656114,0.014084507042253521,0.42857142857142855,0.09217529483841323
1318,0.3714285714285714,1.0,0.0,1.0,0.0,0.0,0.3092105263157895,0.24282441719444817,1.0,0.0,0.0,1.0,0.0,0.5,0.050197228331064325,0.38028169014084506,0.5714285714285714,0.06899984683718793
1319,0.2714285714285714,0.0,1.0,0.0,0.0,0.0,0.5526315789473684,0.27705161029510844,1.0,0.0,1.0,1.0,0.0,0.5,0.08435438265786993,0.28169014084507044,0.5714285714285714,0.07872568540358402
1320,0.9142857142857143,1.0,1.0,1.0,1.0,1.0,0.07236842105263158,0.26303732650586176,1.0,1.0,1.0,0.0,0.0,0.5,0.015312114840861306,0.028169014084507043,0.8571428571428571,0.053235017394919364
1321,0.6857142857142857,1.0,1.0,0.0,0.0,0.3333333333333333,0.42105263157894735,0.5456137986794232,1.0,1.0,0.0,0.0,0.0,0.5,0.06495604839485276,0.6901408450704225,0.5714285714285714,0.15503905651707767
1322,0.0,1.0,1.0,1.0,0.0,0.0,0.44736842105263164,0.008489421910793693,0.0,1.0,0.0,1.0,1.0,0.5,0.05937794533459001,0.014084507042253521,0.7142857142857142,0.001920916934701588
1323,0.12857142857142856,1.0,1.0,1.0,0.0,0.3333333333333333,0.368421052631579,0.0987737501684409,0.0,0.0,1.0,0.0,1.0,0.5,0.05721017907634307,0.14084507042253522,0.5714285714285714,0.028067085311686325
1324,0.6571428571428571,1.0,1.0,0.0,0.5,0.6666666666666666,0.618421052631579,0.7180972914701522,1.0,1.0,1.0,0.0,0.0,1.0,0.09394990675196022,0.04225352112676056,0.7142857142857142,0.16995328534231888
1325,0.8285714285714286,1.0,0.0,0.0,0.0,0.6666666666666666,0.4013157894736842,0.6364371378520415,1.0,1.0,0.0,0.0,0.0,1.0,0.06247703637438297,0.8309859154929577,0.42857142857142855,0.22619275539898914
1326,0.8714285714285714,1.0,1.0,1.0,0.0,0.6666666666666666,0.42105263157894735,0.6947850693976553,0.0,0.0,0.0,0.0,0.0,0.5,0.06539782919339637,0.8732394366197184,0.42857142857142855,0.24691759840710675
1327,0.24285714285714283,0.0,1.0,1.0,0.0,0.6666666666666666,0.39473684210526316,0.19188788572968601,1.0,1.0,0.0,0.0,0.0,0.5,0.06210074353335428,0.2535211267605634,0.5714285714285714,0.05452596109664574
1328,0.6428571428571429,1.0,0.0,1.0,0.5,1.0,0.48026315789473684,0.5713515698692898,1.0,0.0,0.0,0.0,0.0,0.0,0.07396631561693234,0.04225352112676056,0.42857142857142855,0.2030747434522898
1329,0.44285714285714284,1.0,1.0,0.0,0.0,1.0,0.09210526315789472,0.14189462336612316,1.0,0.0,1.0,0.0,0.0,1.0,0.01823162111215834,0.4507042253521127,0.5714285714285714,0.040320110277224694
1330,0.3714285714285714,1.0,1.0,1.0,0.0,1.0,0.5921052631578947,0.3967120334186767,1.0,1.0,0.0,0.0,0.0,0.0,0.09006178657451042,0.38028169014084506,0.7142857142857142,0.09385051309542043
1331,0.24285714285714283,0.0,1.0,0.0,0.5,0.6666666666666666,0.032894736842105254,0.056057135156986924,0.0,0.0,0.0,0.0,0.0,0.5,0.00932034768038538,0.014084507042253521,0.14285714285714285,0.040626435901363146
1332,0.5428571428571429,0.0,1.0,0.0,1.0,0.3333333333333333,0.4276315789473685,0.441449939361272,0.0,0.0,0.0,0.0,0.0,0.5,0.0663138306870635,0.014084507042253521,0.14285714285714285,0.31440496247511107
1333,0.6857142857142857,1.0,1.0,0.0,0.5,0.3333333333333333,0.4078947368421053,0.5375286349548578,1.0,1.0,0.0,0.0,0.0,1.0,0.06380195810652253,0.056338028169014086,0.5714285714285714,0.15274161433603922
1334,0.6142857142857143,1.0,1.0,1.0,0.5,0.6666666666666666,0.13815789473684212,0.23824282441719444,0.0,0.0,0.0,1.0,0.0,0.5,0.02497643732327992,0.04225352112676056,0.5714285714285714,0.06769796293459948
1335,0.7571428571428571,0.0,0.0,1.0,0.0,0.6666666666666666,0.032894736842105254,0.17302250370570002,1.0,1.0,0.0,1.0,0.0,0.5,0.009459978357245089,0.7605633802816901,0.5714285714285714,0.04916526267422271
1336,0.4714285714285714,1.0,0.0,0.0,0.0,0.6666666666666666,0.09210526315789472,0.15065355073440237,1.0,1.0,0.0,0.0,0.0,0.5,0.01818484226866996,0.47887323943661975,0.42857142857142855,0.05364527492724767
1337,1.0,1.0,1.0,0.0,0.0,0.6666666666666666,0.18421052631578946,0.4507478776445223,1.0,1.0,0.0,0.0,0.0,0.5,0.031394777714353984,1.0,0.5714285714285714,0.12808240159289325
1338,0.49999999999999994,1.0,1.0,0.0,1.0,1.0,0.5855263157894737,0.5259399002829807,0.0,0.0,0.0,0.0,0.0,0.5,0.08935490627290815,0.014084507042253521,0.2857142857142857,0.24943840302241285
1339,0.24285714285714283,0.0,1.0,1.0,0.0,1.0,0.5657894736842105,0.25131383910524185,1.0,0.0,0.0,0.0,0.0,1.0,0.08519216671902817,0.2535211267605634,0.42857142857142855,0.08939921886965844
1340,0.5285714285714286,1.0,1.0,0.0,1.0,0.6666666666666666,0.04605263157894737,0.1313839105241881,1.0,1.0,0.0,1.0,0.0,0.5,0.011334887643236272,0.014084507042253521,0.7142857142857142,0.03102185122785521
1341,0.8285714285714286,1.0,1.0,1.0,1.0,0.0,0.19078947368421054,0.38741409513542646,1.0,0.0,1.0,0.0,0.0,1.0,0.03295579801594274,0.028169014084507043,0.7142857142857142,0.09164879767192526
1342,0.11428571428571427,0.0,1.0,1.0,0.0,0.0,0.5855263157894737,0.13030588869424606,1.0,1.0,0.0,0.0,1.0,0.0,0.08953817153628651,0.1267605633802817,0.5714285714285714,0.03702710981773625
1343,0.7142857142857143,1.0,1.0,0.0,0.0,0.6666666666666666,1.0,0.29780353052149305,0.0,1.0,0.0,1.0,0.0,0.5,0.027905601448873614,0.7183098591549296,0.5714285714285714,0.08462245366824936
1344,0.4857142857142857,1.0,0.0,1.0,0.0,0.6666666666666666,0.6578947368421053,0.5598975879261555,0.0,1.0,0.0,1.0,0.0,0.5,0.09907095731789417,0.49295774647887325,0.5714285714285714,0.15909787103691223
1345,0.05714285714285714,0.0,1.0,0.0,0.0,0.3333333333333333,0.17105263157894737,0.029376094865921035,0.0,0.0,1.0,1.0,0.0,0.5,0.030537229029217718,0.07042253521126761,0.42857142857142855,0.010568234032776841
1346,0.1857142857142857,0.0,0.0,1.0,0.0,1.0,0.48684210526315785,0.1765260746530117,0.0,0.0,1.0,1.0,0.0,1.0,0.07593914097212871,0.1971830985915493,0.42857142857142855,0.06283504365140144
1347,0.41428571428571426,1.0,0.0,1.0,1.0,0.6666666666666666,0.2763157894736842,0.2514485918339846,0.0,0.0,1.0,1.0,0.0,0.5,0.04586867734841344,0.014084507042253521,0.5714285714285714,0.07145045183029561
1348,0.04285714285714286,1.0,1.0,1.0,0.0,0.6666666666666666,0.09210526315789472,0.018056865651529443,1.0,1.0,1.0,0.0,0.0,0.5,0.021677662582469365,0.056338028169014086,0.8571428571428571,0.003511804476730192
1349,0.5428571428571429,0.0,0.0,1.0,0.0,0.6666666666666666,0.17105263157894737,0.23568252257108205,1.0,1.0,1.0,0.0,0.0,0.5,0.029411053916237703,0.5492957746478874,0.5714285714285714,0.06697043957727064
1350,0.9,0.0,0.0,1.0,0.0,0.6666666666666666,0.44736842105263164,0.7528634954857836,1.0,0.0,0.0,0.0,0.0,0.5,0.06928899622997173,0.9014084507042254,0.2857142857142857,0.35690764282432225
1351,0.34285714285714286,1.0,1.0,0.0,1.0,0.3333333333333333,0.2236842105263158,0.17989489287158064,1.0,1.0,0.0,0.0,0.0,1.0,0.037662582469368516,0.014084507042253521,0.5714285714285714,0.05111808852810538
1352,0.3857142857142857,1.0,1.0,0.0,0.5,0.6666666666666666,0.4013157894736842,0.30063333782509094,1.0,0.0,0.0,0.0,0.0,0.0,0.06237377137471388,0.028169014084507043,0.42857142857142855,0.10691721550007659
1353,0.9285714285714286,1.0,1.0,1.0,1.0,0.6666666666666666,0.13815789473684212,0.35992453847190403,1.0,1.0,1.0,1.0,0.0,0.0,0.025147802244880467,0.028169014084507043,1.0,0.06372051615867667
1354,0.3,0.0,0.0,1.0,1.0,0.6666666666666666,0.29605263157894735,0.191348874814715,1.0,1.0,0.0,1.0,0.0,0.5,0.04823922543055437,0.0,0.5714285714285714,0.05437279828457651
1355,0.42857142857142855,0.0,1.0,0.0,0.0,0.0,0.3421052631578947,0.29739927233526475,0.0,1.0,0.0,1.0,0.0,0.0,0.05433097199841902,0.4366197183098592,0.42857142857142855,0.10576849440955736
1356,0.3142857142857143,1.0,1.0,0.0,0.0,0.6666666666666666,0.2763157894736842,0.18919283115483088,0.0,1.0,1.0,0.0,0.0,0.5,0.04491251075687415,0.323943661971831,0.5714285714285714,0.05376014703629959
1357,0.6714285714285715,1.0,1.0,0.0,0.0,0.6666666666666666,0.13157894736842105,0.2558954318824956,1.0,1.0,1.0,0.0,0.0,0.5,0.024367734841344642,0.676056338028169,0.7142857142857142,0.060505692551181905
1358,0.2714285714285714,1.0,1.0,0.0,0.0,1.0,0.3092105263157895,0.1755828055518124,1.0,1.0,0.0,1.0,0.0,1.0,0.04886899151743637,0.28169014084507044,0.7142857142857142,0.04148797671925256
1359,0.5285714285714286,1.0,1.0,1.0,0.5,1.0,0.4605263157894737,0.4537124376768629,0.0,1.0,0.0,0.0,0.0,0.5,0.07066322734262612,0.04225352112676056,0.5714285714285714,0.128924797059274
1360,0.7714285714285715,0.0,0.0,1.0,0.0,0.6666666666666666,0.6381578947368421,0.8618784530386739,1.0,1.0,0.0,0.0,0.0,0.5,0.09664981578270927,0.7746478873239436,0.42857142857142855,0.30626818808393325
1361,0.9571428571428572,1.0,1.0,1.0,0.0,0.6666666666666666,0.5197368421052632,0.9043255625926424,1.0,1.0,1.0,0.0,0.0,0.5,0.08001607806176192,0.9577464788732395,0.8571428571428571,0.1833960571516093
1362,0.0,1.0,0.0,1.0,0.5,0.0,0.11184210526315788,0.002695054574855141,1.0,1.0,0.0,0.0,0.0,0.5,0.018850141376060323,0.0,0.5714285714285714,0.0007658140603461479
1363,0.0857142857142857,0.0,0.0,0.0,0.5,0.3333333333333333,0.18421052631578946,0.04433364775636706,0.0,1.0,1.0,1.0,0.0,1.0,0.03298774740810556,0.0,0.42857142857142855,0.015881069076428243
1364,0.8,1.0,1.0,1.0,0.5,0.6666666666666666,0.05263157894736842,0.21412208597224092,0.0,1.0,0.0,1.0,0.0,1.0,0.013310845445375929,0.056338028169014086,0.7142857142857142,0.050613927605044164
1365,0.15714285714285714,1.0,1.0,0.0,0.0,0.6666666666666666,0.09210526315789472,0.050801778736019404,0.0,0.0,0.0,0.0,0.0,0.5,0.017514923028589383,0.16901408450704225,0.2857142857142857,0.024416704957369684
1366,0.05714285714285714,0.0,0.0,0.0,1.0,0.6666666666666666,0.17105263157894737,0.028298073035978977,1.0,0.0,1.0,0.0,0.0,0.5,0.029029217719132888,0.0,0.2857142857142857,0.013759125950885793
1367,0.7000000000000001,1.0,0.0,0.0,0.0,0.0,0.13157894736842105,0.26681040291065894,1.0,0.0,1.0,0.0,0.0,0.5,0.024392082940622055,0.7042253521126761,0.42857142857142855,0.09490350742839639
1368,0.5857142857142857,0.0,1.0,0.0,0.0,1.0,0.14473684210526314,0.23271796253874139,1.0,1.0,1.0,1.0,0.0,0.5,0.025874063103092315,0.5915492957746479,0.7142857142857142,0.055017358452034516
1369,0.15714285714285714,0.0,1.0,1.0,0.5,0.0,0.15789473684210528,0.06481606252526613,0.0,1.0,1.0,0.0,0.0,0.5,0.025683317624882185,0.014084507042253521,0.5714285714285714,0.01841782815132486
1370,0.24285714285714283,0.0,1.0,0.0,1.0,0.0,0.20394736842105263,0.11763913219242689,0.0,1.0,1.0,0.0,0.0,0.5,0.03324955492721751,0.0,0.42857142857142855,0.04191874712819727
1371,0.9285714285714286,1.0,0.0,1.0,0.0,0.3333333333333333,0.08552631578947367,0.2875623231370435,1.0,0.0,0.0,1.0,0.0,0.0,0.017479222003255933,0.9295774647887324,0.5714285714285714,0.081712360238934
1372,0.22857142857142856,1.0,0.0,1.0,0.0,0.3333333333333333,0.18421052631578946,0.10874545209540491,0.0,1.0,0.0,1.0,0.0,0.5,0.0323224483007152,0.23943661971830987,0.5714285714285714,0.03090059733496707
1373,0.9571428571428572,1.0,1.0,0.0,0.0,0.0,0.45394736842105265,0.8122894488613394,1.0,1.0,0.0,0.0,0.0,1.0,0.07054942617951988,0.9577464788732395,0.5714285714285714,0.230816357788329
1374,1.0,1.0,0.0,1.0,0.0,1.0,0.15789473684210528,0.41665543727260473,0.0,1.0,0.0,1.0,0.0,1.0,0.028036266610027748,1.0,0.5714285714285714,0.11839485372951448
1375,0.8714285714285714,0.0,1.0,0.0,1.0,0.3333333333333333,0.11842105263157895,0.30912275973588466,0.0,0.0,0.0,1.0,0.0,1.0,0.021890486759295856,0.028169014084507043,0.2857142857142857,0.14675550109766683
1376,0.5714285714285715,1.0,0.0,0.0,0.0,1.0,0.04605263157894737,0.14782374343080448,1.0,0.0,0.0,1.0,0.0,0.0,0.012344543803590721,0.5774647887323944,0.42857142857142855,0.05264014397304335
1377,0.4714285714285714,1.0,1.0,0.0,0.5,1.0,0.32894736842105265,0.3208462471365045,0.0,1.0,1.0,0.0,0.0,0.5,0.053196207795087866,0.028169014084507043,0.5714285714285714,0.09117016388420891
1378,0.9857142857142858,0.0,1.0,1.0,0.5,0.0,0.5592105263157895,0.9800565961460719,1.0,1.0,0.0,0.0,0.0,1.0,0.08491988689915174,0.07042253521126761,0.5714285714285714,0.2784882830448767
1379,0.6285714285714286,1.0,1.0,0.0,0.0,0.6666666666666666,0.0394736842105263,0.15644791807034092,1.0,0.0,1.0,1.0,0.0,1.0,0.011414807833280971,0.6338028169014085,0.7142857142857142,0.03695691019553786
1380,0.8142857142857143,1.0,1.0,1.0,0.0,0.0,0.36184210526315785,0.5790324754076269,0.0,1.0,1.0,0.0,0.0,0.5,0.05685917644382334,0.8169014084507042,0.7142857142857142,0.13702328074743453
1381,0.7142857142857143,0.0,1.0,0.0,0.0,1.0,0.4342105263157895,0.586174370030993,0.0,0.0,0.0,0.0,0.0,0.5,0.06745393727707859,0.7183098591549296,0.14285714285714285,0.4172155000765814
1382,0.4714285714285714,1.0,1.0,1.0,0.0,0.0,0.39473684210526316,0.36019404392938953,1.0,0.0,0.0,1.0,0.0,1.0,0.06129068026833731,0.47887323943661975,0.7142857142857142,0.08520319599734517
1383,0.6142857142857143,1.0,1.0,0.0,0.0,0.6666666666666666,0.5789473684210527,0.6369761487670125,0.0,1.0,0.0,0.0,0.0,0.5,0.08836003770028275,0.619718309859155,0.42857142857142855,0.22638420891407568
1384,0.19999999999999998,1.0,1.0,1.0,0.0,1.0,0.5723684210526315,0.21237030049858507,0.0,1.0,0.0,0.0,0.0,0.0,0.08671065032987747,0.2112676056338028,0.5714285714285714,0.06034614795527646
1385,0.9857142857142858,1.0,1.0,1.0,1.0,0.6666666666666666,0.0394736842105263,0.239590351704622,1.0,1.0,1.0,0.0,0.0,0.0,0.010933081998114987,0.028169014084507043,0.8571428571428571,0.048476030019911166
1386,0.7000000000000001,1.0,0.0,1.0,0.0,0.3333333333333333,0.24342105263157895,0.3766338768360059,1.0,0.0,0.0,0.0,0.0,0.5,0.03975494816211121,0.7042253521126761,0.42857142857142855,0.1339121611272783
1387,0.44285714285714284,0.0,0.0,1.0,0.5,1.0,0.44736842105263164,0.37393882226115077,0.0,0.0,1.0,0.0,0.0,0.5,0.06895028275212065,0.028169014084507043,0.2857142857142857,0.1774518813498749
1388,0.9428571428571428,0.0,1.0,0.0,0.0,0.6666666666666666,0.631578947368421,0.9999999999999999,1.0,0.0,1.0,1.0,0.0,0.0,0.0913950511345253,0.943661971830986,0.5714285714285714,0.2841553070914382
1389,0.028571428571428574,1.0,1.0,1.0,0.5,0.6666666666666666,0.5328947368421053,0.03948254952162781,0.0,0.0,1.0,1.0,1.0,0.5,0.08325479107759974,0.0,0.7142857142857142,0.009259968346352171
1390,0.7142857142857143,0.0,1.0,1.0,1.0,0.0,0.11842105263157895,0.9999999999999999,1.0,0.0,0.0,0.0,0.0,0.0,0.12420764724362884,0.028169014084507043,0.42857142857142855,0.35532815132485834
1391,0.9428571428571428,0.0,0.0,1.0,0.0,0.6666666666666666,0.18421052631578946,0.4305349683331087,1.0,0.0,0.0,0.0,0.0,0.0,0.03194676945151716,0.943661971830986,0.2857142857142857,0.2042553734619901
1392,0.6714285714285715,1.0,0.0,1.0,1.0,0.3333333333333333,0.506578947368421,0.6201320576741679,1.0,1.0,0.0,0.0,0.0,0.5,0.07744266415331448,0.028169014084507043,0.5714285714285714,0.17621381528564867
1393,0.22857142857142856,1.0,1.0,1.0,0.5,1.0,0.3157894736842105,0.15105780892063064,0.0,1.0,0.0,1.0,0.0,1.0,0.04973110827742973,0.014084507042253521,0.7142857142857142,0.03568055342829428
1394,0.0857142857142857,1.0,0.0,0.0,1.0,0.6666666666666666,0.36184210526315785,0.06858913893006333,0.0,0.0,0.0,1.0,1.0,0.5,0.05722364346304025,0.0,0.2857142857142857,0.03284065962117731
1395,0.17142857142857143,1.0,0.0,1.0,0.5,0.0,0.4013157894736842,0.14014283789246731,1.0,0.0,0.0,0.0,0.0,0.5,0.06322047415355615,0.014084507042253521,0.42857142857142855,0.049911931383060194
1396,0.9285714285714286,1.0,0.0,1.0,0.0,0.6666666666666666,0.07236842105263158,0.2688316938418003,1.0,1.0,0.0,1.0,0.0,0.5,0.015494244994716244,0.9295774647887324,0.7142857142857142,0.0635689487925665
1397,0.04285714285714286,1.0,1.0,1.0,0.0,0.3333333333333333,0.5657894736842105,0.05592238242824417,0.0,0.0,0.0,1.0,1.0,0.5,0.08788878416588124,0.056338028169014086,0.5714285714285714,0.01589064175218257
1398,0.12857142857142856,1.0,1.0,1.0,0.0,0.6666666666666666,0.5723684210526315,0.14351165611103625,1.0,1.0,0.0,0.0,1.0,0.5,0.0885014137606032,0.14084507042253522,0.7142857142857142,0.033893653954153266
1399,0.22857142857142856,1.0,1.0,1.0,0.0,0.3333333333333333,0.3092105263157895,0.14997978709068857,1.0,1.0,0.0,0.0,0.0,1.0,0.04928757553916949,0.23943661971830987,0.7142857142857142,0.03542528207484556
1400,0.7285714285714286,1.0,1.0,1.0,1.0,0.0,0.4144736842105263,0.5772806899339711,1.0,0.0,1.0,0.0,0.0,0.0,0.06470673530051475,0.028169014084507043,0.7142857142857142,0.13660846479808036
1401,0.07142857142857142,1.0,1.0,0.0,0.5,0.3333333333333333,0.4342105263157895,0.06656784799892197,1.0,1.0,0.0,1.0,1.0,0.5,0.0666038328620798,0.0,0.7142857142857142,0.01567366110175116
1402,0.9714285714285714,0.0,1.0,1.0,0.0,0.6666666666666666,0.12499999999999997,0.3622153348605309,1.0,1.0,0.0,1.0,0.0,0.0,0.023712931470174427,0.971830985915493,0.7142857142857142,0.08568182978506152
1403,0.11428571428571427,1.0,1.0,1.0,1.0,0.6666666666666666,0.07894736842105263,0.0354399676593451,1.0,0.0,0.0,0.0,0.0,0.0,0.015813174154361714,0.0,0.5714285714285714,0.010070454893551845
1404,0.2857142857142857,1.0,1.0,1.0,0.5,0.0,0.019736842105263164,0.06225576067915375,1.0,0.0,0.0,0.0,0.0,0.0,0.008168394596292806,0.014084507042253521,0.5714285714285714,0.01769030479399602
1405,0.32857142857142857,1.0,1.0,0.0,0.0,0.0,0.6052631578947368,0.3600592912006468,0.0,0.0,0.0,0.0,0.0,0.5,0.09228715048696198,0.3380281690140845,0.2857142857142857,0.1708786439985705
1406,0.04285714285714286,0.0,1.0,0.0,0.0,0.6666666666666666,0.2302631578947368,0.02816332030723622,1.0,0.0,1.0,0.0,0.0,0.5,0.039349670122525916,0.056338028169014086,0.42857142857142855,0.010137463623832133
1407,0.32857142857142857,1.0,0.0,1.0,0.0,0.6666666666666666,0.05921052631578946,0.09095809190136099,0.0,0.0,1.0,0.0,0.0,0.0,0.013862708136977691,0.3380281690140845,0.42857142857142855,0.03244179813141369
1408,0.8285714285714286,0.0,0.0,0.0,1.0,0.6666666666666666,0.3092105263157895,0.5275569330278937,0.0,0.0,0.0,1.0,0.0,1.0,0.04956948194060608,0.028169014084507043,0.14285714285714285,0.3755743605452596
1409,0.028571428571428574,0.0,1.0,1.0,1.0,0.0,0.05263157894736842,0.008893680097021964,1.0,1.0,1.0,1.0,0.0,0.5,0.011938422871504869,0.0,0.8571428571428571,0.001651970330175262
1410,0.9571428571428572,1.0,1.0,1.0,0.0,0.6666666666666666,0.05921052631578946,0.258994744643579,0.0,0.0,0.0,1.0,0.0,0.0,0.013638631701502466,0.9577464788732395,0.5714285714285714,0.07359473119926482
1411,0.5571428571428572,1.0,1.0,1.0,0.0,0.6666666666666666,0.3223684210526315,0.36935722948389704,1.0,1.0,0.0,0.0,0.0,1.0,0.0517200754005655,0.5633802816901409,0.7142857142857142,0.08737300250165927
1412,0.6714285714285715,0.0,1.0,1.0,0.5,0.6666666666666666,0.3355263157894737,0.4591025468265732,1.0,0.0,1.0,1.0,0.0,0.5,0.05397816525290605,0.056338028169014086,0.7142857142857142,0.10862434267626486
1413,0.7571428571428571,1.0,0.0,1.0,1.0,1.0,0.38815789473684215,0.5644791807034092,0.0,1.0,1.0,1.0,0.0,0.5,0.06016336789192585,0.028169014084507043,0.7142857142857142,0.13357711747587686
1414,0.4857142857142857,0.0,1.0,1.0,0.5,0.6666666666666666,0.4342105263157895,0.4023716480258725,0.0,1.0,0.0,0.0,0.0,1.0,0.06759122121987343,0.028169014084507043,0.42857142857142855,0.14305406647266045
1415,0.7857142857142857,1.0,1.0,1.0,0.5,0.3333333333333333,0.4407894736842105,0.6543592507748281,0.0,0.0,0.0,1.0,0.0,0.0,0.0687693550558772,0.056338028169014086,0.5714285714285714,0.18593965385204472
1416,0.5571428571428572,0.0,0.0,1.0,0.0,0.6666666666666666,0.2894736842105263,0.33903786551677667,0.0,0.0,1.0,1.0,0.0,0.5,0.046418473138548536,0.5633802816901409,0.42857142857142855,0.12055827844999234
1417,0.9571428571428572,0.0,1.0,1.0,0.0,0.3333333333333333,0.4276315789473685,0.7715941247810267,1.0,1.0,0.0,0.0,0.0,0.5,0.06636358596218883,0.9577464788732395,0.5714285714285714,0.21925256547710217
1418,0.6428571428571429,0.0,1.0,1.0,0.0,1.0,0.20394736842105263,0.30898800700714185,1.0,1.0,0.0,0.0,0.0,0.5,0.03407367946563947,0.647887323943662,0.5714285714285714,0.08780058201868586
1419,0.17142857142857143,1.0,1.0,0.0,1.0,0.6666666666666666,0.29605263157894735,0.1122490230427166,1.0,0.0,1.0,0.0,0.0,0.5,0.04821286159646198,0.0,0.5714285714285714,0.03189615561341706
1420,0.3714285714285714,1.0,1.0,1.0,0.0,0.6666666666666666,0.26315789473684215,0.21560436598841126,0.0,1.0,1.0,0.0,0.0,0.5,0.04314587914964918,0.38028169014084506,0.7142857142857142,0.05096492571603615
1421,0.07142857142857142,1.0,1.0,0.0,1.0,0.0,0.21710526315789472,0.04083007680905538,0.0,1.0,1.0,1.0,0.0,0.5,0.036600691171850455,0.0,0.7142857142857142,0.009579057538163068
1422,0.22857142857142856,1.0,1.0,0.0,0.0,0.0,0.15789473684210528,0.09742622288101332,0.0,1.0,0.0,0.0,0.0,1.0,0.027665354548982647,0.23943661971830987,0.42857142857142855,0.03473924031245214
1423,0.49999999999999994,1.0,1.0,1.0,1.0,1.0,0.05263157894736842,0.13434847055652877,1.0,1.0,0.0,0.0,0.0,0.5,0.013273641218975805,0.014084507042253521,0.7142857142857142,0.03172384744983918
1424,0.014285714285714285,1.0,0.0,1.0,0.0,0.6666666666666666,0.3355263157894737,0.015631316534159816,1.0,1.0,0.0,1.0,1.0,0.5,0.048067860508953814,0.028169014084507043,0.7142857142857142,0.003612089651299331
1425,0.7285714285714286,1.0,1.0,1.0,0.0,0.3333333333333333,0.35526315789473684,0.5134078965099043,0.0,0.0,0.0,0.0,0.0,0.0,0.05611542086565649,0.7323943661971831,0.42857142857142855,0.18249349058048706
1426,0.9285714285714286,1.0,0.0,1.0,0.5,0.3333333333333333,0.2236842105263158,0.47500336881821853,0.0,1.0,1.0,1.0,0.0,1.0,0.03734327249878617,0.07042253521126761,0.7142857142857142,0.11238959513963344
1427,0.7285714285714286,1.0,1.0,1.0,0.0,1.0,0.6447368421052632,0.824147688990702,1.0,1.0,1.0,1.0,0.0,0.5,0.09791198433988255,0.7323943661971831,1.0,0.14616518609281667
1428,0.6,0.0,1.0,1.0,1.0,0.0,0.368421052631579,0.43767686295647484,1.0,0.0,1.0,0.0,0.0,0.5,0.058303925651535415,0.014084507042253521,0.5714285714285714,0.12436820340021443
1429,0.3,1.0,1.0,1.0,0.0,1.0,0.5855263157894737,0.3201724834927907,1.0,0.0,1.0,1.0,0.0,0.5,0.08919544169308542,0.3098591549295775,0.8571428571428571,0.06483163030873247
1430,0.7714285714285715,0.0,1.0,0.0,0.0,0.6666666666666666,0.381578947368421,0.5666352243632933,1.0,1.0,0.0,1.0,0.0,0.5,0.05910376146002913,0.7746478873239436,0.5714285714285714,0.1610124061877776
1431,0.9428571428571428,0.0,1.0,1.0,1.0,0.6666666666666666,0.12499999999999997,0.3502223420024255,0.0,1.0,0.0,1.0,0.0,1.0,0.0235626767200754,0.028169014084507043,0.5714285714285714,0.09951753714198193
1432,0.8428571428571429,0.0,1.0,0.0,1.0,1.0,0.6447368421052632,0.9482549521627812,1.0,0.0,1.0,1.0,0.0,0.5,0.09756519007225888,0.028169014084507043,0.5714285714285714,0.26945167713279217
1433,0.8142857142857143,0.0,0.0,1.0,0.0,0.3333333333333333,0.5855263157894737,0.846381889233257,0.0,1.0,1.0,0.0,0.0,0.0,0.08909941824563683,0.8169014084507042,0.42857142857142855,0.3007638995251953
1434,0.15714285714285714,0.0,1.0,0.0,1.0,0.6666666666666666,0.3157894736842105,0.10914971028163319,1.0,0.0,1.0,0.0,0.0,0.0,0.051523719761231546,0.0,0.42857142857142855,0.03890335426558432
1435,0.9714285714285714,1.0,1.0,1.0,0.0,1.0,0.1644736842105263,0.41005255356420967,1.0,0.0,0.0,0.0,0.0,0.0,0.02856206204155226,0.971830985915493,0.5714285714285714,0.11651860928166641
1436,0.5428571428571429,0.0,0.0,1.0,0.0,0.3333333333333333,0.1513157894736842,0.21722139873332433,1.0,1.0,0.0,0.0,0.0,0.5,0.026100195751468137,0.5492957746478874,0.42857142857142855,0.07728978404043499
1437,0.17142857142857143,1.0,1.0,0.0,0.0,0.6666666666666666,0.5328947368421053,0.17383102007815657,0.0,0.0,0.0,0.0,0.0,0.5,0.08134561009207569,0.18309859154929578,0.2857142857142857,0.08268239138203912
1438,0.5714285714285715,0.0,1.0,0.0,0.0,0.6666666666666666,0.04605263157894737,0.1474194852445762,0.0,1.0,1.0,1.0,0.0,0.5,0.012275579871727085,0.5774647887323944,0.5714285714285714,0.04189002910093429
1439,0.8,0.0,0.0,1.0,0.0,0.0,0.42105263157894735,0.6425010106454655,1.0,1.0,0.0,1.0,0.0,0.5,0.0658762835458108,0.8028169014084507,0.5714285714285714,0.18257007198652167
1440,0.7428571428571429,1.0,1.0,1.0,0.0,0.6666666666666666,0.4276315789473685,0.597897857431613,1.0,0.0,1.0,1.0,0.0,1.0,0.06595771166396955,0.7464788732394366,0.8571428571428571,0.12120101525064
1441,0.15714285714285714,1.0,1.0,0.0,0.0,0.6666666666666666,0.12499999999999997,0.05956070610429861,1.0,1.0,0.0,0.0,0.0,0.5,0.022620169651272386,0.16901408450704225,0.5714285714285714,0.01692449073364987
1442,0.17142857142857143,1.0,1.0,0.0,1.0,0.6666666666666666,0.4671052631578947,0.1540223689529713,1.0,1.0,0.0,0.0,0.0,0.5,0.0706880301602262,0.0,0.5714285714285714,0.043766273548782354
1443,0.8,1.0,1.0,1.0,0.0,0.6666666666666666,0.4671052631578947,0.6937070475677132,0.0,0.0,0.0,0.0,0.0,0.5,0.07215966400449758,0.8028169014084507,0.42857142857142855,0.24653469137693368
1444,0.5571428571428572,1.0,1.0,1.0,1.0,0.3333333333333333,0.2302631578947368,0.2941652068454386,0.0,0.0,0.0,0.0,0.0,0.5,0.038572101790763424,0.014084507042253521,0.42857142857142855,0.10461977331903814
1445,0.6285714285714286,0.0,1.0,0.0,0.5,0.0,0.3223684210526315,0.41288236086780755,1.0,1.0,0.0,0.0,0.0,0.0,0.051272384542884075,0.04225352112676056,0.42857142857142855,0.14678741001684792
1446,0.4857142857142857,1.0,0.0,1.0,0.0,1.0,0.5526315789473684,0.48591833984638183,0.0,0.0,1.0,1.0,0.0,0.0,0.08428706072438401,0.49295774647887325,0.5714285714285714,0.13807627508041048
1447,0.028571428571428574,1.0,0.0,0.0,0.0,1.0,0.3486842105263158,0.02910658940843552,0.0,1.0,1.0,0.0,1.0,1.0,0.05906377631165567,0.04225352112676056,0.42857142857142855,0.010472507275233573
1448,0.05714285714285714,1.0,1.0,1.0,0.0,0.3333333333333333,0.4078947368421053,0.05201455329470422,1.0,0.0,0.0,0.0,1.0,0.0,0.06220546654099905,0.07042253521126761,0.5714285714285714,0.014780211364680655
1449,0.14285714285714285,1.0,1.0,0.0,1.0,0.6666666666666666,0.2763157894736842,0.08731976822530654,1.0,0.0,1.0,0.0,0.0,0.5,0.04352669008653928,0.0,0.5714285714285714,0.024812375555215194
1450,1.0,1.0,0.0,0.0,0.0,0.6666666666666666,0.09868421052631579,0.33189597089341055,0.0,0.0,1.0,1.0,0.0,0.0,0.019686450465279892,1.0,0.42857142857142855,0.11802151937509572
1451,0.7857142857142857,0.0,1.0,0.0,0.0,0.3333333333333333,0.6578947368421053,0.9012262498315591,0.0,0.0,0.0,0.0,0.0,0.5,0.09960280059243301,0.7887323943661972,0.14285714285714285,0.6410246592127432
1452,0.12857142857142856,1.0,1.0,1.0,1.0,0.3333333333333333,0.35526315789473684,0.09567443740735748,1.0,1.0,0.0,0.0,1.0,0.0,0.055042412818096145,0.0,0.7142857142857142,0.022565987644866493
1453,0.4714285714285714,1.0,1.0,1.0,0.5,0.6666666666666666,0.2236842105263158,0.24592372995553158,0.0,1.0,0.0,1.0,0.0,0.0,0.037783445140544436,0.028169014084507043,0.7142857142857142,0.05814443253178128
1454,0.9428571428571428,0.0,0.0,1.0,0.0,0.6666666666666666,0.4736842105263158,0.8233391726182454,1.0,1.0,1.0,0.0,0.0,0.5,0.07295286057929017,0.943661971830986,0.5714285714285714,0.2339561954357482
1455,0.42857142857142855,0.0,1.0,0.0,0.0,1.0,0.4144736842105263,0.3437542110227732,0.0,0.0,1.0,1.0,0.0,0.0,0.06478976011674925,0.4366197183098592,0.42857142857142855,0.12223349670699954
1456,1.0,1.0,0.0,0.0,1.0,0.6666666666666666,0.15789473684210528,0.4123433499528365,0.0,1.0,0.0,1.0,0.0,0.5,0.027611474691693984,0.028169014084507043,0.42857142857142855,0.14659595650176138
1457,0.9285714285714286,0.0,1.0,1.0,1.0,0.0,0.5789473684210527,0.9543188249562053,0.0,0.0,0.0,0.0,0.0,0.0,0.08813869134321538,0.028169014084507043,0.2857142857142857,0.4523153111757799
1458,0.9857142857142858,0.0,1.0,0.0,0.0,0.6666666666666666,0.05263157894736842,0.25266136639266945,0.0,0.0,0.0,1.0,0.0,0.5,0.012239127507742021,0.9859154929577465,0.2857142857142857,0.12001582682391382
1459,0.5714285714285715,1.0,1.0,0.0,0.0,0.6666666666666666,0.4013157894736842,0.4446840048510982,1.0,1.0,0.0,0.0,0.0,0.5,0.06298705776878692,0.5774647887323944,0.5714285714285714,0.1263593199571144
1460,0.8857142857142858,1.0,1.0,1.0,1.0,1.0,0.3157894736842105,0.5721600862417463,0.0,0.0,0.0,0.0,0.0,0.5,0.05053633140343791,0.028169014084507043,0.42857142857142855,0.2033619237249196
1461,0.44285714285714284,0.0,0.0,1.0,0.5,0.3333333333333333,0.21052631578947364,0.2223420024255491,0.0,0.0,1.0,0.0,0.0,0.0,0.03581526861451461,0.028169014084507043,0.2857142857142857,0.10565681319242354
1462,0.2714285714285714,1.0,0.0,0.0,1.0,1.0,0.5460526315789473,0.2743565557202533,1.0,1.0,1.0,0.0,0.0,0.5,0.08341187558906692,0.0,0.5714285714285714,0.07795987134323787
1463,0.8,0.0,1.0,1.0,0.0,0.6666666666666666,0.4342105263157895,0.6546287562323136,0.0,0.0,1.0,1.0,0.0,0.5,0.06736445260181556,0.8028169014084507,0.5714285714285714,0.18601623525807934
1464,0.7000000000000001,1.0,0.0,0.0,1.0,0.3333333333333333,0.5,0.6465435925077483,0.0,1.0,0.0,0.0,0.0,0.5,0.07751178133836004,0.028169014084507043,0.2857142857142857,0.30655536835656305
1465,0.34285714285714286,1.0,0.0,1.0,0.0,1.0,0.2763157894736842,0.2044198895027624,1.0,1.0,1.0,0.0,0.0,1.0,0.044524033930254475,0.35211267605633806,0.7142857142857142,0.04831648542400572
1466,0.15714285714285714,0.0,1.0,0.0,0.0,0.6666666666666666,0.625,0.18178143107397923,1.0,0.0,0.0,0.0,0.0,0.5,0.09385799560163367,0.16901408450704225,0.2857142857142857,0.08644764384540767
1467,1.0,1.0,1.0,1.0,0.5,0.6666666666666666,0.2302631578947368,0.5192022638458429,0.0,0.0,0.0,0.0,0.0,1.0,0.038138349417902326,0.07042253521126761,0.42857142857142855,0.18455161586766733
1468,0.5428571428571429,1.0,1.0,1.0,0.0,0.6666666666666666,0.35526315789473684,0.38161972779948794,0.0,1.0,1.0,0.0,0.0,0.5,0.05558375021145992,0.5492957746478874,0.7142857142857142,0.0902767141471384
1469,0.22857142857142856,1.0,1.0,1.0,1.0,1.0,0.618421052631579,0.2608812828459776,0.0,0.0,0.0,0.0,0.0,0.5,0.09491600598769197,0.0,0.42857142857142855,0.09279751876244448
1470,0.6285714285714286,0.0,1.0,1.0,0.0,1.0,0.05921052631578946,0.1712707182320442,0.0,1.0,0.0,0.0,0.0,0.0,0.013718714001466122,0.6338028169014085,0.42857142857142855,0.0609683718793077
1471,0.14285714285714285,1.0,1.0,1.0,1.0,0.6666666666666666,0.07236842105263158,0.04312087319768225,0.0,0.0,0.0,0.0,0.0,0.5,0.015422842944049352,0.0,0.42857142857142855,0.015450298667483535
1472,0.9857142857142858,1.0,1.0,1.0,0.0,0.6666666666666666,0.6578947368421053,0.9999999999999999,0.0,0.0,0.0,0.0,0.0,1.0,0.08691261613033525,0.9859154929577465,0.42857142857142855,0.35532815132485834
1473,0.3142857142857143,1.0,0.0,0.0,0.5,0.6666666666666666,0.6447368421052632,0.3585770111844765,1.0,1.0,1.0,1.0,0.0,0.5,0.09642257099536941,0.014084507042253521,0.7142857142857142,0.0848202889671721
1474,0.9857142857142858,0.0,0.0,0.0,0.0,1.0,0.5131578947368421,0.9149710281633202,0.0,0.0,1.0,0.0,0.0,0.5,0.07841658812441094,0.9859154929577465,0.14285714285714285,0.6507887884821566
1475,0.5285714285714286,0.0,1.0,1.0,0.5,0.6666666666666666,0.3223684210526315,0.3475272874275704,1.0,1.0,1.0,0.0,0.0,0.5,0.05111860707376359,0.04225352112676056,0.7142857142857142,0.08220375759432277
1476,0.014285714285714285,0.0,1.0,0.0,0.5,0.6666666666666666,0.3355263157894737,0.01738310200781566,1.0,1.0,0.0,0.0,1.0,1.0,0.054194156456173426,0.0,0.42857142857142855,0.006308393322101394
1477,0.5142857142857143,0.0,1.0,1.0,0.0,0.3333333333333333,0.17105263157894737,0.22342002425549115,1.0,0.0,0.0,1.0,0.0,1.0,0.029396031281045412,0.5211267605633803,0.5714285714285714,0.06348598560269567
1478,0.6857142857142857,1.0,1.0,0.0,0.0,1.0,0.2894736842105263,0.4158469209001482,1.0,1.0,0.0,0.0,0.0,0.5,0.04643289926715266,0.6901408450704225,0.5714285714285714,0.11816510951141063
1479,0.7285714285714286,0.0,1.0,0.0,0.0,0.6666666666666666,0.2894736842105263,0.4427974666486996,1.0,0.0,1.0,0.0,0.0,0.5,0.04661784963387225,0.7323943661971831,0.42857142857142855,0.15741308010415073
1480,0.45714285714285713,1.0,1.0,1.0,1.0,0.0,0.02631578947368421,0.10322059021695187,1.0,0.0,0.0,1.0,0.0,0.0,0.009082340844829062,0.014084507042253521,0.7142857142857142,0.024352887119007505
1481,0.3,1.0,1.0,0.0,0.0,0.6666666666666666,0.30263157894736836,0.19080986389974397,1.0,1.0,0.0,0.0,0.0,0.5,0.048067860508953814,0.3098591549295775,0.5714285714285714,0.05421963547250728
1482,0.05714285714285714,1.0,1.0,0.0,0.0,0.0,0.3157894736842105,0.04392938957013879,1.0,1.0,0.0,0.0,0.0,0.0,0.05089538171536287,0.07042253521126761,0.5714285714285714,0.012482769183642212
1483,0.24285714285714283,1.0,1.0,1.0,0.0,0.0,0.4407894736842105,0.20805821317881687,1.0,1.0,1.0,0.0,0.0,1.0,0.06838412399204105,0.2535211267605634,0.8571428571428571,0.04207601251558979
1484,0.5285714285714286,0.0,1.0,0.0,1.0,0.0,0.3421052631578947,0.36800970219646945,0.0,1.0,0.0,1.0,0.0,0.5,0.054888635348975645,0.014084507042253521,0.42857142857142855,0.1308489048858937
1485,0.5142857142857143,1.0,0.0,0.0,0.0,0.0,0.5723684210526315,0.5270179221129228,0.0,1.0,1.0,0.0,0.0,0.5,0.08678706982194258,0.5211267605633803,0.42857142857142855,0.18732769183642212
1486,0.9,0.0,0.0,1.0,0.0,0.6666666666666666,0.24342105263157895,0.48605309257512463,0.0,1.0,1.0,1.0,0.0,0.0,0.040130183788878414,0.9014084507042254,0.5714285714285714,0.1381145657834278
1487,0.12857142857142856,0.0,1.0,0.0,0.5,0.0,0.26973684210526316,0.08031262633068319,1.0,0.0,1.0,0.0,0.0,0.5,0.04429783223374175,0.0,0.42857142857142855,0.028660591208454586
1488,0.5857142857142857,1.0,1.0,0.0,0.5,0.6666666666666666,0.381578947368421,0.43511656111036245,0.0,0.0,1.0,1.0,0.0,0.5,0.05957991113504779,0.04225352112676056,0.5714285714285714,0.1236406800428856
1489,0.6714285714285715,1.0,1.0,1.0,0.0,0.6666666666666666,0.13815789473684212,0.25939900282980727,1.0,1.0,0.0,0.0,0.0,1.0,0.024878259503612943,0.676056338028169,0.7142857142857142,0.06133532444989024
1490,0.6142857142857143,1.0,1.0,1.0,1.0,0.3333333333333333,0.26315789473684215,0.35103085837488207,1.0,1.0,1.0,1.0,0.0,0.0,0.042905492245737295,0.014084507042253521,1.0,0.06214102465921274
1491,0.21428571428571427,1.0,1.0,1.0,0.5,1.0,0.45394736842105265,0.19188788572968601,0.0,0.0,0.0,0.0,0.0,0.5,0.07151272384542884,0.014084507042253521,0.42857142857142855,0.06829146883136775
1492,0.7571428571428571,1.0,1.0,0.0,0.0,0.3333333333333333,0.2763157894736842,0.44252796119121407,0.0,0.0,1.0,0.0,0.0,0.5,0.044367647572171605,0.7605633802816901,0.42857142857142855,0.15731735334660746
1493,0.4857142857142857,1.0,0.0,0.0,0.0,0.6666666666666666,0.5986842105263158,0.5192022638458429,0.0,1.0,1.0,0.0,0.0,1.0,0.09093846775279385,0.49295774647887325,0.42857142857142855,0.18455161586766733
1494,0.3857142857142857,1.0,1.0,1.0,1.0,1.0,0.4078947368421053,0.3033283923999461,0.0,0.0,1.0,1.0,0.0,0.5,0.06304699070957318,0.014084507042253521,0.7142857142857142,0.07173763210292541
1495,0.014285714285714285,1.0,0.0,0.0,0.0,0.6666666666666666,0.10526315789473684,0.00862417463953645,1.0,0.0,1.0,1.0,0.0,0.5,0.0235626767200754,0.028169014084507043,0.5714285714285714,0.0024506049931076737
1496,0.17142857142857143,1.0,1.0,0.0,0.0,1.0,0.3223684210526315,0.11736962673494136,0.0,0.0,1.0,0.0,0.0,0.5,0.05096788225911694,0.18309859154929578,0.42857142857142855,0.041823020370654
1497,0.5714285714285715,0.0,1.0,0.0,0.0,0.6666666666666666,0.506578947368421,0.532408031262633,0.0,1.0,0.0,1.0,0.0,0.0,0.07795223098319579,0.5774647887323944,0.42857142857142855,0.1892422269872875
1498,0.8285714285714286,1.0,1.0,1.0,0.5,0.6666666666666666,0.4276315789473685,0.6679692763778466,0.0,0.0,0.0,1.0,0.0,0.0,0.06621511525743223,0.056338028169014086,0.5714285714285714,0.18980701485679277
1499,0.9714285714285714,1.0,1.0,1.0,0.0,0.6666666666666666,0.5855263157894737,0.9999999999999999,0.0,1.0,1.0,0.0,0.0,0.5,0.08836345258096681,0.971830985915493,0.7142857142857142,0.23670674426915814
1500,0.7428571428571429,1.0,1.0,0.0,0.5,0.0,0.493421052631579,0.6747069128149844,1.0,0.0,1.0,0.0,0.0,0.5,0.07609410844166237,0.056338028169014086,0.5714285714285714,0.19172155000765814
1501,0.6285714285714286,1.0,1.0,1.0,0.0,0.6666666666666666,0.04605263157894737,0.15819970354399676,1.0,1.0,1.0,1.0,0.0,0.5,0.011687087653157395,0.6338028169014085,1.0,0.02789477714810844
1502,0.2714285714285714,1.0,1.0,0.0,0.5,0.3333333333333333,0.07894736842105263,0.08368144454925211,1.0,0.0,0.0,0.0,0.0,0.5,0.016729500471253534,0.014084507042253521,0.42857142857142855,0.029857175677745443
1503,0.32857142857142857,0.0,1.0,0.0,0.5,0.6666666666666666,0.4276315789473685,0.27368279207653956,1.0,0.0,0.0,0.0,0.0,0.5,0.06711435752434809,0.028169014084507043,0.2857142857142857,0.12997140960841375
1504,0.8571428571428572,1.0,1.0,1.0,0.0,0.6666666666666666,0.15789473684210528,0.35709473116830615,1.0,0.0,0.0,1.0,0.0,0.5,0.02796619335300752,0.8591549295774648,0.7142857142857142,0.08446929085618012
1505,0.8142857142857143,0.0,0.0,0.0,1.0,0.6666666666666666,0.38815789473684215,0.6146071957957148,1.0,0.0,1.0,0.0,0.0,0.5,0.06114920861906464,0.028169014084507043,0.2857142857142857,0.2914305406647266
1506,0.3714285714285714,0.0,1.0,1.0,0.0,0.3333333333333333,0.5263157894736842,0.359385527556933,0.0,1.0,1.0,1.0,0.0,0.5,0.08039236220197576,0.38028169014084506,0.7142857142857142,0.08501174248225864
1507,0.35714285714285715,1.0,1.0,1.0,0.5,0.6666666666666666,0.381578947368421,0.267888424740601,0.0,0.0,1.0,1.0,0.0,0.5,0.05937794533459001,0.028169014084507043,0.7142857142857142,0.06334558635829887
1508,0.0857142857142857,1.0,1.0,1.0,0.0,0.6666666666666666,0.2763157894736842,0.058347931545613796,0.0,0.0,0.0,1.0,0.0,0.5,0.04699070957317894,0.09859154929577466,0.5714285714285714,0.016579874406494104
1509,0.5857142857142857,0.0,0.0,1.0,0.0,0.0,0.4276315789473685,0.4766204015631316,1.0,1.0,1.0,1.0,0.0,0.5,0.06649162963960326,0.5915492957746479,0.7142857142857142,0.11277250216980651
1510,0.6571428571428571,1.0,1.0,1.0,1.0,0.6666666666666666,0.09868421052631579,0.21776040964829538,1.0,0.0,0.0,0.0,0.0,0.0,0.019491848316521947,0.014084507042253521,0.5714285714285714,0.061877776075968755
1511,0.7428571428571429,1.0,1.0,0.0,1.0,0.0,0.48026315789473684,0.6574585635359116,0.0,0.0,0.0,1.0,0.0,0.5,0.07381786495474187,0.028169014084507043,0.42857142857142855,0.23365944248736406
1512,0.8285714285714286,1.0,1.0,0.0,0.0,0.6666666666666666,0.4605263157894737,0.712707182320442,1.0,0.0,0.0,0.0,0.0,0.5,0.07151871435645937,0.8309859154929577,0.42857142857142855,0.25328342778373414
1513,0.5285714285714286,1.0,1.0,1.0,0.0,1.0,0.3421052631578947,0.36288909850424467,0.0,0.0,1.0,0.0,0.0,0.5,0.05394612828017263,0.5352112676056339,0.5714285714285714,0.10311686322560883
1514,0.9714285714285714,0.0,1.0,0.0,0.0,0.6666666666666666,0.18421052631578946,0.44360598302115617,0.0,0.0,0.0,0.0,0.0,0.5,0.031963283202884885,0.971830985915493,0.14285714285714285,0.31593659059580337
1515,0.7428571428571429,0.0,0.0,1.0,1.0,1.0,0.5263157894736842,0.7108206441180434,1.0,0.0,1.0,0.0,0.0,0.5,0.08085999324240215,0.028169014084507043,0.42857142857142855,0.25261334048093126
1516,0.19999999999999998,0.0,0.0,1.0,0.0,0.0,0.3421052631578947,0.14135561245115214,0.0,0.0,0.0,0.0,0.0,0.5,0.053597235312598177,0.2112676056338028,0.14285714285714285,0.10122147342625211
1517,0.35714285714285715,1.0,1.0,0.0,0.0,0.0,0.0394736842105263,0.08785877914027758,1.0,0.0,1.0,1.0,0.0,0.0,0.010947582106865802,0.36619718309859156,0.7142857142857142,0.0207152703323633
1518,0.6714285714285715,1.0,1.0,0.0,0.0,1.0,0.6052631578947368,0.7175582805551812,0.0,0.0,1.0,0.0,0.0,0.5,0.09163917687715992,0.676056338028169,0.42857142857142855,0.25500650941951297
1519,0.2571428571428571,1.0,1.0,0.0,1.0,0.3333333333333333,0.506578947368421,0.24484570812558953,1.0,0.0,1.0,0.0,0.0,0.5,0.07763281908824841,0.0,0.5714285714285714,0.06957420738244754
1520,0.11428571428571427,1.0,1.0,1.0,0.0,0.6666666666666666,0.38815789473684215,0.09432691011992991,1.0,1.0,0.0,1.0,1.0,0.5,0.061577128495130376,0.1267605633802817,0.8571428571428571,0.01899218869658447
1521,0.9,1.0,0.0,0.0,0.0,0.0,0.2894736842105263,0.5454790459506804,0.0,1.0,1.0,0.0,0.0,0.0,0.0466246465598492,0.9014084507042254,0.42857142857142855,0.193884974728136
1522,0.7571428571428571,0.0,1.0,0.0,0.0,0.0,0.631578947368421,0.8405875218973183,0.0,0.0,0.0,0.0,0.0,1.0,0.09592627500261806,0.7605633802816901,0.14285714285714285,0.5979476183182724
1523,0.7142857142857143,0.0,1.0,0.0,0.0,0.0,0.5131578947368421,0.6663522436329335,0.0,0.0,1.0,1.0,0.0,0.0,0.07844985307978045,0.7183098591549296,0.42857142857142855,0.23681842548629192
1524,0.5428571428571429,0.0,1.0,1.0,0.5,0.6666666666666666,0.35526315789473684,0.3847190405605713,1.0,1.0,1.0,0.0,0.0,0.0,0.056139587713574524,0.04225352112676056,0.7142857142857142,0.09101061928830347
1525,0.04285714285714286,1.0,0.0,1.0,1.0,0.0,0.4342105263157895,0.042986120468939494,0.0,1.0,0.0,1.0,1.0,1.0,0.06526861451460886,0.0,0.5714285714285714,0.012214734262521058
1526,0.028571428571428574,0.0,1.0,0.0,1.0,0.6666666666666666,0.19078947368421054,0.019269640210214257,0.0,1.0,1.0,1.0,0.0,0.5,0.03612943763744895,0.0,0.5714285714285714,0.005475570531474958
1527,0.9,1.0,1.0,0.0,0.0,0.0,0.13157894736842105,0.34038539280420427,0.0,0.0,0.0,0.0,0.0,0.5,0.024210650329877473,0.9014084507042254,0.2857142857142857,0.16156123959769234
1528,0.39999999999999997,0.0,1.0,1.0,1.0,0.3333333333333333,0.18421052631578946,0.18339846381889233,0.0,0.0,0.0,0.0,0.0,0.5,0.03149273619552147,0.014084507042253521,0.2857142857142857,0.08721345790575381
1529,0.14285714285714285,1.0,1.0,1.0,0.0,1.0,0.19736842105263155,0.07168845169114674,0.0,0.0,0.0,1.0,0.0,0.5,0.033587524633707476,0.15492957746478875,0.5714285714285714,0.020370654005207538
1530,0.8142857142857143,1.0,0.0,1.0,0.0,0.6666666666666666,0.48684210526315785,0.731572564344428,0.0,1.0,1.0,0.0,0.0,1.0,0.07525431440735805,0.8169014084507042,0.5714285714285714,0.20788022668096184
1531,0.3714285714285714,1.0,1.0,1.0,1.0,0.0,0.09868421052631579,0.12087319768225305,0.0,1.0,0.0,0.0,0.0,0.0,0.018605787691555832,0.014084507042253521,0.5714285714285714,0.03434676060652474
1532,0.2857142857142857,1.0,1.0,1.0,0.0,0.0,0.5131578947368421,0.27583883573642365,1.0,1.0,0.0,0.0,0.0,0.5,0.0793052376464252,0.29577464788732394,0.7142857142857142,0.06522821258998315
1533,0.5428571428571429,1.0,1.0,1.0,0.0,0.6666666666666666,0.3486842105263158,0.37959843686834654,1.0,1.0,0.0,1.0,0.0,0.0,0.05522124749268953,0.5492957746478874,0.8571428571428571,0.07689320175918431
1534,0.6428571428571429,1.0,0.0,1.0,1.0,1.0,0.256578947368421,0.3615415712168171,0.0,0.0,1.0,0.0,0.0,1.0,0.04206450026636069,0.014084507042253521,0.42857142857142855,0.12855146270485526
1535,0.9285714285714286,0.0,1.0,1.0,0.0,0.3333333333333333,0.20394736842105263,0.44252796119121407,0.0,1.0,0.0,0.0,0.0,0.5,0.033901693656641814,0.9295774647887324,0.42857142857142855,0.15731735334660746
1536,0.49999999999999994,1.0,1.0,1.0,0.5,0.6666666666666666,0.3421052631578947,0.34361945829403046,0.0,1.0,0.0,0.0,0.0,1.0,0.053932348937061475,0.04225352112676056,0.5714285714285714,0.09764129269413385
1537,0.9142857142857143,0.0,1.0,1.0,1.0,0.6666666666666666,0.21052631578947364,0.45020886672955124,1.0,1.0,0.0,0.0,0.0,0.5,0.03545276589574421,0.028169014084507043,0.5714285714285714,0.12792923878082402
1538,0.8857142857142858,0.0,1.0,1.0,0.0,0.6666666666666666,0.2828947368421052,0.5336208058213179,1.0,1.0,0.0,0.0,0.0,0.5,0.04625764851966549,0.8873239436619719,0.5714285714285714,0.15163118394853728
1539,0.4857142857142857,1.0,0.0,0.0,0.0,1.0,0.48684210526315785,0.43835062660018864,1.0,1.0,0.0,1.0,0.0,0.5,0.07478120371617072,0.49295774647887325,0.5714285714285714,0.12455965691530096
1540,0.42857142857142855,1.0,0.0,1.0,0.0,0.3333333333333333,0.4144736842105263,0.3402506400754615,1.0,1.0,1.0,0.0,0.0,0.0,0.06399927031710802,0.4366197183098592,0.7142857142857142,0.08048067595854394
1541,0.3857142857142857,1.0,1.0,0.0,0.0,0.0,0.493421052631579,0.35318690203476616,1.0,1.0,1.0,1.0,0.0,0.5,0.07550154840447018,0.3943661971830986,0.8571428571428571,0.07153250333676127
1542,0.0,1.0,1.0,1.0,0.0,0.6666666666666666,0.4736842105263158,0.007546152809594394,0.0,1.0,1.0,1.0,1.0,0.0,0.0527803958529689,0.014084507042253521,0.8571428571428571,0.0013784653086230663
1543,0.34285714285714286,1.0,0.0,0.0,0.5,0.0,0.5394736842105263,0.34200242554911736,1.0,1.0,1.0,1.0,0.0,0.5,0.08301602262016965,0.028169014084507043,0.7142857142857142,0.08089549190789809
1544,0.6,1.0,1.0,1.0,0.0,0.0,0.13815789473684212,0.23204419889502761,0.0,0.0,0.0,0.0,0.0,1.0,0.02485588409354931,0.6056338028169014,0.42857142857142855,0.08255475570531474
1545,0.9428571428571428,1.0,1.0,1.0,0.0,1.0,0.6578947368421053,0.9999999999999999,1.0,0.0,0.0,1.0,0.0,0.5,0.0913950511345253,0.943661971830986,0.7142857142857142,0.23670674426915814
1546,0.8857142857142858,1.0,1.0,1.0,0.0,0.3333333333333333,0.3157894736842105,0.5717558280555181,0.0,0.0,0.0,1.0,0.0,0.5,0.05049145011444728,0.8873239436619719,0.5714285714285714,0.16246745290243528
1547,0.7142857142857143,0.0,1.0,0.0,0.0,1.0,0.4736842105263158,0.631181781431074,0.0,0.0,0.0,1.0,0.0,0.5,0.07362643455120031,0.7183098591549296,0.2857142857142857,0.29928013478327464
1548,0.014285714285714285,0.0,1.0,1.0,1.0,1.0,0.44736842105263164,0.022503705700040424,1.0,0.0,1.0,1.0,1.0,0.5,0.07210179076343072,0.0,0.7142857142857142,0.005239444529534895
1549,0.9,1.0,0.0,1.0,0.0,0.6666666666666666,0.375,0.6617706508556798,0.0,1.0,1.0,0.0,0.0,1.0,0.05933376531573986,0.9014084507042254,0.5714285714285714,0.18804564251799663
1550,0.9714285714285714,1.0,0.0,1.0,1.0,1.0,0.6578947368421053,0.9999999999999999,0.0,1.0,0.0,0.0,0.0,0.5,0.08836345258096681,0.028169014084507043,0.42857142857142855,0.35532815132485834
1551,0.11428571428571427,0.0,1.0,0.0,0.0,0.3333333333333333,0.14473684210526314,0.047971971432421504,1.0,1.0,0.0,1.0,0.0,0.5,0.025552413865326216,0.1267605633802817,0.5714285714285714,0.013631490274161434
1552,0.014285714285714285,1.0,1.0,1.0,0.0,0.6666666666666666,0.2828947368421052,0.013475272874275704,0.0,1.0,0.0,1.0,0.0,0.0,0.04052780395852969,0.028169014084507043,0.7142857142857142,0.003101546944401899
1553,0.4714285714285714,1.0,1.0,1.0,0.0,0.3333333333333333,0.08552631578947367,0.1483627543457755,1.0,0.0,0.0,0.0,0.0,0.5,0.01771358873426845,0.47887323943661975,0.5714285714285714,0.04215806402205544
1554,0.8428571428571429,1.0,1.0,1.0,0.0,0.6666666666666666,0.12499999999999997,0.30817949063468536,0.0,1.0,1.0,0.0,0.0,0.5,0.022950047125353437,0.8450704225352113,0.7142857142857142,0.07288635319344464
1555,0.8571428571428572,1.0,1.0,1.0,0.5,0.0,0.4736842105263158,0.7488209136235008,0.0,0.0,0.0,0.0,0.0,1.0,0.07288206300891518,0.07042253521126761,0.42857142857142855,0.26611081329453207
1556,0.42857142857142855,1.0,1.0,0.0,0.0,0.6666666666666666,0.006578947368421045,0.08327718636302384,0.0,1.0,0.0,1.0,0.0,0.5,0.0060198838588063595,0.4366197183098592,0.5714285714285714,0.023663654464695972
1557,0.12857142857142856,1.0,0.0,1.0,1.0,0.6666666666666666,0.5855263157894737,0.1467457216008624,1.0,0.0,1.0,0.0,1.0,0.5,0.09076343072573044,0.0,0.5714285714285714,0.041698575585847754
1558,0.49999999999999994,1.0,0.0,1.0,0.0,1.0,0.42105263157894735,0.4030454116695863,1.0,0.0,1.0,0.0,0.0,0.5,0.06547806052989842,0.5070422535211268,0.5714285714285714,0.11452749272476642
1559,0.6857142857142857,0.0,1.0,0.0,1.0,1.0,0.29605263157894735,0.42123703004985846,1.0,0.0,0.0,0.0,0.0,1.0,0.047202292792706144,0.028169014084507043,0.2857142857142857,0.19985194261499975
1560,0.9857142857142858,1.0,1.0,0.0,0.0,0.0,0.2236842105263158,0.4984503436194583,1.0,0.0,0.0,1.0,0.0,0.5,0.03679816884340918,0.9859154929577465,0.5714285714285714,0.14163731046102007
1561,0.6857142857142857,1.0,1.0,1.0,0.0,0.0,0.08552631578947367,0.2133135695997844,1.0,1.0,1.0,1.0,0.0,0.5,0.017522937544480564,0.6901408450704225,1.0,0.037682838106907646
1562,0.028571428571428574,1.0,0.0,0.0,0.0,1.0,0.6118421052631579,0.04419889502762431,1.0,0.0,0.0,0.0,1.0,1.0,0.0942507068803016,0.04225352112676056,0.2857142857142857,0.021289630877622912
1563,0.05714285714285714,1.0,1.0,1.0,0.0,0.3333333333333333,0.4736842105263158,0.05861743700309931,0.0,1.0,0.0,1.0,1.0,0.5,0.0714420358152686,0.07042253521126761,0.7142857142857142,0.01379103487006688
1564,0.8571428571428572,1.0,1.0,1.0,1.0,1.0,0.2236842105263158,0.43740735749898935,0.0,0.0,0.0,1.0,0.0,0.5,0.03717495094327962,0.028169014084507043,0.5714285714285714,0.12429162199417981
1565,0.35714285714285715,1.0,1.0,0.0,0.0,0.6666666666666666,0.05263157894736842,0.09244037191753132,1.0,1.0,0.0,0.0,0.0,0.0,0.01218009135068513,0.36619718309859156,0.5714285714285714,0.026267422269872876
1566,0.05714285714285714,1.0,0.0,0.0,0.0,0.6666666666666666,0.21710526315789472,0.033553429456946504,1.0,1.0,0.0,0.0,0.0,0.5,0.03638077285579642,0.07042253521126761,0.42857142857142855,0.012051998774697504
1567,0.19999999999999998,1.0,0.0,1.0,0.0,0.6666666666666666,0.12499999999999997,0.0777523244845708,1.0,0.0,0.0,0.0,0.0,0.0,0.023939679547596605,0.2112676056338028,0.42857142857142855,0.02775118701179354
1568,0.21428571428571427,1.0,1.0,1.0,0.0,0.0,0.5197368421052632,0.20927098773750166,1.0,1.0,1.0,0.0,0.0,0.0,0.07911168708765315,0.22535211267605634,0.8571428571428571,0.042322167034986764
1569,0.0,1.0,0.0,1.0,1.0,0.6666666666666666,0.4736842105263158,0.01091497102816332,1.0,1.0,0.0,0.0,1.0,0.0,0.07634307257304429,0.0,0.5714285714285714,0.003101546944401899
1570,0.21428571428571427,0.0,1.0,1.0,0.5,0.6666666666666666,0.32894736842105265,0.1483627543457755,1.0,1.0,1.0,0.0,0.0,0.5,0.05248586239396795,0.014084507042253521,0.7142857142857142,0.03504237504467249
1571,0.5142857142857143,1.0,1.0,1.0,0.5,0.6666666666666666,0.5855263157894737,0.5392804204285137,0.0,0.0,1.0,0.0,0.0,0.5,0.08910512774791757,0.04225352112676056,0.5714285714285714,0.15323939347526422
1572,0.028571428571428574,0.0,0.0,1.0,0.0,1.0,0.12499999999999997,0.015631316534159816,0.0,0.0,0.0,0.0,0.0,0.0,0.027646874018221808,0.04225352112676056,0.14285714285714285,0.0119084086383826
1573,0.7285714285714286,0.0,0.0,0.0,1.0,0.6666666666666666,0.30263157894736836,0.45519471769303327,1.0,0.0,0.0,0.0,0.0,0.5,0.048285362140216045,0.028169014084507043,0.14285714285714285,0.32416909174452446
1574,0.6571428571428571,0.0,1.0,0.0,0.5,0.6666666666666666,0.4736842105263158,0.5736423662579166,0.0,0.0,0.0,1.0,0.0,0.5,0.07245272424649568,0.04225352112676056,0.2857142857142857,0.2720299178026242
1575,0.17142857142857143,1.0,1.0,1.0,0.0,1.0,0.04605263157894737,0.04635493868750842,1.0,1.0,1.0,0.0,0.0,0.5,0.012760095700717757,0.18309859154929578,0.8571428571428571,0.009255409929326303
1576,0.7714285714285715,1.0,0.0,1.0,0.0,0.0,0.24999999999999997,0.4236625791672281,0.0,0.0,0.0,1.0,0.0,0.5,0.04092194327821095,0.7746478873239436,0.42857142857142855,0.15061648031857866
1577,0.2857142857142857,1.0,0.0,1.0,1.0,0.6666666666666666,0.381578947368421,0.215200107802183,1.0,0.0,1.0,0.0,0.0,0.5,0.05910865760064628,0.0,0.5714285714285714,0.061150252718639914
1578,0.9285714285714286,1.0,0.0,1.0,0.0,1.0,0.24342105263157895,0.5006063872793424,1.0,0.0,1.0,1.0,0.0,0.5,0.04005655042412818,0.9295774647887324,0.7142857142857142,0.11845228978404043
1579,0.7571428571428571,1.0,1.0,1.0,0.5,0.6666666666666666,0.3223684210526315,0.49373399811346175,1.0,1.0,0.0,0.0,0.0,0.5,0.051000104723007644,0.056338028169014086,0.7142857142857142,0.11682493490580487
1580,0.3714285714285714,1.0,0.0,0.0,0.0,0.3333333333333333,0.4013157894736842,0.2921439159142972,1.0,1.0,1.0,1.0,0.0,0.0,0.06297343526372744,0.38028169014084506,0.7142857142857142,0.06908919181089498
1581,0.5285714285714286,1.0,0.0,1.0,0.0,1.0,0.24342105263157895,0.28864034496698554,0.0,1.0,0.0,0.0,0.0,1.0,0.04027977578252889,0.5352112676056339,0.42857142857142855,0.10265737478940114
1582,0.8142857142857143,1.0,1.0,0.0,0.5,0.3333333333333333,0.07236842105263158,0.23878183533216546,0.0,1.0,0.0,1.0,0.0,0.5,0.015827618707140303,0.056338028169014086,0.5714285714285714,0.06785112574666871
1583,0.8714285714285714,1.0,0.0,0.0,0.5,0.3333333333333333,0.09210526315789472,0.2809594394286484,0.0,1.0,0.0,0.0,0.0,1.0,0.018713325833814715,0.07042253521126761,0.2857142857142857,0.1334175728799714
1584,0.6428571428571429,0.0,1.0,1.0,0.0,0.0,0.3486842105263158,0.4494003503570947,1.0,1.0,1.0,0.0,0.0,1.0,0.055423513502438224,0.647887323943662,0.7142857142857142,0.10632690049522642
1585,0.14285714285714285,0.0,1.0,1.0,0.5,0.6666666666666666,0.11842105263157895,0.055248618784530384,0.0,1.0,1.0,1.0,0.0,1.0,0.02313426441607403,0.0,0.7142857142857142,0.012993311890539644
1586,0.09999999999999999,0.0,1.0,0.0,0.0,1.0,0.5855263157894737,0.11521358307505726,0.0,1.0,0.0,1.0,1.0,0.5,0.08918473138548538,0.11267605633802817,0.42857142857142855,0.041057206310307855
1587,1.0,0.0,1.0,0.0,0.5,0.6666666666666666,0.5526315789473684,0.9851771998382967,0.0,0.0,0.0,0.0,0.0,0.5,0.08404242609284358,0.07042253521126761,0.14285714285714285,0.7006624291621995
1588,0.9,0.0,1.0,0.0,1.0,0.3333333333333333,0.2302631578947368,0.4710955396846786,0.0,0.0,0.0,0.0,0.0,0.5,0.038495523091423185,0.028169014084507043,0.14285714285714285,0.3354648491346301
1589,0.2857142857142857,0.0,0.0,1.0,1.0,0.0,0.5526315789473684,0.2901226249831559,0.0,1.0,1.0,1.0,0.0,0.0,0.0840626542794309,0.0,0.5714285714285714,0.08243988359626282
1590,0.8857142857142858,0.0,1.0,1.0,0.0,0.3333333333333333,0.35526315789473684,0.6220185958765665,0.0,0.0,0.0,1.0,0.0,0.5,0.056071690378947686,0.8873239436619719,0.42857142857142855,0.22107137387042428
1591,0.9,0.0,1.0,1.0,0.0,0.0,0.10526315789473684,0.307236221533486,0.0,0.0,1.0,0.0,0.0,0.5,0.020587888784165884,0.9014084507042254,0.42857142857142855,0.10926252105988667
1592,0.2714285714285714,0.0,0.0,0.0,1.0,1.0,0.4078947368421053,0.2199164533081795,1.0,0.0,0.0,1.0,0.0,1.0,0.06437323279924599,0.0,0.2857142857142857,0.10450809210190432
1593,0.09999999999999999,0.0,1.0,0.0,0.0,1.0,0.44736842105263164,0.0912275973588465,1.0,0.0,0.0,0.0,1.0,1.0,0.06821394910461828,0.11267605633802817,0.2857142857142857,0.04356205646602339
1594,0.8142857142857143,0.0,1.0,0.0,0.0,0.6666666666666666,0.05921052631578946,0.22032071149440774,0.0,1.0,1.0,0.0,0.0,0.5,0.013601352010140073,0.8169014084507042,0.42857142857142855,0.07839064175218258
1595,0.6428571428571429,1.0,1.0,1.0,1.0,1.0,0.21052631578947364,0.31680366527422177,0.0,0.0,0.0,1.0,0.0,0.0,0.03526205794369544,0.014084507042253521,0.5714285714285714,0.09002144279368969
1596,0.42857142857142855,1.0,1.0,0.0,0.0,0.0,0.006578947368421045,0.08583748820913623,1.0,1.0,0.0,0.0,0.0,1.0,0.006597549481621112,0.4366197183098592,0.5714285714285714,0.02439117782202481
1597,0.11428571428571427,0.0,1.0,1.0,0.0,0.3333333333333333,0.21052631578947364,0.058886942460584825,0.0,1.0,0.0,0.0,0.0,1.0,0.03403497748455336,0.1267605633802817,0.42857142857142855,0.02105031398376474
1598,0.19999999999999998,1.0,0.0,1.0,0.0,1.0,0.2236842105263158,0.10699366662174907,1.0,0.0,0.0,0.0,0.0,0.0,0.0375746151429469,0.2112676056338028,0.42857142857142855,0.03813754020523817
1599,0.35714285714285715,1.0,1.0,1.0,0.0,0.3333333333333333,0.42105263157894735,0.28877509769572834,1.0,0.0,0.0,0.0,0.0,0.5,0.06499673747553107,0.36619718309859156,0.5714285714285714,0.08205697656608975
1600,0.12857142857142856,0.0,0.0,0.0,0.0,0.3333333333333333,0.13157894736842105,0.05403584422584557,1.0,1.0,0.0,0.0,0.0,0.5,0.025918944392082942,0.14084507042253522,0.2857142857142857,0.02594833307806198
1601,0.39999999999999997,1.0,1.0,0.0,1.0,1.0,0.02631578947368421,0.08691551003907828,0.0,0.0,1.0,0.0,0.0,0.5,0.008222561669212518,0.014084507042253521,0.42857142857142855,0.031005896768264665
1602,0.49999999999999994,1.0,1.0,1.0,0.0,0.6666666666666666,0.21052631578947364,0.9999999999999999,1.0,1.0,1.0,0.0,0.0,0.0,0.18145879149649177,0.5070422535211268,0.8571428571428571,0.2028149136818152
1603,0.5142857142857143,1.0,1.0,0.0,0.0,0.0,0.5460526315789473,0.5084220455464222,1.0,0.0,1.0,1.0,0.0,0.5,0.08327177318694755,0.5211267605633803,0.7142857142857142,0.12030300709654362
1604,1.0,1.0,0.0,1.0,1.0,1.0,0.26315789473684215,0.5716210753267753,1.0,1.0,1.0,1.0,0.0,0.5,0.043302226175147014,0.028169014084507043,0.8571428571428571,0.11586766733037218
1605,0.3142857142857143,0.0,1.0,1.0,0.5,0.0,0.2763157894736842,0.18838431478237433,0.0,1.0,0.0,0.0,0.0,0.5,0.04466663934762119,0.014084507042253521,0.42857142857142855,0.06704702098330526
1606,0.5714285714285715,0.0,1.0,1.0,0.5,0.6666666666666666,0.3092105263157895,0.36733593855275565,0.0,0.0,0.0,0.0,0.0,0.5,0.0497919588055447,0.04225352112676056,0.2857142857142857,0.17432480727012817
1607,0.3857142857142857,1.0,1.0,1.0,0.0,0.3333333333333333,0.5,0.3546691820509365,1.0,1.0,0.0,1.0,0.0,0.5,0.07587181903864279,0.3943661971830986,0.8571428571428571,0.07183335886046868
1608,0.6714285714285715,0.0,1.0,1.0,1.0,0.6666666666666666,0.3157894736842105,0.43862013205767414,0.0,1.0,1.0,0.0,0.0,0.5,0.05099355953502985,0.028169014084507043,0.5714285714285714,0.12463623832133558
1609,0.5285714285714286,0.0,1.0,1.0,0.0,0.0,0.06578947368421054,0.14593720522840586,0.0,1.0,0.0,0.0,0.0,0.0,0.014013591944044841,0.5352112676056339,0.42857142857142855,0.05197005667024047
1610,0.42857142857142855,0.0,1.0,0.0,0.0,0.3333333333333333,0.13815789473684212,0.16641961999730495,1.0,1.0,0.0,1.0,0.0,0.0,0.024778814873369616,0.4366197183098592,0.5714285714285714,0.047289018226374636
1611,0.1857142857142857,0.0,1.0,1.0,0.0,1.0,0.12499999999999997,0.06926290257377711,0.0,0.0,1.0,1.0,0.0,0.5,0.022350881917328667,0.1971830985915493,0.5714285714285714,0.019681421350896
1612,0.39999999999999997,0.0,0.0,0.0,0.0,1.0,0.3355263157894737,0.273413286619054,1.0,1.0,0.0,1.0,0.0,0.5,0.05320289902174266,0.4084507042253521,0.42857142857142855,0.09724881298820647
1613,0.7142857142857143,0.0,1.0,1.0,0.0,0.6666666666666666,0.019736842105263164,0.1568521762565692,1.0,0.0,0.0,0.0,0.0,0.5,0.008574966273031361,0.7183098591549296,0.42857142857142855,0.055846990350742844
1614,0.6857142857142857,1.0,1.0,0.0,0.5,1.0,0.19078947368421054,0.31815119256164937,0.0,1.0,0.0,0.0,0.0,0.0,0.032487641616495797,0.056338028169014086,0.42857142857142855,0.11313945474038904
1615,0.6,0.0,1.0,0.0,0.0,0.6666666666666666,0.4013157894736842,0.46678345236491037,0.0,1.0,0.0,1.0,0.0,0.5,0.06303837976459242,0.6056338028169014,0.42857142857142855,0.1659327615255016
1616,0.05714285714285714,1.0,1.0,0.0,0.5,0.3333333333333333,0.23684210526315788,0.03422719310066029,1.0,1.0,0.0,0.0,0.0,0.5,0.03732327992459943,0.0,0.5714285714285714,0.00972583856639608
1617,0.5857142857142857,1.0,0.0,1.0,0.0,1.0,0.4671052631578947,0.5121951219512195,1.0,0.0,0.0,0.0,0.0,0.5,0.07241595978636506,0.5915492957746479,0.42857142857142855,0.18206272017154235
1618,0.0857142857142857,0.0,1.0,0.0,0.0,0.0,0.26315789473684215,0.05309257512464627,0.0,1.0,1.0,0.0,0.0,1.0,0.04173959876127642,0.09859154929577466,0.42857142857142855,0.01899218869658447
1619,0.5857142857142857,1.0,1.0,1.0,0.0,1.0,1.0,0.6668912545479045,0.0,1.0,0.0,1.0,0.0,0.5,0.09817781966698083,0.5915492957746479,0.7142857142857142,0.15782789605350486
1620,0.49999999999999994,1.0,0.0,0.0,1.0,0.6666666666666666,0.6381578947368421,0.5640749225171809,1.0,1.0,0.0,0.0,0.0,1.0,0.09676405906377632,0.014084507042253521,0.42857142857142855,0.20049012099862154
1621,0.3714285714285714,1.0,1.0,1.0,1.0,0.3333333333333333,0.5263157894736842,0.3610025603018461,1.0,0.0,0.0,1.0,0.0,0.5,0.08081125423255489,0.014084507042253521,0.7142857142857142,0.08539464951243171
1622,0.8142857142857143,0.0,1.0,1.0,1.0,0.0,0.631578947368421,0.9017652607465301,1.0,1.0,1.0,1.0,0.0,0.0,0.09577821833663752,0.028169014084507043,0.8571428571428571,0.18287639761066013
1623,0.6428571428571429,0.0,1.0,1.0,0.5,0.6666666666666666,0.13815789473684212,0.24983155908907156,1.0,0.0,0.0,1.0,0.0,0.5,0.02507888374380199,0.04225352112676056,0.5714285714285714,0.07099096339408792
1624,0.9285714285714286,1.0,0.0,0.0,0.5,0.3333333333333333,0.5,0.8420698019134887,0.0,1.0,0.0,1.0,0.0,0.0,0.07624310970211064,0.07042253521126761,0.42857142857142855,0.299232271404503
1625,0.34285714285714286,1.0,0.0,1.0,0.5,0.0,0.21710526315789472,0.17167497641827245,0.0,1.0,1.0,0.0,0.0,0.5,0.03536286522148916,0.028169014084507043,0.5714285714285714,0.04878235564404963
1626,0.3714285714285714,1.0,0.0,0.0,0.5,1.0,0.48026315789473684,0.33297399272335265,1.0,1.0,0.0,0.0,0.0,0.5,0.07355045903585017,0.028169014084507043,0.42857142857142855,0.1184044264052688
1627,0.0,1.0,1.0,0.0,0.0,0.0,0.24999999999999997,0.008085163724565423,0.0,1.0,0.0,0.0,0.0,0.5,0.056550424128180954,0.014084507042253521,0.42857142857142855,0.003005820186858631
1628,0.5857142857142857,1.0,0.0,0.0,0.0,0.6666666666666666,0.19078947368421054,0.2738175448052823,1.0,0.0,0.0,1.0,0.0,0.5,0.03271845967416184,0.5915492957746479,0.42857142857142855,0.09739240312452137
1629,0.7285714285714286,1.0,1.0,1.0,0.0,1.0,0.631578947368421,0.8126937070475676,0.0,0.0,1.0,0.0,0.0,0.5,0.09637134778510839,0.7323943661971831,0.5714285714285714,0.2309312298973809
1630,0.34285714285714286,0.0,1.0,0.0,0.0,0.6666666666666666,0.13815789473684212,0.1348874814714998,1.0,1.0,1.0,0.0,0.0,0.0,0.02507068803016023,0.35211267605633806,0.5714285714285714,0.03832899372032471
1631,0.7571428571428571,1.0,0.0,1.0,0.0,1.0,0.5,0.6941113057539414,1.0,1.0,0.0,1.0,0.0,0.5,0.07695395678430551,0.7605633802816901,0.7142857142857142,0.16427349772808497
1632,0.9428571428571428,0.0,1.0,1.0,0.0,0.0,0.44736842105263164,0.7891119795175852,1.0,1.0,0.0,1.0,0.0,0.5,0.06937977407964888,0.943661971830986,0.7142857142857142,0.18676928575075305
1633,0.07142857142857142,1.0,1.0,0.0,0.0,0.3333333333333333,0.20394736842105263,0.040156313165341594,0.0,1.0,1.0,0.0,0.0,0.0,0.03581526861451461,0.08450704225352113,0.5714285714285714,0.011410629499157604
1634,0.8142857142857143,1.0,1.0,0.0,0.0,0.0,0.30263157894736836,0.5134078965099043,1.0,1.0,1.0,1.0,0.0,0.0,0.048945367090253177,0.8169014084507042,0.8571428571428571,0.10405225039931734
1635,0.9857142857142858,1.0,1.0,0.0,1.0,0.6666666666666666,0.09868421052631579,0.32259803261016035,1.0,0.0,1.0,0.0,0.0,0.5,0.01922714420358152,0.028169014084507043,0.5714285714285714,0.09166794302343391
1636,0.7428571428571429,1.0,0.0,1.0,0.0,0.3333333333333333,0.6118421052631579,0.7978709068858644,1.0,1.0,0.0,0.0,0.0,1.0,0.092347909590454,0.7464788732394366,0.5714285714285714,0.22671925256547712
1637,0.9285714285714286,0.0,1.0,1.0,0.0,1.0,0.6381578947368421,0.9999999999999999,1.0,0.0,0.0,1.0,0.0,0.0,0.09297975037843087,0.9295774647887324,0.5714285714285714,0.2841553070914382
1638,0.8142857142857143,0.0,1.0,1.0,1.0,0.0,0.48684210526315785,0.7272604770246597,1.0,1.0,0.0,0.0,0.0,1.0,0.0747343105073288,0.028169014084507043,0.5714285714285714,0.20665492418440803
1639,0.014285714285714285,1.0,1.0,1.0,0.0,0.6666666666666666,0.5592105263157895,0.02600727664735211,0.0,1.0,0.0,1.0,1.0,0.5,0.08435438265786993,0.028169014084507043,0.7142857142857142,0.006069076428243223
1640,0.3,1.0,0.0,1.0,0.0,0.3333333333333333,0.05921052631578946,0.08206441180433903,1.0,1.0,0.0,1.0,0.0,0.5,0.013494987576043182,0.3098591549295775,0.7142857142857142,0.019343186807576452
1641,0.5142857142857143,0.0,0.0,1.0,0.0,0.3333333333333333,0.256578947368421,0.2907963886268697,0.0,1.0,0.0,1.0,0.0,0.5,0.042132613291896985,0.5211267605633803,0.42857142857142855,0.10342318884974729
1642,0.2714285714285714,1.0,1.0,0.0,0.0,1.0,0.2236842105263158,0.1417598706373804,0.0,1.0,1.0,0.0,0.0,0.5,0.03704052780395853,0.28169014084507044,0.5714285714285714,0.04028181957420738
1643,0.32857142857142857,0.0,0.0,0.0,0.0,0.3333333333333333,0.375,0.24268966446570542,0.0,1.0,0.0,1.0,0.0,0.5,0.058081998114985864,0.3380281690140845,0.2857142857142857,0.11529330678511257
1644,0.9142857142857143,1.0,0.0,0.0,0.0,0.6666666666666666,0.12499999999999997,0.3352647891119795,0.0,1.0,0.0,0.0,0.0,1.0,0.023084173131298485,0.9154929577464789,0.2857142857142857,0.15913616173992956
1645,0.9142857142857143,1.0,1.0,0.0,0.0,0.3333333333333333,0.375,0.6679692763778466,0.0,0.0,0.0,1.0,0.0,0.5,0.058884941637062274,0.9154929577464789,0.42857142857142855,0.23739278603155153
1646,0.0,1.0,1.0,1.0,1.0,1.0,0.4342105263157895,0.009163185554507479,0.0,1.0,0.0,1.0,1.0,0.5,0.0640904806786051,0.0,0.7142857142857142,0.0020804615306070353
1647,0.028571428571428574,1.0,1.0,1.0,0.0,0.6666666666666666,0.09210526315789472,0.011723487400619861,1.0,0.0,1.0,1.0,0.0,0.5,0.018535972353125978,0.04225352112676056,0.8571428571428571,0.0022263308754348734
1648,0.6428571428571429,1.0,0.0,0.0,0.5,0.0,0.09210526315789472,0.2038808785877914,0.0,1.0,1.0,0.0,0.0,0.5,0.018092037864197025,0.04225352112676056,0.42857142857142855,0.0725513095420432
1649,0.7714285714285715,0.0,1.0,1.0,0.0,0.0,0.02631578947368421,0.1699231909446166,0.0,0.0,0.0,0.0,0.0,0.5,0.008653928540827693,0.7746478873239436,0.2857142857142857,0.08083167406953592
1650,0.9,1.0,1.0,1.0,0.0,0.6666666666666666,0.506578947368421,0.8263037326505861,1.0,1.0,1.0,0.0,0.0,0.5,0.0773150329877474,0.9014084507042254,0.8571428571428571,0.16756011640373716
1651,0.6285714285714286,1.0,1.0,1.0,1.0,0.6666666666666666,0.2236842105263158,0.31963347257781966,1.0,1.0,1.0,1.0,0.0,0.5,0.036778720284846585,0.014084507042253521,1.0,0.05656494103231736
1652,0.35714285714285715,1.0,0.0,1.0,0.0,0.6666666666666666,0.1513157894736842,0.14701522705834794,0.0,0.0,0.0,1.0,0.0,0.5,0.026861451460885956,0.36619718309859156,0.42857142857142855,0.05235296370041354
1653,0.9142857142857143,1.0,1.0,0.0,1.0,0.6666666666666666,0.5131578947368421,0.8541975475003368,0.0,1.0,0.0,0.0,0.0,0.5,0.07892409193068947,0.028169014084507043,0.42857142857142855,0.30353997549395006
1654,0.32857142857142857,0.0,0.0,0.0,0.0,0.6666666666666666,0.09868421052631579,0.11009297938283248,1.0,0.0,1.0,1.0,0.0,0.5,0.019439208294062205,0.3380281690140845,0.42857142857142855,0.03923839791698576
1655,0.4857142857142857,0.0,0.0,0.0,1.0,0.6666666666666666,0.2828947368421052,0.29295243228675377,0.0,0.0,1.0,1.0,0.0,1.0,0.04572505722364346,0.014084507042253521,0.2857142857142857,0.13909736049420535
1656,0.32857142857142857,1.0,1.0,1.0,0.0,0.6666666666666666,0.493421052631579,0.3049454251448592,1.0,1.0,1.0,1.0,0.0,1.0,0.07622525918944392,0.3380281690140845,1.0,0.05395638688926329
1657,0.3857142857142857,1.0,1.0,1.0,0.0,0.3333333333333333,0.381578947368421,0.29093114135561243,1.0,0.0,0.0,0.0,0.0,0.5,0.059950181769220415,0.3943661971830986,0.5714285714285714,0.08266962781436668
1658,0.21428571428571427,1.0,1.0,0.0,0.5,0.0,0.368421052631579,0.162511790863765,0.0,0.0,0.0,0.0,0.0,0.0,0.058671065032987746,0.014084507042253521,0.2857142857142857,0.07732169295961608
1659,0.8285714285714286,1.0,0.0,1.0,0.5,0.6666666666666666,0.10526315789473684,0.2847325158334456,0.0,0.0,1.0,1.0,0.0,0.5,0.020783079601910573,0.056338028169014086,0.5714285714285714,0.08090825547557053
1660,0.7571428571428571,1.0,1.0,1.0,0.0,0.3333333333333333,0.12499999999999997,0.27772537393882224,0.0,0.0,0.0,0.0,0.0,0.5,0.02302160784724404,0.7605633802816901,0.42857142857142855,0.09878044110889876
1661,0.21428571428571427,1.0,1.0,0.0,1.0,0.0,0.38815789473684215,0.16534159816736288,1.0,1.0,1.0,0.0,0.0,0.5,0.05990810556079171,0.0,0.7142857142857142,0.03906289886148977
1662,0.19999999999999998,1.0,1.0,0.0,0.0,1.0,0.019736842105263164,0.043794636841396034,0.0,1.0,1.0,1.0,0.0,0.5,0.008105560791705938,0.2112676056338028,0.7142857142857142,0.010281053760147036
1663,0.14285714285714285,1.0,1.0,0.0,0.0,1.0,0.5723684210526315,0.15563940169788437,1.0,0.0,0.0,1.0,1.0,0.5,0.08696769771227829,0.15492957746478875,0.5714285714285714,0.04422576198499005
1664,0.9142857142857143,1.0,0.0,1.0,0.0,1.0,0.23684210526315788,0.4848403180164398,0.0,1.0,1.0,0.0,0.0,1.0,0.03917929384470384,0.9154929577464789,0.5714285714285714,0.13776994945627202
1665,0.9571428571428572,1.0,1.0,1.0,0.5,0.6666666666666666,0.2763157894736842,0.5640749225171809,1.0,1.0,0.0,0.0,0.0,0.5,0.045018572933414644,0.07042253521126761,0.7142857142857142,0.1334813907183336
1666,0.6,0.0,0.0,0.0,1.0,0.6666666666666666,0.17105263157894737,0.2657323810807169,1.0,1.0,0.0,1.0,0.0,0.5,0.03033557635403196,0.014084507042253521,0.42857142857142855,0.09452060039822331
1667,0.9714285714285714,1.0,1.0,1.0,0.0,1.0,0.5789473684210527,0.9998652472712571,0.0,0.0,1.0,0.0,0.0,1.0,0.08834979305823054,0.971830985915493,0.5714285714285714,0.2841170163884209
1668,0.17142857142857143,0.0,1.0,0.0,0.0,1.0,0.4276315789473685,0.14216412882360868,1.0,1.0,0.0,0.0,0.0,0.5,0.06430798230986731,0.18309859154929578,0.42857142857142855,0.05062988206463471
1669,0.12857142857142856,1.0,0.0,1.0,0.5,0.0,0.29605263157894735,0.08475946637919417,0.0,0.0,0.0,0.0,0.0,0.5,0.047408105560791704,0.0,0.2857142857142857,0.040498800224638795
1670,0.5714285714285715,0.0,1.0,0.0,0.0,0.6666666666666666,0.38815789473684215,0.4310739792480797,1.0,1.0,0.0,1.0,0.0,0.5,0.06066527206271119,0.5774647887323944,0.5714285714285714,0.12249195895236638
1671,0.7000000000000001,1.0,0.0,0.0,0.0,0.0,0.256578947368421,0.38876162242285406,1.0,1.0,0.0,1.0,0.0,0.5,0.04145146088595664,0.7042253521126761,0.5714285714285714,0.11046867820493184
1672,1.0,1.0,1.0,1.0,0.0,1.0,0.3092105263157895,0.6354938687508421,1.0,0.0,0.0,0.0,0.0,0.0,0.049594456465465744,1.0,0.5714285714285714,0.18057895542962168
1673,0.8285714285714286,1.0,1.0,1.0,0.0,1.0,0.23684210526315788,0.4421237030049858,0.0,0.0,1.0,0.0,0.0,0.5,0.03944152462499401,0.8309859154929577,0.5714285714285714,0.12563179659978557
1674,0.5428571428571429,0.0,1.0,0.0,0.0,0.6666666666666666,0.2763157894736842,0.315590890715537,1.0,1.0,0.0,1.0,0.0,0.5,0.043741994731627154,0.5492957746478874,0.5714285714285714,0.08967682646653392
1675,0.028571428571428574,0.0,0.0,0.0,0.0,0.3333333333333333,0.21052631578947364,0.018730629295243228,0.0,1.0,1.0,0.0,0.0,0.5,0.03487276154571159,0.04225352112676056,0.2857142857142857,0.009228059427171083
1676,0.0857142857142857,1.0,0.0,1.0,0.5,0.3333333333333333,0.05263157894736842,0.023716480258725237,0.0,1.0,1.0,0.0,0.0,0.5,0.012387235761411066,0.0,0.5714285714285714,0.0067391637310461015
1677,0.6857142857142857,0.0,1.0,0.0,0.5,0.0,0.02631578947368421,0.15671742352782644,1.0,0.0,0.0,0.0,0.0,0.5,0.009444305526168997,0.056338028169014086,0.2857142857142857,0.07457752591004237
1678,0.35714285714285715,1.0,1.0,1.0,0.0,0.0,0.11842105263157895,0.13003638323676053,1.0,1.0,1.0,1.0,0.0,1.0,0.02229391720437903,0.36619718309859156,1.0,0.02289305406647266
1679,0.45714285714285713,1.0,1.0,1.0,0.0,0.6666666666666666,0.17105263157894737,0.19876027489556664,1.0,1.0,1.0,0.0,0.0,0.0,0.02933196241396053,0.4647887323943662,0.8571428571428571,0.04018882786687964
1680,0.6714285714285715,1.0,1.0,1.0,0.0,0.3333333333333333,0.5921052631578947,0.70381350222342,0.0,0.0,0.0,0.0,0.0,0.5,0.0896363493559535,0.676056338028169,0.42857142857142855,0.2501244447848063
1681,0.014285714285714285,1.0,0.0,0.0,0.0,0.6666666666666666,0.4078947368421053,0.01778736019404393,1.0,1.0,0.0,1.0,1.0,0.5,0.05560791705937794,0.028169014084507043,0.5714285714285714,0.005054372798284576
1682,1.0,0.0,1.0,1.0,0.5,0.3333333333333333,0.631578947368421,0.9999999999999999,1.0,1.0,1.0,1.0,0.0,0.5,0.08550264831211586,0.07042253521126761,0.8571428571428571,0.2028149136818152
1683,0.44285714285714284,0.0,0.0,1.0,1.0,0.6666666666666666,0.2236842105263158,0.23029241342137177,1.0,0.0,1.0,1.0,0.0,0.5,0.03755301602262017,0.014084507042253521,0.5714285714285714,0.06543881145657834
1684,0.04285714285714286,0.0,1.0,0.0,0.5,1.0,0.26973684210526316,0.02951084759466379,0.0,0.0,1.0,0.0,0.0,0.0,0.04170593779453346,0.0,0.2857142857142857,0.014333486496145404
1685,0.2714285714285714,0.0,0.0,1.0,0.5,0.0,0.4736842105263158,0.2478102681579302,0.0,0.0,1.0,1.0,0.0,0.0,0.07412818096135722,0.014084507042253521,0.42857142857142855,0.08815477102159595
1686,0.49999999999999994,0.0,1.0,1.0,0.0,0.3333333333333333,0.381578947368421,0.3759601131922921,0.0,1.0,0.0,0.0,0.0,0.5,0.060215729395748235,0.5070422535211268,0.42857142857142855,0.13367284423342013
1687,0.44285714285714284,0.0,1.0,1.0,0.0,1.0,0.3486842105263158,0.311144050667026,0.0,0.0,0.0,0.0,0.0,0.5,0.05522502356267672,0.4507042253521127,0.2857142857142857,0.14771276867309951
1688,0.3857142857142857,1.0,0.0,0.0,1.0,0.3333333333333333,0.381578947368421,0.28998787225441314,1.0,0.0,0.0,0.0,0.0,0.5,0.059714555002019665,0.014084507042253521,0.2857142857142857,0.1376933680502374
1689,0.0,1.0,1.0,1.0,1.0,1.0,0.38815789473684215,0.009297938283250236,1.0,1.0,0.0,0.0,1.0,0.5,0.06503298774740811,0.0,0.7142857142857142,0.002112370449788125
1690,0.8428571428571429,1.0,0.0,0.0,0.0,0.6666666666666666,0.506578947368421,0.7794097830481067,0.0,0.0,0.0,0.0,0.0,0.5,0.07788250078542257,0.8450704225352113,0.14285714285714285,0.5544876703936285
1691,0.7857142857142857,1.0,0.0,0.0,0.0,0.6666666666666666,0.4407894736842105,0.653281228944886,0.0,1.0,0.0,1.0,0.0,1.0,0.06863471118890534,0.7887323943661972,0.42857142857142855,0.2321756777454434
1692,0.4857142857142857,1.0,1.0,0.0,0.5,0.0,0.631578947368421,0.5423797331895971,1.0,0.0,0.0,0.0,0.0,1.0,0.09557021677662583,0.028169014084507043,0.42857142857142855,0.19278411701638842
1693,0.41428571428571426,1.0,1.0,0.0,0.0,0.6666666666666666,0.625,0.46085433230022904,1.0,0.0,0.0,1.0,0.0,0.5,0.09469054351240967,0.4225352112676056,0.5714285714285714,0.1309542043191913
1694,0.7571428571428571,0.0,1.0,1.0,0.5,1.0,0.2828947368421052,0.44966985581458024,0.0,0.0,0.0,1.0,0.0,1.0,0.04529270080636716,0.056338028169014086,0.42857142857142855,0.15985411242150407
1695,0.49999999999999994,1.0,1.0,1.0,1.0,0.6666666666666666,0.02631578947368421,0.1122490230427166,1.0,1.0,0.0,1.0,0.0,0.5,0.008979997905539848,0.014084507042253521,0.8571428571428571,0.02262980548322867
1696,0.7714285714285715,0.0,1.0,0.0,0.0,1.0,0.013157894736842118,0.15456137986794233,1.0,0.0,0.0,0.0,0.0,1.0,0.006700368434581442,0.7746478873239436,0.2857142857142857,0.07355644049624752
1697,0.8142857142857143,0.0,1.0,0.0,1.0,0.0,0.08552631578947367,0.2505053227327853,0.0,1.0,0.0,1.0,0.0,0.5,0.01724137931034483,0.028169014084507043,0.42857142857142855,0.08911203859702864
1698,0.9142857142857143,1.0,1.0,1.0,1.0,0.6666666666666666,0.05263157894736842,0.23878183533216546,0.0,0.0,1.0,0.0,0.0,1.0,0.012702095265714492,0.028169014084507043,0.5714285714285714,0.06785112574666871
1699,0.9714285714285714,1.0,1.0,1.0,1.0,0.6666666666666666,0.24999999999999997,0.5338903112788034,1.0,0.0,0.0,0.0,0.0,1.0,0.04111516343618954,0.028169014084507043,0.5714285714285714,0.15170776535457192
1700,0.7142857142857143,1.0,1.0,1.0,0.0,0.6666666666666666,0.0394736842105263,0.1731572564344428,1.0,1.0,0.0,1.0,0.0,0.0,0.010811110495093416,0.7183098591549296,0.8571428571428571,0.03499223245738792
1701,0.3,0.0,1.0,1.0,0.0,0.6666666666666666,0.4144736842105263,0.2443066972106185,1.0,1.0,0.0,0.0,0.0,0.5,0.06507582897780824,0.3098591549295775,0.5714285714285714,0.06942104457037832
1702,0.7428571428571429,0.0,1.0,1.0,0.0,0.6666666666666666,0.13157894736842105,0.27745586848133674,0.0,0.0,0.0,0.0,0.0,0.5,0.0236693756335248,0.7464788732394366,0.2857142857142857,0.13175830908255476
1703,0.49999999999999994,1.0,1.0,1.0,0.0,1.0,0.3421052631578947,0.3446974801239725,0.0,1.0,0.0,1.0,0.0,0.5,0.054141794952351024,0.5070422535211268,0.7142857142857142,0.0815336702915199
1704,0.9571428571428572,1.0,1.0,1.0,0.0,0.0,0.07236842105263158,0.27651259938013745,0.0,0.0,1.0,0.0,0.0,0.5,0.015440483450684703,0.9577464788732395,0.5714285714285714,0.07857252259151477
1705,0.49999999999999994,1.0,1.0,1.0,0.0,0.6666666666666666,0.5460526315789473,0.49696806360328794,1.0,1.0,0.0,0.0,0.0,0.0,0.08372604461200125,0.5070422535211268,0.7142857142857142,0.11759074896615102
1706,0.7285714285714286,1.0,1.0,1.0,0.5,1.0,0.5131578947368421,0.6860261420293761,1.0,0.0,1.0,1.0,0.0,0.0,0.07933372000290001,0.056338028169014086,0.8571428571428571,0.1390882436601536
1707,0.7428571428571429,0.0,1.0,0.0,0.0,1.0,0.256578947368421,0.41571216817140544,0.0,1.0,0.0,1.0,0.0,0.5,0.04191488983337186,0.7464788732394366,0.42857142857142855,0.14779254097105224
1708,0.7000000000000001,1.0,0.0,0.0,0.0,0.6666666666666666,0.6052631578947368,0.7474733863360733,1.0,0.0,1.0,0.0,0.0,1.0,0.09163053722902921,0.7042253521126761,0.42857142857142855,0.2656321795068157
1709,0.5714285714285715,1.0,1.0,0.0,0.0,1.0,0.12499999999999997,0.21156178412612855,0.0,0.0,1.0,0.0,0.0,0.0,0.02321785706075722,0.5774647887323944,0.42857142857142855,0.07527952213202635
1710,0.24285714285714283,1.0,1.0,1.0,0.5,0.6666666666666666,0.5394736842105263,0.24161164263576337,0.0,0.0,1.0,0.0,0.0,1.0,0.0814221384438161,0.014084507042253521,0.5714285714285714,0.06865523051003217
1711,0.3,1.0,0.0,1.0,0.5,1.0,0.36184210526315785,0.21937744239320844,1.0,1.0,0.0,1.0,0.0,0.5,0.057150201353782876,0.014084507042253521,0.7142857142857142,0.051858375453106655
1712,0.9285714285714286,0.0,0.0,0.0,0.0,0.3333333333333333,0.21710526315789472,0.46745721600862417,0.0,0.0,1.0,0.0,0.0,0.5,0.03654356953131694,0.9295774647887324,0.14285714285714285,0.33288022668096184
1713,0.2857142857142857,0.0,1.0,0.0,1.0,0.6666666666666666,0.05921052631578946,0.07788707721331356,1.0,1.0,1.0,1.0,0.0,1.0,0.013374624119204703,0.0,0.7142857142857142,0.01835401031296268
1714,0.6142857142857143,1.0,1.0,1.0,0.0,0.0,0.11842105263157895,0.21816466783452365,0.0,0.0,1.0,0.0,0.0,0.0,0.021784765658469714,0.619718309859155,0.5714285714285714,0.06199264818502068
1715,0.6571428571428571,1.0,1.0,1.0,0.0,1.0,0.5723684210526315,0.6693168036652741,1.0,0.0,1.0,0.0,0.0,0.5,0.08669059698798805,0.6619718309859155,0.7142857142857142,0.15840225659876447
1716,0.5428571428571429,0.0,1.0,1.0,0.5,0.6666666666666666,0.4013157894736842,0.42218029915105776,0.0,1.0,1.0,0.0,0.0,0.5,0.06285797143478576,0.04225352112676056,0.5714285714285714,0.11996477255322407
1717,0.39999999999999997,0.0,0.0,1.0,0.5,0.0,0.15789473684210528,0.1691146745721601,0.0,1.0,1.0,1.0,0.0,0.5,0.028047710357827688,0.028169014084507043,0.5714285714285714,0.048054832286720785
1718,0.7571428571428571,0.0,1.0,1.0,0.0,1.0,0.32894736842105265,0.5055922382428244,1.0,1.0,0.0,0.0,0.0,1.0,0.052536042168464414,0.7605633802816901,0.5714285714285714,0.14366671772093736
1719,0.22857142857142856,1.0,0.0,0.0,1.0,1.0,0.07236842105263158,0.06805012801509229,1.0,0.0,0.0,1.0,0.0,0.0,0.015579087431391029,0.0,0.42857142857142855,0.02430502374023587
1720,0.8428571428571429,1.0,1.0,1.0,1.0,0.0,0.06578947368421054,0.24012936261959303,1.0,0.0,0.0,1.0,0.0,1.0,0.015017279296261388,0.028169014084507043,0.7142857142857142,0.05677234900699443
1721,0.42857142857142855,1.0,0.0,0.0,0.0,0.3333333333333333,0.5986842105263158,0.46085433230022904,1.0,1.0,0.0,0.0,0.0,0.5,0.09121036149706607,0.4366197183098592,0.42857142857142855,0.1638267728595497
1722,0.6857142857142857,1.0,1.0,0.0,0.0,0.3333333333333333,0.30263157894736836,0.43201724834927907,0.0,1.0,0.0,0.0,0.0,0.5,0.04874107984381311,0.6901408450704225,0.42857142857142855,0.15358400980241999
1723,0.014285714285714285,0.0,1.0,0.0,0.0,0.0,0.24342105263157895,0.011049723756906077,1.0,0.0,0.0,0.0,0.0,0.5,0.03204524033930255,0.028169014084507043,0.2857142857142857,0.00559044264052688
1724,0.6714285714285715,0.0,1.0,0.0,0.0,0.3333333333333333,0.625,0.7412747608139064,1.0,1.0,1.0,0.0,0.0,1.0,0.09509503612943764,0.676056338028169,0.5714285714285714,0.210637157298208
1725,0.1857142857142857,1.0,1.0,0.0,0.0,0.6666666666666666,0.26315789473684215,0.1122490230427166,1.0,1.0,0.0,1.0,0.0,0.5,0.04382657869934024,0.1971830985915493,0.7142857142857142,0.0264907847041405
1726,0.8285714285714286,0.0,1.0,1.0,0.5,1.0,0.2236842105263158,0.42325832098099986,0.0,1.0,1.0,0.0,0.0,0.0,0.03720506717359702,0.056338028169014086,0.5714285714285714,0.12027109817736253
1727,0.8142857142857143,1.0,0.0,0.0,0.0,0.6666666666666666,0.18421052631578946,0.3676054440102412,0.0,1.0,0.0,0.0,0.0,0.0,0.03136273522051415,0.8169014084507042,0.2857142857142857,0.1744524429468525
1728,0.8142857142857143,0.0,1.0,0.0,0.5,0.6666666666666666,0.375,0.5960113192292144,1.0,0.0,0.0,1.0,0.0,0.5,0.058906691800188496,0.056338028169014086,0.42857142857142855,0.21183374176749886
1729,0.7142857142857143,1.0,0.0,1.0,0.0,1.0,0.368421052631579,0.5208192965907559,0.0,0.0,1.0,0.0,0.0,0.5,0.05849087985806953,0.7183098591549296,0.42857142857142855,0.18512597641292694
1730,0.014285714285714285,1.0,1.0,0.0,0.0,0.0,0.013157894736842118,0.0040425818622827105,0.0,1.0,0.0,0.0,0.0,0.5,0.007540056550424126,0.028169014084507043,0.42857142857142855,0.0015699188237096034
1731,0.5714285714285715,1.0,1.0,0.0,0.0,1.0,0.4342105263157895,0.9999999999999999,1.0,0.0,0.0,0.0,0.0,0.0,0.15772051217213398,0.5774647887323944,0.42857142857142855,0.35532815132485834
1732,0.21428571428571427,1.0,0.0,0.0,0.0,0.0,0.5197368421052632,0.21129227866864303,0.0,1.0,1.0,0.0,0.0,0.5,0.07999528746465598,0.22535211267605634,0.42857142857142855,0.07518379537448308
1733,0.04285714285714286,0.0,1.0,1.0,0.0,1.0,0.4078947368421053,0.04150384045276916,1.0,0.0,0.0,1.0,1.0,1.0,0.06267672007540057,0.056338028169014086,0.5714285714285714,0.01179353652933068
1734,0.15714285714285714,1.0,1.0,1.0,0.5,1.0,0.5723684210526315,0.1696536854871311,1.0,1.0,0.0,1.0,0.0,0.5,0.08678919258561105,0.014084507042253521,0.8571428571428571,0.03428111940135221
1735,0.39999999999999997,1.0,1.0,1.0,0.5,0.6666666666666666,0.18421052631578946,0.18393747473386335,0.0,0.0,1.0,1.0,0.0,0.0,0.03162273717052878,0.028169014084507043,0.7142857142857142,0.04346632970848012
1736,0.0857142857142857,1.0,1.0,1.0,0.0,1.0,0.13157894736842105,0.03570947311683061,1.0,1.0,1.0,1.0,0.0,0.0,0.024370539921906555,0.09859154929577466,1.0,0.006140871496400674
1737,0.1857142857142857,1.0,0.0,1.0,0.5,0.6666666666666666,0.4605263157894737,0.16763239455598974,0.0,1.0,0.0,0.0,0.0,0.5,0.07149589336205736,0.014084507042253521,0.42857142857142855,0.05967606065247358
1738,0.15714285714285714,0.0,1.0,1.0,0.0,0.0,0.12499999999999997,0.06306427705161029,1.0,0.0,0.0,1.0,0.0,0.5,0.024662268300345583,0.16901408450704225,0.5714285714285714,0.017920049012099863
1739,0.05714285714285714,0.0,1.0,0.0,0.0,0.6666666666666666,0.06578947368421054,0.019134887481471498,1.0,1.0,1.0,0.0,0.0,0.0,0.016211121583411873,0.07042253521126761,0.5714285714285714,0.00543727982845765
1740,0.44285714285714284,1.0,0.0,1.0,0.0,0.6666666666666666,0.06578947368421054,0.12774558684813367,0.0,0.0,0.0,1.0,0.0,1.0,0.015139019792648443,0.4507042253521127,0.42857142857142855,0.04550850053606984
1741,0.6,1.0,1.0,1.0,0.5,0.0,0.506578947368421,0.5565287697075866,0.0,0.0,1.0,0.0,0.0,0.0,0.0776362799465182,0.04225352112676056,0.5714285714285714,0.15814060346147954
1742,0.9714285714285714,0.0,1.0,1.0,0.0,1.0,0.019736842105263164,0.21290931141355612,0.0,0.0,0.0,1.0,0.0,0.0,0.008578180278381073,0.971830985915493,0.42857142857142855,0.07575815591974269
1743,0.6285714285714286,0.0,0.0,1.0,0.0,1.0,0.19078947368421054,0.2953779814041234,1.0,1.0,0.0,0.0,0.0,0.5,0.03300869200963452,0.6338028169014085,0.42857142857142855,0.10505054372798285
1744,0.11428571428571427,1.0,1.0,1.0,0.0,0.6666666666666666,0.08552631578947367,0.03867403314917127,0.0,1.0,0.0,1.0,0.0,0.5,0.01832652633783642,0.1267605633802817,0.7142857142857142,0.009068514831265634
1745,0.6857142857142857,0.0,0.0,1.0,1.0,1.0,0.5,0.6298342541436464,0.0,0.0,0.0,1.0,0.0,1.0,0.07697782223162593,0.028169014084507043,0.2857142857142857,0.29864195639965285
1746,0.45714285714285713,1.0,1.0,1.0,0.5,0.0,0.3355263157894737,0.31100929793828325,1.0,1.0,1.0,0.0,0.0,1.0,0.05312312569616999,0.028169014084507043,0.8571428571428571,0.06297179616217755
1747,0.24285714285714283,1.0,0.0,1.0,0.5,0.3333333333333333,0.13815789473684212,0.09513542649238646,0.0,0.0,1.0,0.0,0.0,1.0,0.024505183788878414,0.014084507042253521,0.42857142857142855,0.033925562873334356
1748,0.11428571428571427,1.0,0.0,1.0,0.5,0.0,0.5,0.11534833580380001,0.0,0.0,0.0,0.0,1.0,0.0,0.077913917687716,0.0,0.2857142857142857,0.05498544953285343
1749,0.8714285714285714,1.0,1.0,1.0,0.0,0.6666666666666666,0.5,0.7911332704487265,1.0,0.0,1.0,0.0,0.0,0.5,0.07626706393846341,0.8732394366197184,0.7142857142857142,0.1872479195384694
1750,0.8,1.0,1.0,1.0,0.5,0.0,0.3486842105263158,0.5522166823878183,1.0,0.0,0.0,0.0,0.0,0.5,0.054797691684442026,0.056338028169014086,0.5714285714285714,0.1569153009649257
1751,0.39999999999999997,1.0,1.0,1.0,1.0,0.6666666666666666,0.18421052631578946,0.1838027220051206,1.0,1.0,0.0,0.0,0.0,0.5,0.03159023692677695,0.014084507042253521,0.7142857142857142,0.04343442078929902
1752,0.34285714285714286,1.0,0.0,1.0,0.0,0.6666666666666666,0.38815789473684215,0.2624983155908907,0.0,0.0,1.0,0.0,0.0,0.5,0.06077285579641847,0.35211267605633806,0.42857142857142855,0.09337187930770409
1753,0.19999999999999998,0.0,1.0,0.0,0.0,0.6666666666666666,0.618421052631579,0.2273278533890311,1.0,0.0,0.0,1.0,0.0,1.0,0.09368520263901979,0.2112676056338028,0.42857142857142855,0.08087953744830756
1754,0.07142857142857142,1.0,1.0,0.0,0.0,1.0,0.0394736842105263,0.018326371109014958,0.0,1.0,1.0,0.0,0.0,0.0,0.010367577756833175,0.08450704225352113,0.5714285714285714,0.005207535610353806
1755,0.5857142857142857,1.0,1.0,1.0,0.0,0.0,0.1776315789473684,0.26425010106454655,1.0,1.0,0.0,0.0,0.0,0.0,0.031125173914994836,0.5915492957746479,0.7142857142857142,0.062484045540409455
1756,0.39999999999999997,1.0,0.0,1.0,1.0,0.0,0.19078947368421054,0.18838431478237433,0.0,0.0,1.0,0.0,0.0,0.0,0.03269524521433911,0.014084507042253521,0.42857142857142855,0.06704702098330526
1757,0.04285714285714286,1.0,1.0,0.0,0.0,0.0,0.42105263157894735,0.041908098638997436,1.0,0.0,1.0,0.0,1.0,0.0,0.06338360037700283,0.056338028169014086,0.5714285714285714,0.0119084086383826
1758,0.8,1.0,1.0,1.0,0.0,0.6666666666666666,0.4342105263157895,0.6509904325562592,0.0,1.0,0.0,1.0,0.0,1.0,0.06691800188501414,0.8028169014084507,0.7142857142857142,0.15406264359013633
1759,0.6857142857142857,1.0,1.0,0.0,1.0,1.0,0.13815789473684212,0.26586713380945964,1.0,0.0,0.0,0.0,0.0,0.5,0.02502452441862702,0.028169014084507043,0.42857142857142855,0.09456846377699495
1760,0.6142857142857143,0.0,1.0,0.0,0.0,0.0,0.14473684210526314,0.2443066972106185,0.0,1.0,0.0,0.0,0.0,1.0,0.025940365007283007,0.619718309859155,0.2857142857142857,0.11605912084545872
1761,0.1857142857142857,1.0,1.0,0.0,0.0,0.0,0.6118421052631579,0.21034900956744373,0.0,0.0,0.0,0.0,0.0,0.0,0.09283694627709707,0.1971830985915493,0.2857142857142857,0.09997702557818962
1762,0.028571428571428574,0.0,1.0,0.0,1.0,0.0,0.5,0.03530521493060234,0.0,0.0,0.0,0.0,1.0,0.5,0.07351555136663525,0.0,0.14285714285714285,0.025884515239699802
1763,0.8714285714285714,1.0,0.0,0.0,0.0,0.6666666666666666,0.618421052631579,0.9462336612316399,1.0,1.0,0.0,1.0,0.0,0.5,0.09376425161898391,0.8732394366197184,0.5714285714285714,0.26887731658753256
1764,0.9,1.0,0.0,0.0,0.5,0.0,0.5460526315789473,0.8855949332973992,1.0,1.0,1.0,1.0,0.0,1.0,0.08379476908576815,0.07042253521126761,0.7142857142857142,0.20961607188441314
1765,0.6285714285714286,1.0,1.0,0.0,0.0,1.0,0.26973684210526316,0.36194582940304537,0.0,0.0,1.0,0.0,0.0,0.5,0.043355325164938736,0.6338028169014085,0.42857142857142855,0.12869505284117017
1766,0.8142857142857143,1.0,1.0,0.0,0.0,0.0,0.08552631578947367,0.25037057000404256,1.0,0.0,1.0,1.0,0.0,0.5,0.017225129188468913,0.8169014084507042,0.7142857142857142,0.059197426864757235
1767,0.2714285714285714,0.0,1.0,0.0,0.0,1.0,0.4144736842105263,0.22288101334052013,1.0,1.0,1.0,0.0,0.0,1.0,0.06540999057492931,0.28169014084507044,0.5714285714285714,0.06333282279062644
1768,0.8142857142857143,0.0,1.0,1.0,0.0,0.3333333333333333,0.23684210526315788,0.42932219377442393,0.0,0.0,1.0,0.0,0.0,0.5,0.03880529103968279,0.8169014084507042,0.42857142857142855,0.1526267422269873
1769,0.8,1.0,1.0,1.0,1.0,0.6666666666666666,0.2828947368421052,0.48093248888289986,1.0,1.0,1.0,1.0,0.0,0.5,0.0460505646774807,0.028169014084507043,1.0,0.08521117322714045
1770,0.9571428571428572,0.0,1.0,0.0,1.0,0.0,0.2828947368421052,0.5747203880878587,1.0,1.0,0.0,1.0,0.0,0.5,0.046113544380994624,0.028169014084507043,0.5714285714285714,0.16330984836881604
1771,0.7285714285714286,0.0,1.0,1.0,1.0,1.0,0.618421052631579,0.7951758523110093,0.0,0.0,1.0,0.0,0.0,0.0,0.09401508011310085,0.028169014084507043,0.42857142857142855,0.28257581559197426
1772,0.5142857142857143,0.0,0.0,0.0,0.0,0.6666666666666666,0.04605263157894737,0.13165341598167363,1.0,1.0,0.0,1.0,0.0,0.5,0.012048806582265582,0.5211267605633803,0.42857142857142855,0.046896538520447235
1773,0.09999999999999999,1.0,0.0,0.0,1.0,0.6666666666666666,0.13157894736842105,0.04096482953779814,1.0,0.0,0.0,1.0,0.0,0.5,0.024269557021677664,0.0,0.42857142857142855,0.014684484607137387
1774,0.6142857142857143,0.0,1.0,0.0,0.5,0.0,0.4013157894736842,0.4755423797331896,0.0,0.0,0.0,0.0,0.0,0.5,0.06269814069060063,0.04225352112676056,0.14285714285714285,0.33862383213355796
1775,0.05714285714285714,0.0,1.0,0.0,0.0,0.6666666666666666,0.5855263157894737,0.07007141894623364,1.0,0.0,1.0,0.0,1.0,0.0,0.08746465598491988,0.07042253521126761,0.42857142857142855,0.025022974421810385
1776,0.9714285714285714,0.0,0.0,0.0,0.5,0.6666666666666666,0.6052631578947368,0.9999999999999999,0.0,1.0,0.0,0.0,0.0,0.5,0.08836345258096681,0.07042253521126761,0.14285714285714285,0.711192372491959
1777,0.42857142857142855,1.0,0.0,1.0,0.0,0.3333333333333333,0.368421052631579,0.3142433634281094,1.0,0.0,0.0,0.0,0.0,0.5,0.058131403727463435,0.4366197183098592,0.42857142857142855,0.11175141675601165
1778,0.6285714285714286,1.0,1.0,0.0,0.0,0.0,0.02631578947368421,0.13879531060503975,0.0,0.0,0.0,0.0,0.0,0.0,0.008671065032987747,0.6338028169014085,0.2857142857142857,0.06608975340787257
1779,0.11428571428571427,0.0,1.0,1.0,1.0,0.6666666666666666,0.24342105263157895,0.06724161164263576,1.0,1.0,1.0,0.0,0.0,0.0,0.04052780395852969,0.0,0.7142857142857142,0.01583320569765661
1780,0.44285714285714284,1.0,1.0,1.0,0.5,1.0,0.6052631578947368,0.47958496159547226,1.0,1.0,1.0,0.0,0.0,0.5,0.09204170593779452,0.028169014084507043,0.8571428571428571,0.09718727435835722
1781,0.45714285714285713,0.0,1.0,1.0,0.0,1.0,0.32894736842105265,0.3097965233795984,1.0,0.0,1.0,0.0,0.0,0.5,0.052866078313769174,0.4647887323943662,0.5714285714285714,0.08803032623678972
1782,0.9428571428571428,0.0,1.0,1.0,0.0,0.3333333333333333,0.48026315789473684,0.835736423662579,1.0,1.0,1.0,0.0,0.0,0.5,0.07424704939018385,0.943661971830986,0.7142857142857142,0.19780977178741002
1783,0.41428571428571426,1.0,1.0,1.0,1.0,0.0,0.1776315789473684,0.1894623366123164,0.0,0.0,0.0,1.0,0.0,0.0,0.03141690229343387,0.014084507042253521,0.5714285714285714,0.053836728442334204
1784,0.39999999999999997,1.0,1.0,1.0,0.5,0.3333333333333333,0.019736842105263164,0.0855679827516507,1.0,0.0,0.0,0.0,0.0,0.5,0.007897559231694239,0.028169014084507043,0.5714285714285714,0.0243145964159902
1785,0.028571428571428574,1.0,1.0,0.0,0.0,0.6666666666666666,0.381578947368421,0.03004985850963482,0.0,1.0,1.0,1.0,1.0,0.0,0.06126295947219604,0.04225352112676056,0.7142857142857142,0.007026344003675907
1786,0.8,1.0,1.0,0.0,0.0,0.0,0.5526315789473684,0.7935588195660962,0.0,1.0,1.0,1.0,0.0,0.5,0.08441225589893679,0.8028169014084507,0.7142857142857142,0.187822280083729
1787,0.41428571428571426,1.0,0.0,1.0,0.0,0.6666666666666666,0.6578947368421053,0.4810672416116426,0.0,1.0,1.0,0.0,0.0,0.5,0.09940307885642476,0.4225352112676056,0.5714285714285714,0.13669780977178742
1788,0.11428571428571427,1.0,1.0,1.0,1.0,0.6666666666666666,0.5592105263157895,0.12612855410322057,1.0,1.0,1.0,1.0,1.0,0.0,0.08629175829929836,0.0,1.0,0.022199035074283963
1789,0.35714285714285715,0.0,1.0,0.0,0.0,0.0,0.368421052631579,0.2641153483358038,1.0,0.0,0.0,1.0,0.0,0.0,0.05836293772203291,0.36619718309859156,0.42857142857142855,0.0939462398529637
1790,0.014285714285714285,0.0,1.0,0.0,0.0,0.6666666666666666,0.4013157894736842,0.01778736019404393,0.0,1.0,0.0,1.0,1.0,0.5,0.05560791705937794,0.028169014084507043,0.42857142857142855,0.006451983458416297
1791,0.8714285714285714,0.0,1.0,0.0,0.0,1.0,0.5460526315789473,0.852984772941652,0.0,1.0,1.0,0.0,0.0,0.5,0.08324465659298896,0.8732394366197184,0.42857142857142855,0.3031092050850054
1792,0.028571428571428574,0.0,1.0,1.0,1.0,0.3333333333333333,0.013157894736842118,0.008489421910793693,0.0,1.0,1.0,0.0,0.0,0.0,0.010995915802701855,0.0,0.5714285714285714,0.0024123142900903663
1793,0.6428571428571429,0.0,1.0,0.0,0.5,0.6666666666666666,0.631578947368421,0.7128419350491847,1.0,0.0,0.0,0.0,0.0,0.5,0.0954800639265664,0.04225352112676056,0.2857142857142857,0.3379537448307551
1794,0.9571428571428572,1.0,1.0,1.0,0.5,0.6666666666666666,0.35526315789473684,0.6679692763778466,0.0,1.0,1.0,0.0,0.0,0.0,0.05570493984587238,0.07042253521126761,0.7142857142857142,0.1580831674069536
1795,0.34285714285714286,1.0,1.0,0.0,0.0,0.0,0.631578947368421,0.3856623096617706,0.0,0.0,0.0,0.0,0.0,0.5,0.09523091423185674,0.35211267605633806,0.2857142857142857,0.1830040332873845
1796,0.7142857142857143,1.0,1.0,1.0,0.0,0.3333333333333333,0.506578947368421,0.6620401563131653,1.0,0.0,0.0,0.0,0.0,0.5,0.07785847609543346,0.7183098591549296,0.5714285714285714,0.18812222392403125
1797,0.17142857142857143,0.0,0.0,1.0,1.0,0.0,0.10526315789473684,0.05726990971567174,0.0,1.0,0.0,1.0,0.0,0.5,0.018632639744798084,0.0,0.42857142857142855,0.02047595343850513
1798,0.6142857142857143,0.0,1.0,1.0,1.0,1.0,0.11184210526315788,0.21587387144589676,1.0,1.0,1.0,0.0,0.0,0.0,0.021420615200068542,0.014084507042253521,0.7142857142857142,0.05102874355439832
1799,0.4857142857142857,1.0,1.0,1.0,1.0,0.6666666666666666,0.23684210526315788,0.25939900282980727,1.0,0.0,1.0,1.0,0.0,0.0,0.03901979264844486,0.014084507042253521,0.8571428571428571,0.052496553836728445
1800,0.7714285714285715,1.0,1.0,1.0,1.0,0.6666666666666666,0.1776315789473684,0.3414634146341463,0.0,0.0,0.0,1.0,0.0,0.5,0.030468683060577498,0.028169014084507043,0.5714285714285714,0.09702864144585695
1801,0.11428571428571427,1.0,1.0,0.0,1.0,0.0,0.2894736842105263,0.07640479719714323,1.0,1.0,1.0,0.0,0.0,0.5,0.0476489684783747,0.0,0.7142857142857142,0.018003012201970692
1802,0.014285714285714285,1.0,1.0,0.0,0.5,0.6666666666666666,0.4013157894736842,0.019269640210214257,0.0,0.0,1.0,0.0,1.0,0.5,0.06079170593779454,0.0,0.42857142857142855,0.006978480624904273
1803,0.8571428571428572,0.0,1.0,1.0,1.0,0.3333333333333333,0.2894736842105263,0.5214930602344697,1.0,1.0,0.0,0.0,0.0,0.5,0.04681633472906784,0.028169014084507043,0.5714285714285714,0.1481850206769796
1804,0.5714285714285715,0.0,0.0,1.0,0.5,1.0,0.0394736842105263,0.13973857970623904,1.0,1.0,0.0,1.0,0.0,0.5,0.010965265166318013,0.04225352112676056,0.5714285714285714,0.03970745902894777
1805,0.6142857142857143,0.0,0.0,1.0,0.0,1.0,0.6447368421052632,0.6962673494138256,1.0,0.0,0.0,1.0,0.0,0.0,0.0977851083883129,0.619718309859155,0.42857142857142855,0.24744409557359473
1806,0.9,1.0,1.0,0.0,0.0,0.0,0.2828947368421052,0.5375286349548578,0.0,1.0,1.0,1.0,0.0,1.0,0.04575577285579642,0.9014084507042254,0.7142857142857142,0.12719533363965896
1807,0.42857142857142855,1.0,0.0,1.0,1.0,0.0,0.5657894736842105,0.4347123029241342,1.0,0.0,0.0,0.0,0.0,0.5,0.08531209145358913,0.014084507042253521,0.42857142857142855,0.15454127737785267
1808,0.6571428571428571,0.0,1.0,1.0,0.0,0.0,0.05263157894736842,0.16978843821587386,1.0,0.0,1.0,0.0,0.0,0.5,0.012352858603886335,0.6619718309859155,0.5714285714285714,0.04824628580180732
1809,0.014285714285714285,1.0,0.0,1.0,1.0,0.3333333333333333,0.5394736842105263,0.023985985716210752,0.0,0.0,1.0,0.0,1.0,0.0,0.07728557964184732,0.0,0.42857142857142855,0.008653698881911472
1810,0.9714285714285714,0.0,1.0,0.0,0.0,0.3333333333333333,0.11842105263157895,0.34604500741140004,1.0,1.0,0.0,0.0,0.0,0.5,0.022073788741821358,0.971830985915493,0.42857142857142855,0.12304717414611732
1811,0.8142857142857143,1.0,1.0,1.0,0.0,0.3333333333333333,0.44736842105263164,0.6862956474868616,1.0,1.0,1.0,0.0,0.0,1.0,0.06979427345705093,0.8169014084507042,0.8571428571428571,0.13914294466446403
1812,0.6142857142857143,1.0,1.0,1.0,0.0,0.3333333333333333,0.4407894736842105,0.5113866055787629,1.0,1.0,1.0,1.0,0.0,0.0,0.06839602433381886,0.619718309859155,1.0,0.09061973502833512
1813,0.7857142857142857,0.0,1.0,0.0,0.0,0.0,0.5986842105263158,0.8342541436464088,1.0,1.0,1.0,0.0,0.0,0.5,0.09123805035680625,0.7887323943661972,0.5714285714285714,0.2370577423801501
1814,0.6,0.0,0.0,0.0,0.0,0.0,0.21710526315789472,0.301711359655033,1.0,1.0,0.0,0.0,0.0,0.0,0.03618788768822743,0.6056338028169014,0.2857142857142857,0.14324551998774698
1815,0.4714285714285714,1.0,0.0,0.0,0.0,0.6666666666666666,0.07236842105263158,0.13717827786012665,1.0,0.0,0.0,0.0,0.0,0.0,0.015412762654543437,0.47887323943661975,0.2857142857142857,0.06532393934752642
1816,0.41428571428571426,1.0,1.0,1.0,1.0,0.6666666666666666,0.5723684210526315,0.4285136774019674,1.0,1.0,0.0,1.0,0.0,0.5,0.08715048696198555,0.014084507042253521,0.8571428571428571,0.086821434041529
1817,1.0,0.0,0.0,1.0,0.0,0.6666666666666666,0.2236842105263158,0.5070745182589947,0.0,0.0,0.0,0.0,0.0,1.0,0.036943622147588645,1.0,0.14285714285714285,0.3610238933986828
1818,0.9857142857142858,1.0,0.0,0.0,0.0,0.6666666666666666,0.15789473684210528,0.40641422988815523,1.0,0.0,0.0,1.0,0.0,0.5,0.02760199272923118,0.9859154929577465,0.42857142857142855,0.14448996783580947
1819,0.7714285714285715,0.0,1.0,0.0,0.0,1.0,0.3223684210526315,0.5062660018865381,0.0,0.0,0.0,0.0,0.0,1.0,0.051426612972324565,0.7746478873239436,0.14285714285714285,0.3604495328534232
1820,0.9428571428571428,1.0,1.0,1.0,0.5,0.6666666666666666,0.09868421052631579,0.3108745452095405,0.0,0.0,1.0,0.0,0.0,0.5,0.019455033972456286,0.07042253521126761,0.5714285714285714,0.08833665186092816
1821,0.17142857142857143,1.0,1.0,1.0,0.5,0.3333333333333333,0.19736842105263155,0.08354669182050935,1.0,1.0,1.0,1.0,0.0,0.5,0.03277024577684332,0.014084507042253521,1.0,0.014636621228365752
1822,0.028571428571428574,0.0,1.0,1.0,0.5,0.3333333333333333,0.256578947368421,0.023042716615011453,0.0,1.0,0.0,1.0,0.0,1.0,0.044926170279610426,0.0,0.5714285714285714,0.006547710215959565
1823,0.35714285714285715,1.0,1.0,1.0,0.0,0.6666666666666666,0.18421052631578946,0.16574585635359115,1.0,0.0,1.0,0.0,0.0,0.0,0.03190023925179439,0.36619718309859156,0.7142857142857142,0.039158625619033036
1824,0.8,0.0,1.0,0.0,0.0,0.6666666666666666,0.30263157894736836,0.4981808381619728,1.0,0.0,1.0,0.0,0.0,0.5,0.048167071779354136,0.8028169014084507,0.42857142857142855,0.17708492877929238
1825,0.32857142857142857,1.0,1.0,0.0,0.5,0.3333333333333333,0.256578947368421,0.186902034766204,1.0,1.0,0.0,0.0,0.0,0.5,0.04182375117813383,0.028169014084507043,0.5714285714285714,0.053109205085005357
1826,0.7428571428571429,0.0,1.0,1.0,1.0,0.3333333333333333,0.5131578947368421,0.6938418002964559,0.0,0.0,0.0,0.0,0.0,0.5,0.07861931605996479,0.028169014084507043,0.2857142857142857,0.32895542962168783
1827,0.9857142857142858,1.0,0.0,1.0,0.0,0.3333333333333333,0.6052631578947368,0.9999999999999999,1.0,0.0,0.0,0.0,0.0,0.5,0.08691261613033525,0.9859154929577465,0.42857142857142855,0.35532815132485834
1828,0.6,0.0,1.0,0.0,0.0,0.3333333333333333,0.07236842105263158,0.17463953645061311,1.0,1.0,0.0,1.0,0.0,0.0,0.015518488481686868,0.6056338028169014,0.5714285714285714,0.04962475111043039
1829,0.8428571428571429,1.0,1.0,1.0,0.0,0.3333333333333333,0.5460526315789473,0.823608678075731,1.0,1.0,0.0,0.0,0.0,1.0,0.0830348727615457,0.8450704225352113,0.7142857142857142,0.19493796906111197
1830,0.8142857142857143,1.0,1.0,0.0,0.0,1.0,0.618421052631579,0.88074383506266,0.0,0.0,0.0,0.0,0.0,0.5,0.09324319932399493,0.8169014084507042,0.2857142857142857,0.41747077143003014
1831,0.6857142857142857,0.0,1.0,0.0,0.5,0.6666666666666666,0.45394736842105265,0.5838835736423662,1.0,1.0,1.0,1.0,0.0,0.0,0.07041874242628247,0.056338028169014086,0.7142857142857142,0.13817200183795375
1832,0.5857142857142857,1.0,1.0,0.0,0.0,0.0,0.6578947368421053,0.6748416655437273,1.0,1.0,0.0,1.0,0.0,0.5,0.09950181769220412,0.5915492957746479,0.7142857142857142,0.15971052228518917
1833,0.9285714285714286,0.0,1.0,1.0,0.0,0.6666666666666666,0.2236842105263158,0.474194852445762,1.0,1.0,1.0,1.0,0.0,0.5,0.03725759003798589,0.9295774647887324,0.8571428571428571,0.09609325427214845
1834,0.14285714285714285,1.0,1.0,1.0,0.0,0.3333333333333333,0.5526315789473684,0.1509230561918879,0.0,0.0,1.0,1.0,1.0,0.5,0.0839688115842687,0.15492957746478875,0.7142857142857142,0.03564864450911319
1835,0.24285714285714283,0.0,1.0,1.0,1.0,1.0,0.44736842105263164,0.21088802048241476,1.0,0.0,0.0,0.0,0.0,0.5,0.06948371557231124,0.0,0.42857142857142855,0.07504020523816818
1836,0.7285714285714286,1.0,1.0,1.0,1.0,0.0,0.21710526315789472,0.36450613124915776,1.0,1.0,1.0,1.0,0.0,0.5,0.0360871456535924,0.028169014084507043,1.0,0.06453419359779446
1837,0.6428571428571429,1.0,1.0,1.0,1.0,0.6666666666666666,0.4671052631578947,0.5573372860800431,0.0,1.0,1.0,0.0,0.0,0.5,0.07183543007007336,0.014084507042253521,0.7142857142857142,0.13188594475927912
1838,0.6142857142857143,0.0,1.0,0.0,0.0,1.0,0.3355263157894737,0.4178682118312896,1.0,1.0,0.0,0.0,0.0,1.0,0.05353011738497129,0.619718309859155,0.42857142857142855,0.1485583550313984
1839,0.3,1.0,1.0,0.0,0.5,1.0,0.12499999999999997,0.11332704487265866,0.0,1.0,1.0,1.0,0.0,0.5,0.023434153028874992,0.014084507042253521,0.7142857142857142,0.02674605605758922
1840,0.7428571428571429,1.0,1.0,0.0,0.0,0.3333333333333333,0.11842105263157895,0.26357633742083275,0.0,1.0,0.0,1.0,0.0,0.0,0.021837710952643467,0.7464788732394366,0.5714285714285714,0.07489661510185328
1841,0.8285714285714286,1.0,1.0,1.0,0.0,0.6666666666666666,0.4736842105263158,0.724295916992319,0.0,1.0,1.0,0.0,0.0,0.5,0.07289253821946037,0.8309859154929577,0.7142857142857142,0.171421095624649
1842,0.41428571428571426,0.0,0.0,0.0,0.0,0.3333333333333333,0.4736842105263158,0.3669316803665274,1.0,1.0,1.0,1.0,0.0,1.0,0.07279296261388626,0.4225352112676056,0.5714285714285714,0.10426558431612803
1843,0.09999999999999999,1.0,1.0,0.0,0.0,0.3333333333333333,0.35526315789473684,0.07653954992588599,1.0,0.0,0.0,1.0,1.0,0.5,0.05537229029217719,0.11267605633802817,0.5714285714285714,0.021749119313830605
1844,0.8,0.0,0.0,1.0,0.0,0.0,0.3355263157894737,0.5372591294973723,1.0,1.0,0.0,1.0,0.0,0.5,0.05296228318203615,0.8028169014084507,0.5714285714285714,0.1526650329300046
1845,0.2714285714285714,1.0,0.0,0.0,1.0,0.0,0.11842105263157895,0.09836949198221262,0.0,1.0,0.0,1.0,0.0,0.5,0.021866163996229974,0.0,0.42857142857142855,0.03507428396385358
1846,0.34285714285714286,1.0,1.0,1.0,0.0,0.0,0.2828947368421052,0.20886672955127342,0.0,1.0,0.0,1.0,0.0,0.5,0.04576814326107446,0.35211267605633806,0.7142857142857142,0.04936947975698167
1847,0.2571428571428571,0.0,1.0,1.0,0.0,0.6666666666666666,0.5789473684210527,0.27098773750168437,1.0,0.0,0.0,1.0,0.0,0.5,0.08725631231707923,0.26760563380281693,0.5714285714285714,0.07700260376780518
1848,0.05714285714285714,1.0,1.0,1.0,0.0,0.6666666666666666,0.5657894736842105,0.07047567713246192,0.0,1.0,0.0,0.0,1.0,0.0,0.08803016022620169,0.07042253521126761,0.5714285714285714,0.02002603767805177
1849,0.3714285714285714,0.0,1.0,0.0,0.0,0.3333333333333333,0.4407894736842105,0.31451286888559493,0.0,0.0,1.0,1.0,0.0,0.0,0.06876810835340524,0.38028169014084506,0.42857142857142855,0.11184714351355492
1850,0.5571428571428572,1.0,1.0,0.0,0.0,0.0,0.6578947368421053,0.6423662579167227,1.0,0.0,1.0,0.0,0.0,0.5,0.09945805843543827,0.5633802816901409,0.5714285714285714,0.1825317812835044
1851,0.35714285714285715,0.0,1.0,1.0,0.0,0.6666666666666666,0.5921052631578947,0.3808112114270314,1.0,0.0,1.0,1.0,0.0,1.0,0.08975567316754875,0.36619718309859156,0.7142857142857142,0.09008526063205187
1852,0.3714285714285714,0.0,1.0,1.0,0.0,0.0,0.09868421052631579,0.1228944886133944,1.0,0.0,1.0,1.0,0.0,1.0,0.019129402729779733,0.38028169014084506,0.7142857142857142,0.029011589319446574
1853,0.8714285714285714,0.0,1.0,1.0,0.0,1.0,0.26315789473684215,0.4989893545344293,1.0,1.0,1.0,0.0,0.0,0.5,0.043309719984190205,0.8732394366197184,0.7142857142857142,0.11806938275386736
1854,0.7000000000000001,1.0,0.0,1.0,0.0,0.6666666666666666,0.09210526315789472,0.22099447513812154,0.0,1.0,1.0,1.0,0.0,0.5,0.017983034872761542,0.7042253521126761,0.7142857142857142,0.05224128248327973
1855,0.5857142857142857,0.0,1.0,1.0,0.0,1.0,0.3092105263157895,0.37555585500606387,0.0,0.0,0.0,1.0,0.0,0.5,0.04966114626812082,0.5915492957746479,0.42857142857142855,0.13352925409710523
1856,0.39999999999999997,0.0,0.0,1.0,0.0,0.6666666666666666,0.5131578947368421,0.38067645869828864,1.0,1.0,0.0,0.0,0.0,0.0,0.07907309304819786,0.4084507042253521,0.42857142857142855,0.13534806249042733
1857,0.5428571428571429,1.0,0.0,1.0,0.0,0.6666666666666666,0.10526315789473684,0.18353321654763508,1.0,1.0,1.0,1.0,0.0,0.5,0.02005848377196162,0.5492957746478874,0.8571428571428571,0.037098221123339825
1858,0.8428571428571429,0.0,0.0,0.0,0.0,1.0,0.5855263157894737,0.8721196604231235,1.0,0.0,0.0,0.0,0.0,0.5,0.0886899151743638,0.8450704225352113,0.14285714285714285,0.6203476795833972
1859,0.5714285714285715,0.0,0.0,1.0,1.0,1.0,0.375,0.42069801913488747,0.0,0.0,0.0,1.0,0.0,0.5,0.058895197811544564,0.014084507042253521,0.2857142857142857,0.199596671261551
1860,0.45714285714285713,0.0,1.0,0.0,0.0,0.6666666666666666,0.493421052631579,0.4197547500336882,0.0,0.0,1.0,1.0,0.0,0.5,0.07617170765144374,0.4647887323943662,0.42857142857142855,0.14922844233420127
1861,0.21428571428571427,1.0,1.0,1.0,0.0,1.0,0.032894736842105254,0.05066702600727664,0.0,0.0,0.0,1.0,0.0,0.5,0.00977851083883129,0.22535211267605634,0.5714285714285714,0.014397304334507581
1862,0.3142857142857143,1.0,1.0,1.0,1.0,0.6666666666666666,0.06578947368421054,0.08893680097021964,0.0,0.0,1.0,0.0,0.0,0.5,0.014424456009507026,0.0,0.5714285714285714,0.025271863991422883
1863,0.0857142857142857,0.0,1.0,1.0,1.0,0.6666666666666666,0.4144736842105263,0.07519202263845842,1.0,0.0,0.0,0.0,1.0,0.5,0.06382119294466136,0.0,0.42857142857142855,0.026841782815132487
1864,0.35714285714285715,0.0,0.0,1.0,1.0,0.6666666666666666,0.5526315789473684,0.36127206575933163,1.0,1.0,1.0,0.0,0.0,0.0,0.08449938374537809,0.014084507042253521,0.5714285714285714,0.10265737478940114
1865,0.15714285714285714,1.0,0.0,1.0,0.5,0.6666666666666666,0.5789473684210527,0.1715402236895297,0.0,0.0,0.0,0.0,0.0,0.5,0.08788878416588124,0.014084507042253521,0.2857142857142857,0.08159748812988206
1866,0.05714285714285714,1.0,1.0,0.0,0.0,0.6666666666666666,0.45394736842105265,0.058347931545613796,1.0,1.0,0.0,0.0,1.0,0.0,0.07106503298774741,0.07042253521126761,0.5714285714285714,0.016579874406494104
1867,0.9714285714285714,1.0,1.0,0.0,0.0,0.3333333333333333,0.13815789473684212,0.37124376768629563,0.0,0.0,0.0,0.0,0.0,0.5,0.024628119493504894,0.971830985915493,0.2857142857142857,0.17617552458263133
1868,0.6857142857142857,1.0,1.0,1.0,0.5,1.0,0.13157894736842105,0.25912949737232177,1.0,1.0,0.0,0.0,0.0,0.0,0.024062782511685164,0.056338028169014086,0.7142857142857142,0.061271506611528054
1869,0.35714285714285715,1.0,1.0,1.0,1.0,0.6666666666666666,0.5855263157894737,0.3762296186497776,0.0,1.0,0.0,0.0,0.0,0.5,0.08852316392372943,0.014084507042253521,0.5714285714285714,0.10690764282432226
1870,0.05714285714285714,0.0,1.0,0.0,0.5,0.6666666666666666,0.07894736842105263,0.020751920226384585,0.0,0.0,1.0,1.0,0.0,0.0,0.018473138548539117,0.0,0.42857142857142855,0.00750497779139225
1871,0.3,0.0,1.0,1.0,1.0,0.6666666666666666,0.45394736842105265,0.26290257377711895,0.0,1.0,0.0,0.0,0.0,0.5,0.07098791877302715,0.0,0.42857142857142855,0.09351546944401899
1872,0.17142857142857143,0.0,0.0,0.0,0.0,0.0,0.35526315789473684,0.12491577954453577,0.0,0.0,0.0,0.0,0.0,0.0,0.05502791270934532,0.18309859154929578,0.0,0.179621687854189
1873,0.3857142857142857,0.0,1.0,0.0,0.0,0.6666666666666666,0.2828947368421052,0.23285271526748416,1.0,0.0,0.0,1.0,0.0,1.0,0.04544230510300256,0.3943661971830986,0.42857142857142855,0.08284193597794455
1874,0.45714285714285713,1.0,0.0,0.0,1.0,0.6666666666666666,0.29605263157894735,0.28230696671607597,0.0,0.0,0.0,0.0,0.0,0.5,0.04703967097935052,0.014084507042253521,0.14285714285714285,0.20135166181651096
1875,0.3142857142857143,1.0,1.0,1.0,0.5,1.0,0.625,0.354399676593451,1.0,1.0,1.0,0.0,0.0,1.0,0.09515223538089579,0.014084507042253521,0.8571428571428571,0.07177865785615824
1876,0.24285714285714283,1.0,0.0,1.0,1.0,1.0,0.5723684210526315,0.2556259264250101,0.0,1.0,1.0,1.0,0.0,0.5,0.08686773484134465,0.0,0.7142857142857142,0.060441874712819726
1877,0.41428571428571426,1.0,1.0,1.0,0.5,0.6666666666666666,0.5723684210526315,0.4287831828594529,1.0,0.0,0.0,0.0,0.0,0.5,0.08721332076657241,0.028169014084507043,0.5714285714285714,0.12184101700107215
1878,0.35714285714285715,1.0,0.0,0.0,0.0,0.0,0.26973684210526316,0.21142703139738578,0.0,1.0,1.0,0.0,0.0,0.5,0.044189081418110635,0.36619718309859156,0.42857142857142855,0.07523165875325472
1879,0.21428571428571427,0.0,1.0,0.0,0.0,0.6666666666666666,0.07236842105263158,0.06400754615280958,1.0,1.0,1.0,0.0,0.0,0.5,0.01561027332704995,0.22535211267605634,0.5714285714285714,0.018188083933221015
1880,0.5428571428571429,1.0,1.0,0.0,1.0,0.6666666666666666,0.6578947368421053,0.6299690068723891,1.0,1.0,0.0,1.0,0.0,0.5,0.10012325092438193,0.014084507042253521,0.7142857142857142,0.14908485219788636
1881,0.45714285714285713,1.0,1.0,0.0,0.0,0.0,0.09868421052631579,0.1524053362080582,1.0,0.0,1.0,1.0,0.0,0.5,0.019507040242195753,0.4647887323943662,0.7142857142857142,0.035999642620105174
1882,0.35714285714285715,0.0,0.0,0.0,0.0,0.0,0.3421052631578947,0.25010106454655706,0.0,0.0,1.0,1.0,0.0,1.0,0.05459290944682085,0.36619718309859156,0.2857142857142857,0.11880328789503243
1883,0.6714285714285715,1.0,1.0,0.0,0.0,0.0,0.1776315789473684,0.29834254143646405,1.0,1.0,0.0,1.0,0.0,0.5,0.03055293748036443,0.676056338028169,0.7142857142857142,0.0705570020932251
1884,0.9142857142857143,1.0,1.0,0.0,0.0,0.6666666666666666,0.3421052631578947,0.6205363158603961,1.0,0.0,1.0,0.0,0.0,1.0,0.05378090335677517,0.9154929577464789,0.5714285714285714,0.17632868739470056
1885,0.5285714285714286,1.0,1.0,0.0,0.0,1.0,0.20394736842105263,0.25778197008489423,1.0,0.0,1.0,0.0,0.0,0.0,0.03459993055211072,0.5352112676056339,0.5714285714285714,0.07325011487210904
1886,0.014285714285714285,1.0,1.0,1.0,0.5,0.6666666666666666,0.5921052631578947,0.028702331222207247,1.0,0.0,1.0,0.0,1.0,0.5,0.09377945334590009,0.0,0.7142857142857142,0.006707254811865013
1887,0.07142857142857142,1.0,0.0,1.0,0.0,0.0,0.6381578947368421,0.09095809190136099,1.0,1.0,0.0,1.0,1.0,0.5,0.09503612943763744,0.08450704225352113,0.7142857142857142,0.02144917547352836
1888,0.6428571428571429,1.0,1.0,0.0,0.0,1.0,0.2763157894736842,0.37649912410726316,0.0,0.0,0.0,1.0,0.0,0.0,0.044338810801950575,0.647887323943662,0.42857142857142855,0.13386429774850667
1889,0.7000000000000001,1.0,1.0,1.0,1.0,0.6666666666666666,0.05263157894736842,0.18083816197277994,1.0,1.0,1.0,0.0,0.0,0.0,0.01236569274269557,0.028169014084507043,0.8571428571428571,0.036551211080235436
1890,0.5285714285714286,0.0,0.0,1.0,0.0,0.0,0.4407894736842105,0.4401024120738445,0.0,0.0,1.0,0.0,0.0,0.5,0.0681581427650181,0.5352112676056339,0.2857142857142857,0.20878643998570479
1891,0.24285714285714283,0.0,0.0,0.0,1.0,0.0,0.24999999999999997,0.13852580514755422,1.0,0.0,0.0,0.0,0.0,0.5,0.04136558801968792,0.0,0.14285714285714285,0.09921121151784347
1892,0.3714285714285714,0.0,0.0,0.0,0.0,0.6666666666666666,0.6513157894736842,0.42959169923190943,1.0,0.0,1.0,0.0,0.0,0.5,0.09857925786295249,0.38028169014084506,0.2857142857142857,0.20380864859345482
1893,0.5714285714285715,1.0,1.0,0.0,1.0,0.3333333333333333,0.05921052631578946,0.15510039078291335,0.0,1.0,0.0,0.0,0.0,0.5,0.013585894577136156,0.014084507042253521,0.42857142857142855,0.0552247664267116
1894,0.22857142857142856,1.0,1.0,1.0,0.0,0.3333333333333333,0.07894736842105263,0.06953240803126262,1.0,0.0,0.0,1.0,0.0,0.5,0.016188944946498862,0.23943661971830987,0.7142857142857142,0.01637565732373513
1895,0.8714285714285714,0.0,1.0,0.0,0.0,0.6666666666666666,0.4605263157894737,0.750976957283385,1.0,1.0,1.0,0.0,0.0,0.5,0.07173694931744246,0.8732394366197184,0.5714285714285714,0.21339408791545414
1896,0.39999999999999997,0.0,0.0,1.0,1.0,0.3333333333333333,0.5,0.3724565422449804,1.0,1.0,0.0,1.0,0.0,0.5,0.07709057817933634,0.014084507042253521,0.5714285714285714,0.10583550313983765
1897,0.8142857142857143,0.0,1.0,0.0,0.5,1.0,0.3157894736842105,0.5229753402506401,1.0,0.0,1.0,0.0,0.0,0.5,0.05009912574344308,0.056338028169014086,0.42857142857142855,0.1858917904732731
1898,0.9857142857142858,0.0,1.0,1.0,0.0,0.0,0.18421052631578946,0.4484570812558954,0.0,0.0,1.0,0.0,0.0,0.5,0.031802881378753194,0.9859154929577465,0.42857142857142855,0.15942334201255937
1899,0.3,0.0,1.0,0.0,1.0,0.3333333333333333,0.20394736842105263,0.14822800161703273,0.0,1.0,1.0,0.0,0.0,0.0,0.03453003170251049,0.0,0.42857142857142855,0.05278373410935825
1900,0.07142857142857142,1.0,1.0,0.0,0.0,1.0,0.2236842105263158,0.041099582266540896,0.0,1.0,0.0,1.0,0.0,0.5,0.03691486019478479,0.08450704225352113,0.5714285714285714,0.011678664420278756
1901,0.35714285714285715,1.0,0.0,1.0,1.0,0.6666666666666666,0.1513157894736842,0.1476889907020617,1.0,1.0,1.0,0.0,0.0,0.5,0.02704270282027115,0.014084507042253521,0.7142857142857142,0.03488283044876704
1902,0.5428571428571429,1.0,1.0,0.0,0.0,0.3333333333333333,0.5657894736842105,0.5508691551003907,1.0,0.0,1.0,1.0,0.0,0.5,0.08593731119650064,0.5492957746478874,0.7142857142857142,0.13035431663858682
1903,0.15714285714285714,1.0,1.0,0.0,0.0,0.6666666666666666,0.04605263157894737,0.04392938957013879,1.0,0.0,1.0,1.0,0.0,0.5,0.013509267986176562,0.16901408450704225,0.7142857142857142,0.010312962679328125
1904,0.1857142857142857,0.0,0.0,1.0,0.0,0.6666666666666666,1.0,0.11211427031397385,0.0,0.0,0.0,0.0,0.0,0.5,0.043759256765854314,0.1971830985915493,0.14285714285714285,0.08044876703936285
1905,0.3,0.0,1.0,1.0,0.0,0.6666666666666666,0.493421052631579,0.2813636976148767,1.0,1.0,1.0,0.0,0.0,0.5,0.07685716733784594,0.3098591549295775,0.7142857142857142,0.06653647827640782
1906,0.7142857142857143,0.0,1.0,1.0,0.0,0.3333333333333333,0.006578947368421045,0.1370435251313839,1.0,0.0,1.0,0.0,0.0,0.5,0.0058583282511873724,0.7183098591549296,0.5714285714285714,0.03894164496860162
1907,0.3142857142857143,1.0,0.0,1.0,0.0,0.3333333333333333,0.5789473684210527,0.33297399272335265,0.0,0.0,0.0,0.0,0.0,0.0,0.08863664303569233,0.323943661971831,0.2857142857142857,0.15805125848777252
1908,0.6714285714285715,1.0,0.0,0.0,0.0,0.6666666666666666,0.4671052631578947,0.5846920900148228,1.0,0.0,0.0,1.0,0.0,0.5,0.07227851083883129,0.676056338028169,0.42857142857142855,0.20781321795068158
1909,1.0,0.0,1.0,0.0,0.0,0.3333333333333333,0.05263157894736842,0.25953375555855007,0.0,0.0,0.0,1.0,0.0,0.5,0.012557911085741592,1.0,0.2857142857142857,0.12327053658038495
1910,0.7000000000000001,1.0,1.0,1.0,0.0,0.6666666666666666,0.5921052631578947,0.7358846516641961,1.0,0.0,1.0,1.0,0.0,0.0,0.09000942507068803,0.7042253521126761,0.8571428571428571,0.14920792945758485
1911,0.17142857142857143,0.0,1.0,1.0,1.0,0.3333333333333333,0.3223684210526315,0.11777388492116964,0.0,0.0,0.0,0.0,0.0,0.0,0.051185383890379174,0.0,0.2857142857142857,0.05613417062337265
1912,0.12857142857142856,1.0,0.0,1.0,0.0,1.0,0.4342105263157895,0.11427031397385795,1.0,0.0,0.0,1.0,1.0,0.5,0.06804901036757775,0.14084507042253522,0.5714285714285714,0.032470516158676674
1913,0.7714285714285715,1.0,0.0,1.0,0.5,0.6666666666666666,0.5855263157894737,0.7989489287158065,0.0,1.0,1.0,0.0,0.0,0.5,0.08864707394396366,0.056338028169014086,0.5714285714285714,0.22702557818961555
1914,0.11428571428571427,1.0,1.0,1.0,1.0,0.6666666666666666,0.5855263157894737,0.12976687777927504,1.0,0.0,0.0,0.0,1.0,0.5,0.0891192795057074,0.0,0.5714285714285714,0.03687394700566703
1915,0.7285714285714286,1.0,1.0,1.0,0.5,0.6666666666666666,0.26973684210526316,0.42568387009836944,1.0,0.0,0.0,0.0,0.0,1.0,0.04431595736968027,0.056338028169014086,0.5714285714285714,0.12096033083167408
1916,0.014285714285714285,1.0,1.0,1.0,1.0,0.6666666666666666,0.15789473684210528,0.011858240129362619,1.0,0.0,0.0,0.0,0.0,0.5,0.03487276154571159,0.0,0.5714285714285714,0.0033695818655230508
1917,0.34285714285714286,0.0,1.0,0.0,0.0,0.0,0.17105263157894737,0.15361811076674303,0.0,1.0,0.0,1.0,0.0,1.0,0.030311027332704993,0.35211267605633806,0.42857142857142855,0.05469826926022362
1918,0.17142857142857143,1.0,1.0,0.0,0.0,0.6666666666666666,0.506578947368421,0.1681714054709608,0.0,1.0,0.0,0.0,0.0,0.5,0.0783005872544044,0.18309859154929578,0.42857142857142855,0.059867514167560115
1919,0.7142857142857143,1.0,0.0,1.0,0.0,0.3333333333333333,0.6118421052631579,0.7734806629834253,1.0,0.0,1.0,0.0,0.0,0.0,0.093141875034651,0.7183098591549296,0.5714285714285714,0.21978863531934445
1920,0.8142857142857143,1.0,1.0,0.0,0.0,0.0,0.05263157894736842,0.2098099986524727,0.0,0.0,0.0,0.0,0.0,0.5,0.012333842503818776,0.8169014084507042,0.2857142857142857,0.09972175422474089
1921,0.4714285714285714,0.0,1.0,0.0,1.0,0.0,0.013157894736842118,0.09513542649238646,0.0,0.0,1.0,1.0,0.0,0.5,0.006763874258468701,0.014084507042253521,0.42857142857142855,0.033925562873334356
1922,0.4857142857142857,1.0,1.0,0.0,0.0,0.6666666666666666,0.5460526315789473,0.4789111979517585,1.0,1.0,0.0,1.0,0.0,1.0,0.08288676450787666,0.49295774647887325,0.7142857142857142,0.11331495379588502
1923,0.028571428571428574,1.0,1.0,1.0,0.0,0.3333333333333333,0.256578947368421,0.02182994205632664,1.0,1.0,1.0,0.0,0.0,0.0,0.04209864907320138,0.04225352112676056,0.8571428571428571,0.00427761853707634
1924,0.8285714285714286,0.0,1.0,0.0,0.5,0.0,0.18421052631578946,0.3759601131922921,0.0,1.0,1.0,1.0,0.0,0.0,0.031597948849023144,0.056338028169014086,0.5714285714285714,0.10683106141828763
1925,0.9857142857142858,1.0,1.0,0.0,0.0,1.0,0.12499999999999997,0.36612316399407085,1.0,1.0,0.0,0.0,0.0,0.5,0.023576141106772586,0.9859154929577465,0.5714285714285714,0.1040358400980242
1926,0.6714285714285715,0.0,1.0,1.0,0.0,0.3333333333333333,0.2302631578947368,0.3508961056461393,1.0,1.0,0.0,1.0,0.0,0.0,0.03821080741438894,0.676056338028169,0.7142857142857142,0.08300148057385
1927,0.9,0.0,1.0,1.0,0.0,0.6666666666666666,0.6447368421052632,0.9999999999999999,1.0,0.0,0.0,0.0,0.0,0.5,0.09629771442035814,0.9014084507042254,0.42857142857142855,0.35532815132485834
1928,0.2571428571428571,1.0,1.0,0.0,1.0,0.6666666666666666,0.6447368421052632,0.2991510578089206,1.0,0.0,0.0,0.0,0.0,0.0,0.0976238900739124,0.0,0.42857142857142855,0.10639071833358861
1929,0.9428571428571428,1.0,0.0,0.0,1.0,0.3333333333333333,0.2236842105263158,0.4762161433769034,0.0,1.0,1.0,0.0,0.0,1.0,0.036715573874266744,0.028169014084507043,0.42857142857142855,0.169283198039516
1930,0.05714285714285714,0.0,1.0,0.0,0.0,0.3333333333333333,0.6381578947368421,0.07802182994205631,1.0,0.0,0.0,0.0,1.0,0.5,0.09858623939679546,0.07042253521126761,0.2857142857142857,0.03730790830652984
1931,0.9428571428571428,1.0,1.0,0.0,0.0,1.0,0.19736842105263155,0.45047837218703674,1.0,0.0,0.0,0.0,0.0,0.5,0.034028725364693965,0.943661971830986,0.42857142857142855,0.16014129269413388
1932,0.14285714285714285,1.0,0.0,0.0,0.0,0.6666666666666666,0.5657894736842105,0.15563940169788437,1.0,0.0,0.0,0.0,1.0,1.0,0.08696769771227829,0.15492957746478875,0.2857142857142857,0.07406698320314495
1933,0.9571428571428572,0.0,1.0,1.0,0.0,0.0,0.14473684210526314,0.37649912410726316,1.0,0.0,0.0,0.0,0.0,0.0,0.025724898819094087,0.9577464788732395,0.42857142857142855,0.13386429774850667
1934,0.9714285714285714,1.0,0.0,1.0,0.5,0.6666666666666666,0.5460526315789473,0.9516237703813502,1.0,1.0,1.0,1.0,0.0,0.5,0.08345968391864388,0.07042253521126761,0.8571428571428571,0.19299608340809138
1935,0.0,1.0,1.0,0.0,0.0,0.3333333333333333,0.23684210526315788,0.0045815927772537395,0.0,1.0,0.0,1.0,0.0,0.5,0.03204524033930255,0.014084507042253521,0.5714285714285714,0.0013018839025884515
1936,0.8857142857142858,1.0,0.0,1.0,0.0,1.0,0.13157894736842105,0.3347257781970085,1.0,1.0,0.0,1.0,0.0,0.5,0.02417605433628054,0.8873239436619719,0.7142857142857142,0.07917241027211926
1937,0.39999999999999997,1.0,0.0,1.0,1.0,1.0,0.618421052631579,0.4437407357498989,0.0,0.0,1.0,1.0,0.0,1.0,0.09428320712405343,0.014084507042253521,0.5714285714285714,0.12609128503599326
1938,0.15714285714285714,1.0,0.0,0.0,1.0,1.0,0.14473684210526314,0.06562457889772266,1.0,0.0,0.0,0.0,0.0,0.5,0.026154571159283692,0.0,0.2857142857142857,0.031436667177209374
1939,0.5714285714285715,1.0,1.0,0.0,0.5,0.3333333333333333,0.6578947368421053,0.6579975744508826,1.0,1.0,1.0,0.0,0.0,0.5,0.0993770258154985,0.04225352112676056,0.7142857142857142,0.15572190738755295
1940,0.014285714285714285,1.0,1.0,1.0,0.0,0.3333333333333333,0.07236842105263158,0.005794367335938553,1.0,0.0,0.0,0.0,0.0,0.0,0.013666352497643731,0.028169014084507043,0.5714285714285714,0.0016465002297442182
1941,0.5142857142857143,1.0,1.0,1.0,0.0,0.3333333333333333,0.006578947368421045,0.10429861204689393,0.0,1.0,0.0,1.0,0.0,0.5,0.006877754285859846,0.5211267605633803,0.7142857142857142,0.02460815847245622
1942,0.6285714285714286,0.0,1.0,1.0,0.0,0.3333333333333333,0.5789473684210527,0.6469478506939765,0.0,0.0,1.0,1.0,0.0,0.5,0.08765315739868049,0.6338028169014085,0.5714285714285714,0.18383366518609282
1943,0.6714285714285715,1.0,0.0,1.0,0.5,0.6666666666666666,0.38815789473684215,0.5073440237164802,1.0,1.0,1.0,0.0,0.0,0.0,0.0610076971410619,0.056338028169014086,0.7142857142857142,0.12004773574309492
1944,0.32857142857142857,0.0,1.0,0.0,0.0,0.3333333333333333,0.2828947368421052,0.19876027489556664,1.0,1.0,0.0,0.0,0.0,0.5,0.04527961043041156,0.3380281690140845,0.42857142857142855,0.0707325011487211
1945,0.3,0.0,1.0,1.0,1.0,0.3333333333333333,0.05921052631578946,0.08300768090553833,0.0,1.0,0.0,0.0,0.0,0.5,0.013794876188844143,0.0,0.42857142857142855,0.02961785878388727
1946,0.14285714285714285,1.0,1.0,0.0,1.0,0.3333333333333333,0.381578947368421,0.11427031397385795,1.0,1.0,0.0,0.0,1.0,0.5,0.060663182246594116,0.0,0.5714285714285714,0.032470516158676674
1947,0.8142857142857143,0.0,1.0,0.0,0.0,0.0,0.26315789473684215,0.46018056865651524,0.0,0.0,1.0,0.0,0.0,0.5,0.04252656894926712,0.8169014084507042,0.2857142857142857,0.2182952979016695
1948,0.6428571428571429,0.0,0.0,0.0,0.0,0.6666666666666666,0.3223684210526315,0.4236625791672281,1.0,1.0,1.0,0.0,0.0,0.5,0.051510060238495275,0.647887323943662,0.42857142857142855,0.15061648031857866
1949,0.39999999999999997,0.0,0.0,1.0,0.5,0.6666666666666666,0.42105263157894735,0.3258320980999865,0.0,0.0,0.0,0.0,0.0,0.0,0.0658454938412038,0.028169014084507043,0.14285714285714285,0.23227140450298667
1950,0.4857142857142857,1.0,1.0,1.0,1.0,0.6666666666666666,0.42105263157894735,0.3938822261150788,0.0,1.0,1.0,0.0,0.0,1.0,0.065894708496028,0.014084507042253521,0.7142857142857142,0.09318042579261755
1951,0.19999999999999998,0.0,1.0,1.0,1.0,0.3333333333333333,0.6381578947368421,0.23258320980999864,1.0,1.0,0.0,1.0,0.0,0.5,0.09613572101790763,0.0,0.7142857142857142,0.05498544953285343
1952,0.8428571428571429,1.0,1.0,1.0,0.0,0.6666666666666666,1.0,0.6911467457216008,0.0,0.0,1.0,0.0,0.0,0.0,0.06759346528432296,0.8450704225352113,0.5714285714285714,0.19639301577576962
1953,0.5857142857142857,1.0,1.0,0.0,0.0,0.3333333333333333,0.2236842105263158,0.3035978978574316,1.0,0.0,0.0,0.0,0.0,1.0,0.03767784210762533,0.5915492957746479,0.42857142857142855,0.10797020983305254
1954,0.6,1.0,0.0,1.0,0.5,1.0,0.21710526315789472,0.3050801778736019,1.0,1.0,1.0,1.0,0.0,0.5,0.036735856914275694,0.04225352112676056,0.8571428571428571,0.06176837406734788
1955,0.6857142857142857,1.0,0.0,0.0,0.5,0.0,0.3157894736842105,0.4479180703409244,1.0,0.0,0.0,1.0,0.0,0.5,0.051010790744195886,0.056338028169014086,0.42857142857142855,0.15923188849747283
1956,0.9,0.0,1.0,1.0,0.0,0.6666666666666666,0.17105263157894737,0.3923999460989085,1.0,0.0,0.0,0.0,0.0,0.5,0.029895146088595663,0.9014084507042254,0.42857142857142855,0.1395121764435595
1957,0.44285714285714284,1.0,1.0,1.0,0.0,0.6666666666666666,0.24999999999999997,0.24565422449804608,1.0,1.0,0.0,0.0,0.0,0.0,0.04091069745523091,0.4507042253521127,0.7142857142857142,0.05808061469341911
1958,0.9,0.0,1.0,0.0,0.5,1.0,0.5592105263157895,0.8974531734267618,0.0,0.0,1.0,0.0,0.0,0.5,0.0850907163053723,0.07042253521126761,0.2857142857142857,0.4253841833869403
1959,0.014285714285714285,1.0,1.0,1.0,0.0,0.0,0.5657894736842105,0.02452499663118178,0.0,1.0,1.0,1.0,1.0,0.0,0.07917059377945335,0.028169014084507043,0.8571428571428571,0.004824628580180732
1960,0.32857142857142857,1.0,1.0,1.0,1.0,0.6666666666666666,0.4144736842105263,0.2653281228944886,1.0,1.0,1.0,0.0,0.0,0.5,0.06467954759660698,0.014084507042253521,0.8571428571428571,0.053699975931558105
1961,0.9285714285714286,1.0,1.0,1.0,0.0,0.0,0.38815789473684215,0.6938418002964559,0.0,0.0,0.0,1.0,0.0,1.0,0.06053465855539371,0.9295774647887324,0.5714285714285714,0.19715882983611577
1962,0.5285714285714286,1.0,1.0,1.0,0.5,0.6666666666666666,0.2828947368421052,0.320576741679019,1.0,1.0,0.0,0.0,0.0,0.5,0.0461580435537477,0.04225352112676056,0.7142857142857142,0.07582197375810486
1963,0.42857142857142855,0.0,1.0,0.0,0.5,0.3333333333333333,0.42105263157894735,0.34833580380002693,0.0,1.0,0.0,0.0,0.0,0.5,0.06582347754704934,0.028169014084507043,0.2857142857142857,0.16532649206106093
1964,0.35714285714285715,0.0,1.0,1.0,0.0,0.6666666666666666,0.5328947368421053,0.3484705565287697,1.0,1.0,1.0,0.0,0.0,0.5,0.08105560791705937,0.36619718309859156,0.7142857142857142,0.08242712002859039
1965,0.39999999999999997,0.0,0.0,1.0,0.5,0.0,0.48684210526315785,0.3636976148767012,0.0,0.0,0.0,1.0,0.0,1.0,0.07497806233546751,0.028169014084507043,0.2857142857142857,0.17260172563434933
1966,0.9428571428571428,1.0,0.0,1.0,0.5,0.6666666666666666,0.02631578947368421,0.2098099986524727,0.0,0.0,1.0,1.0,0.0,0.5,0.00890458170973596,0.07042253521126761,0.5714285714285714,0.05961862459794762
1967,0.34285714285714286,1.0,1.0,0.0,1.0,0.0,0.48684210526315785,0.31154830885325424,0.0,1.0,1.0,1.0,0.0,0.5,0.07449575871819039,0.014084507042253521,0.7142857142857142,0.07368407617297187
1968,0.6714285714285715,0.0,1.0,1.0,0.0,1.0,0.4736842105263158,0.5916992319094462,1.0,0.0,0.0,0.0,0.0,0.5,0.07329956016336789,0.676056338028169,0.42857142857142855,0.21030211364680657
1969,0.9142857142857143,0.0,1.0,1.0,0.5,0.0,0.06578947368421054,0.26074653011723486,1.0,1.0,1.0,1.0,0.0,0.0,0.015065612992097441,0.07042253521126761,0.8571428571428571,0.05277005885828064
1970,0.7428571428571429,1.0,1.0,1.0,0.5,0.3333333333333333,0.10526315789473684,0.24740600997170192,1.0,0.0,0.0,1.0,0.0,0.5,0.01970373268365551,0.056338028169014086,0.7142857142857142,0.058495430642773266
1971,0.9428571428571428,1.0,1.0,1.0,0.0,0.6666666666666666,0.5197368421052632,0.8908502897183668,1.0,0.0,0.0,0.0,0.0,0.0,0.08000056269078734,0.943661971830986,0.5714285714285714,0.2531398376474192
1972,0.24285714285714283,1.0,0.0,1.0,1.0,0.6666666666666666,0.368421052631579,0.18232044198895028,1.0,0.0,0.0,0.0,0.0,0.0,0.058383076761964595,0.0,0.42857142857142855,0.06489316893858171
1973,0.11428571428571427,0.0,1.0,1.0,0.0,0.0,0.5460526315789473,0.1207384449535103,0.0,0.0,0.0,1.0,1.0,0.0,0.08210283799350718,0.1267605633802817,0.42857142857142855,0.04301960483994486
1974,0.5285714285714286,0.0,1.0,1.0,0.0,0.0,0.12499999999999997,0.1970084894219108,0.0,0.0,1.0,1.0,0.0,0.5,0.023413859814474927,0.5352112676056339,0.5714285714285714,0.05598100781130341
1975,0.2857142857142857,1.0,1.0,1.0,0.0,0.6666666666666666,0.02631578947368421,0.06535507344023715,1.0,1.0,0.0,0.0,0.0,0.5,0.009200664243077063,0.29577464788732394,0.7142857142857142,0.015386480829121356
1976,0.9142857142857143,1.0,0.0,1.0,0.0,1.0,0.11184210526315788,0.315590890715537,1.0,0.0,1.0,0.0,0.0,0.5,0.020967157253679404,0.9154929577464789,0.5714285714285714,0.08967682646653392
1977,0.2857142857142857,1.0,0.0,0.0,1.0,0.6666666666666666,0.30263157894736836,0.18258994744643578,0.0,1.0,1.0,0.0,0.0,0.5,0.04824738566491629,0.0,0.42857142857142855,0.06498889569612498
1978,0.3714285714285714,1.0,1.0,0.0,0.5,0.6666666666666666,0.3486842105263158,0.2599380137447783,0.0,1.0,0.0,1.0,0.0,1.0,0.054630502321360006,0.028169014084507043,0.5714285714285714,0.07386276612038598
1979,0.9857142857142858,0.0,1.0,1.0,0.0,1.0,0.5657894736842105,0.9973049454251448,1.0,1.0,0.0,0.0,0.0,0.5,0.08664332839639155,0.9859154929577465,0.5714285714285714,0.28338949303109207
1980,0.6142857142857143,1.0,1.0,1.0,1.0,0.3333333333333333,0.4736842105263158,0.5425144859183398,1.0,1.0,1.0,0.0,0.0,0.5,0.0733441864450347,0.014084507042253521,0.8571428571428571,0.10995995886484475
1981,0.3857142857142857,1.0,1.0,0.0,0.0,1.0,0.6578947368421053,0.44616628486726856,0.0,0.0,1.0,0.0,0.0,0.0,0.09872761545711592,0.3943661971830986,0.42857142857142855,0.15860966457344158
1982,0.6285714285714286,1.0,1.0,0.0,0.0,1.0,1.0,0.16628486726856218,0.0,0.0,0.0,1.0,0.0,0.5,0.012943763744894754,0.6338028169014085,0.42857142857142855,0.059197426864757235
1983,0.22857142857142856,1.0,1.0,1.0,0.0,0.3333333333333333,0.09210526315789472,0.07438350626600188,1.0,1.0,1.0,1.0,0.0,0.5,0.01818484226866996,0.23943661971830987,1.0,0.013009266350130189
1984,0.5571428571428572,1.0,1.0,0.0,0.0,0.6666666666666666,0.05921052631578946,0.14984503436194582,0.0,1.0,0.0,0.0,0.0,1.0,0.013336475023562673,0.5633802816901409,0.42857142857142855,0.05335809465461786
1985,0.028571428571428574,0.0,1.0,1.0,0.0,0.0,0.35526315789473684,0.02722005120603692,0.0,1.0,1.0,0.0,1.0,0.5,0.054665409990574926,0.04225352112676056,0.5714285714285714,0.007734722009496094
1986,0.9285714285714286,1.0,1.0,1.0,0.5,0.3333333333333333,0.1776315789473684,0.412073844495351,1.0,0.0,1.0,0.0,0.0,0.5,0.030674320966498157,0.07042253521126761,0.7142857142857142,0.09748812988206464
1987,0.6428571428571429,0.0,0.0,0.0,0.0,0.6666666666666666,0.45394736842105265,0.5445357768494812,0.0,1.0,0.0,1.0,0.0,0.0,0.06988894808015408,0.647887323943662,0.2857142857142857,0.25824526471639353
1988,0.41428571428571426,1.0,1.0,0.0,0.0,0.6666666666666666,0.09210526315789472,0.13165341598167363,1.0,1.0,0.0,0.0,0.0,1.0,0.017939051209550735,0.4225352112676056,0.5714285714285714,0.03741001684790932
1989,0.9714285714285714,0.0,1.0,0.0,0.0,0.3333333333333333,0.07236842105263158,0.2813636976148767,0.0,0.0,0.0,1.0,0.0,0.5,0.015517217828409074,0.971830985915493,0.2857142857142857,0.13360902639505795
1990,0.11428571428571427,0.0,1.0,1.0,0.0,0.3333333333333333,0.3092105263157895,0.0758657862821722,0.0,0.0,0.0,1.0,0.0,0.5,0.04723007644779558,0.1267605633802817,0.42857142857142855,0.02708109970899066
1991,0.14285714285714285,0.0,1.0,1.0,1.0,0.0,0.24999999999999997,0.08408570273548038,1.0,1.0,1.0,0.0,0.0,0.5,0.0414703110273327,0.0,0.7142857142857142,0.019821820595292795
1992,0.9714285714285714,1.0,1.0,0.0,0.0,0.6666666666666666,0.5460526315789473,0.9555315995148901,0.0,1.0,0.0,1.0,0.0,0.0,0.08385581007799588,0.971830985915493,0.5714285714285714,0.27151937509572677
1993,0.9285714285714286,1.0,1.0,1.0,1.0,0.6666666666666666,0.5526315789473684,0.9222476755154291,0.0,0.0,1.0,1.0,0.0,0.5,0.08473995373147117,0.028169014084507043,0.7142857142857142,0.2182952979016695
1994,0.42857142857142855,1.0,1.0,1.0,0.0,0.6666666666666666,0.07894736842105263,0.1311144050667026,0.0,1.0,0.0,0.0,0.0,0.5,0.01681310996929251,0.4366197183098592,0.5714285714285714,0.0372568540358401
1995,0.45714285714285713,1.0,1.0,1.0,0.5,1.0,0.5394736842105263,0.4477833176121816,1.0,1.0,0.0,1.0,0.0,1.0,0.08211235826692943,0.028169014084507043,0.8571428571428571,0.09073255584972541
1996,0.5428571428571429,0.0,1.0,1.0,0.0,0.0,0.375,0.39873332434981806,1.0,0.0,1.0,0.0,0.0,1.0,0.05865293989704923,0.5492957746478874,0.5714285714285714,0.1133021902282126
1997,0.6428571428571429,0.0,1.0,1.0,1.0,0.3333333333333333,0.3355263157894737,0.4356555720253335,0.0,0.0,1.0,0.0,0.0,1.0,0.053333606523788046,0.014084507042253521,0.42857142857142855,0.1548763210292541
1998,0.5142857142857143,0.0,0.0,0.0,0.0,0.6666666666666666,0.06578947368421054,0.14580245249966312,0.0,1.0,0.0,0.0,0.0,0.0,0.01472348880454441,0.5211267605633803,0.14285714285714285,0.10438045642517997
1999,0.8428571428571429,1.0,1.0,0.0,0.0,0.3333333333333333,0.48684210526315785,0.7571755828055518,0.0,1.0,1.0,0.0,0.0,0.0,0.07529060634621426,0.8450704225352113,0.5714285714285714,0.21515546025425025
2000,0.42857142857142855,0.0,1.0,1.0,1.0,0.6666666666666666,0.0394736842105263,0.10780218299420562,1.0,1.0,0.0,0.0,0.0,0.5,0.011553312456295033,0.014084507042253521,0.5714285714285714,0.03063256241384592
2001,0.14285714285714285,0.0,1.0,0.0,1.0,0.6666666666666666,0.18421052631578946,0.06845438620132056,1.0,0.0,1.0,1.0,0.0,1.0,0.031531145574500895,0.0,0.5714285714285714,0.01945167713279216
2002,0.014285714285714285,1.0,0.0,1.0,0.0,1.0,0.06578947368421054,0.006198625522166823,1.0,1.0,1.0,0.0,0.0,0.5,0.015080113100848256,0.028169014084507043,0.7142857142857142,0.0013784653086230663
2003,0.3714285714285714,0.0,1.0,0.0,1.0,0.6666666666666666,0.35526315789473684,0.26330683196334725,0.0,0.0,1.0,0.0,0.0,0.5,0.055503194051733165,0.014084507042253521,0.2857142857142857,0.12505743605452596
2004,0.014285714285714285,0.0,0.0,1.0,0.5,0.6666666666666666,0.4276315789473685,0.021695189327583884,0.0,0.0,1.0,1.0,1.0,0.5,0.06927426955702168,0.0,0.42857142857142855,0.00784002144279369
2005,0.2857142857142857,1.0,0.0,0.0,0.0,0.3333333333333333,0.5921052631578947,0.30548443605983017,0.0,0.0,0.0,0.0,0.0,1.0,0.08917912122436156,0.29577464788732394,0.14285714285714285,0.21781666411395315
2006,0.8142857142857143,1.0,1.0,0.0,0.0,0.6666666666666666,0.48684210526315785,0.7276647352108879,1.0,0.0,0.0,1.0,0.0,0.5,0.07478306087295654,0.8169014084507042,0.5714285714285714,0.20676979629345996
2007,0.05714285714285714,1.0,1.0,1.0,0.0,0.0,0.6381578947368421,0.07546152809594393,1.0,1.0,0.0,1.0,1.0,0.5,0.09500471253534401,0.07042253521126761,0.8571428571428571,0.01516311839485373
2008,0.7285714285714286,1.0,1.0,1.0,0.0,0.6666666666666666,0.506578947368421,0.6718771055113866,0.0,1.0,1.0,1.0,0.0,0.5,0.07743058072935548,0.7323943661971831,0.8571428571428571,0.13621644093385557
2009,0.6285714285714286,0.0,0.0,0.0,0.5,0.6666666666666666,0.19736842105263155,0.3007680905538337,0.0,1.0,0.0,1.0,0.0,0.5,0.033846476070792754,0.04225352112676056,0.2857142857142857,0.14279879511921173
2010,0.2714285714285714,1.0,1.0,1.0,0.0,0.6666666666666666,0.36184210526315785,0.19822126398059559,0.0,0.0,1.0,0.0,0.0,0.0,0.05678605089538172,0.28169014084507044,0.5714285714285714,0.056325624138459186
2011,0.8571428571428572,1.0,1.0,0.0,0.0,0.3333333333333333,0.30263157894736836,0.5395499258859991,1.0,0.0,0.0,0.0,0.0,0.5,0.04888676009332365,0.8591549295774648,0.42857142857142855,0.1917789860621841
2012,0.5285714285714286,0.0,1.0,0.0,1.0,1.0,0.375,0.3884921169653685,1.0,0.0,1.0,0.0,0.0,1.0,0.058658663624187715,0.014084507042253521,0.42857142857142855,0.13812413845918212
2013,0.2714285714285714,1.0,1.0,1.0,0.0,0.0,0.381578947368421,0.20927098773750166,1.0,1.0,0.0,0.0,0.0,0.5,0.06065032987747407,0.28169014084507044,0.7142857142857142,0.04946520651452494
2014,0.34285714285714286,1.0,1.0,0.0,1.0,0.3333333333333333,0.4671052631578947,0.3014418541975475,0.0,0.0,0.0,0.0,0.0,0.5,0.07166823751178134,0.014084507042253521,0.2857142857142857,0.14311788431102263
2015,0.014285714285714285,1.0,1.0,0.0,1.0,0.0,0.05921052631578946,0.007276647352108881,1.0,0.0,1.0,0.0,0.0,0.0,0.018850141376060323,0.0,0.5714285714285714,0.0020676979629345995
2016,0.44285714285714284,0.0,1.0,0.0,1.0,0.6666666666666666,0.493421052631579,0.40668373534564073,0.0,0.0,1.0,0.0,0.0,0.5,0.07610744580584354,0.014084507042253521,0.2857142857142857,0.19295961607188442
2017,0.35714285714285715,1.0,1.0,1.0,1.0,0.0,0.09868421052631579,0.11898665947985446,0.0,0.0,0.0,1.0,0.0,1.0,0.01932139491046183,0.014084507042253521,0.5714285714285714,0.03381069076428243
2018,0.9857142857142858,0.0,1.0,1.0,0.0,1.0,0.019736842105263164,0.20994475138121546,1.0,0.0,1.0,0.0,0.0,0.5,0.007970916924734076,0.9859154929577465,0.5714285714285714,0.059656915300964924
2019,0.5714285714285715,1.0,0.0,1.0,0.0,0.0,0.3421052631578947,0.39644252796119117,1.0,0.0,0.0,0.0,0.0,0.0,0.05475736189972644,0.5774647887323944,0.42857142857142855,0.14094807780670854
2020,0.9428571428571428,0.0,1.0,0.0,0.0,1.0,0.38815789473684215,0.70381350222342,0.0,1.0,0.0,0.0,0.0,0.5,0.06047519236991292,0.943661971830986,0.2857142857142857,0.33367794966048914
2021,0.0,0.0,0.0,0.0,0.0,0.6666666666666666,0.02631578947368421,0.0020212909311413557,1.0,1.0,0.0,0.0,0.0,0.0,0.014137606032045238,0.014084507042253521,0.2857142857142857,0.0013146474702608873
2022,0.7142857142857143,1.0,1.0,0.0,0.5,1.0,0.3421052631578947,0.48969141625117907,1.0,1.0,0.0,0.0,0.0,0.0,0.054221877252314685,0.056338028169014086,0.5714285714285714,0.1391484147648951
2023,0.05714285714285714,1.0,1.0,1.0,0.0,1.0,0.35526315789473684,0.04783721870367875,0.0,1.0,1.0,0.0,1.0,0.0,0.05636192271442035,0.07042253521126761,0.7142857142857142,0.011238321335579721
2024,0.17142857142857143,0.0,0.0,1.0,1.0,1.0,0.0394736842105263,0.04123433499528365,0.0,0.0,1.0,0.0,0.0,0.5,0.010005075038062788,0.0,0.2857142857142857,0.019885638433654977
2025,0.2571428571428571,1.0,1.0,0.0,1.0,0.3333333333333333,0.4736842105263158,0.23137043525131382,0.0,0.0,1.0,0.0,0.0,0.0,0.07267225556823255,0.0,0.42857142857142855,0.08231543881145657
2026,0.15714285714285714,0.0,0.0,0.0,0.0,0.3333333333333333,0.14473684210526314,0.06400754615280958,1.0,0.0,0.0,1.0,0.0,0.5,0.025212064090480678,0.16901408450704225,0.2857142857142857,0.030670853116863225
2027,0.6714285714285715,1.0,0.0,0.0,0.0,1.0,0.5263157894736842,0.6404797197143242,0.0,1.0,0.0,1.0,0.0,0.5,0.08040763430725731,0.676056338028169,0.42857142857142855,0.22762865676213817
2028,0.34285714285714286,1.0,1.0,0.0,0.0,1.0,0.21052631578947364,0.17046220185958766,1.0,1.0,0.0,0.0,0.0,0.5,0.03502356267672007,0.35211267605633806,0.5714285714285714,0.04843773931689386
2029,0.8,0.0,1.0,0.0,1.0,1.0,0.3157894736842105,0.5193370165745856,1.0,1.0,0.0,1.0,0.0,0.5,0.05076310002149577,0.028169014084507043,0.5714285714285714,0.14757236942870272
2030,0.4857142857142857,1.0,1.0,0.0,0.5,1.0,0.5921052631578947,0.513542649238647,1.0,1.0,0.0,1.0,0.0,1.0,0.08980745927023025,0.028169014084507043,0.7142857142857142,0.12151554602542503
2031,0.05714285714285714,0.0,1.0,0.0,0.0,0.3333333333333333,0.5328947368421053,0.06589408435520819,1.0,0.0,0.0,0.0,1.0,1.0,0.08162111215834118,0.07042253521126761,0.2857142857142857,0.03156430285393373
2032,0.3,0.0,1.0,1.0,0.0,0.0,0.5197368421052632,0.2898531195256704,0.0,1.0,1.0,0.0,0.0,0.5,0.07955616485305457,0.3098591549295775,0.5714285714285714,0.08236330219022821
2033,0.8,1.0,1.0,0.0,0.0,0.6666666666666666,0.11184210526315788,0.2752998248214526,0.0,1.0,0.0,0.0,0.0,0.5,0.020817831572333287,0.8028169014084507,0.42857142857142855,0.09791890029100934
2034,0.6571428571428571,1.0,1.0,0.0,1.0,1.0,0.032894736842105254,0.15550464896914162,0.0,1.0,0.0,0.0,0.0,0.5,0.010227204363607193,0.014084507042253521,0.42857142857142855,0.0553683565630265
2035,0.7571428571428571,0.0,1.0,1.0,0.0,0.0,0.4013157894736842,0.5846920900148228,0.0,0.0,1.0,0.0,0.0,0.0,0.06278144308304534,0.7605633802816901,0.42857142857142855,0.20781321795068158
2036,0.028571428571428574,1.0,0.0,1.0,0.0,0.0,0.2763157894736842,0.02452499663118178,1.0,0.0,1.0,0.0,0.0,1.0,0.04838202953188815,0.04225352112676056,0.5714285714285714,0.006968907949149947
2037,0.7428571428571429,0.0,0.0,1.0,1.0,1.0,0.5986842105263158,0.7887077213313569,1.0,1.0,1.0,0.0,0.0,0.5,0.09113865523802749,0.028169014084507043,0.5714285714285714,0.22411548476030022
2038,0.42857142857142855,1.0,1.0,1.0,1.0,0.6666666666666666,0.2302631578947368,0.2273278533890311,0.0,0.0,0.0,0.0,0.0,0.5,0.03852117600559423,0.014084507042253521,0.42857142857142855,0.08087953744830756
2039,0.9714285714285714,0.0,0.0,1.0,1.0,0.6666666666666666,0.2763157894736842,0.566230966177065,0.0,0.0,0.0,1.0,0.0,0.5,0.04439344889289568,0.028169014084507043,0.2857142857142857,0.26851993669270435
2040,0.45714285714285713,1.0,1.0,1.0,0.0,0.0,0.3486842105263158,0.31882495620536316,1.0,1.0,1.0,0.0,0.0,0.5,0.054779653271641957,0.4647887323943662,0.8571428571428571,0.06455812528718027
2041,0.7000000000000001,1.0,1.0,1.0,0.5,1.0,0.5263157894736842,0.6713380945964156,1.0,1.0,0.0,0.0,0.0,0.0,0.08098020735155513,0.056338028169014086,0.7142857142857142,0.15888089038648082
2042,0.21428571428571427,1.0,1.0,1.0,0.0,0.6666666666666666,0.1776315789473684,0.09944751381215468,1.0,1.0,1.0,1.0,0.0,0.0,0.031102733270499526,0.22535211267605634,1.0,0.017460560575892174
2043,0.5428571428571429,1.0,1.0,0.0,0.0,0.3333333333333333,0.625,0.599514890176526,1.0,1.0,0.0,0.0,0.0,0.5,0.09466154329490804,0.5492957746478874,0.5714285714285714,0.17035533772400063
2044,0.6428571428571429,1.0,1.0,1.0,0.0,0.6666666666666666,0.35526315789473684,0.45829403045411665,1.0,0.0,0.0,0.0,0.0,1.0,0.05677580625332951,0.647887323943662,0.5714285714285714,0.13022668096186246
2045,0.6571428571428571,1.0,0.0,1.0,0.0,0.3333333333333333,0.5592105263157895,0.6579975744508826,1.0,1.0,0.0,1.0,0.0,0.5,0.08500611626927627,0.6619718309859155,0.7142857142857142,0.15572190738755295
2046,0.6142857142857143,0.0,0.0,1.0,0.0,0.6666666666666666,0.3486842105263158,0.42541436464088395,1.0,1.0,1.0,0.0,0.0,0.5,0.05472967183617512,0.619718309859155,0.5714285714285714,0.12088374942563947
2047,0.11428571428571427,1.0,1.0,1.0,1.0,0.6666666666666666,0.5131578947368421,0.1162916049049993,1.0,1.0,0.0,1.0,1.0,0.5,0.07864697874122945,0.0,0.8571428571428571,0.02345032054788526
2048,0.7000000000000001,0.0,0.0,1.0,0.0,1.0,0.0394736842105263,0.16790190001347527,1.0,1.0,1.0,1.0,0.0,0.5,0.010556079170593778,0.7042253521126761,0.7142857142857142,0.03966916832593047
2049,0.8428571428571429,1.0,1.0,0.0,1.0,0.6666666666666666,0.5263157894736842,0.8046085433230022,0.0,0.0,0.0,0.0,0.0,1.0,0.08081998114985862,0.028169014084507043,0.2857142857142857,0.381413692755399
2050,0.19999999999999998,0.0,1.0,0.0,0.0,0.3333333333333333,0.3486842105263158,0.14216412882360868,0.0,1.0,0.0,0.0,0.0,0.5,0.05397423814011938,0.2112676056338028,0.2857142857142857,0.06768519936692705
2051,0.49999999999999994,1.0,0.0,1.0,0.0,0.6666666666666666,0.29605263157894735,0.31383910524188113,0.0,1.0,0.0,1.0,0.0,0.5,0.048146402764687395,0.5070422535211268,0.5714285714285714,0.08917904732730894
2052,0.8857142857142858,0.0,1.0,0.0,0.5,0.6666666666666666,0.07894736842105263,0.26101603557472036,0.0,0.0,0.0,0.0,0.0,0.5,0.015992699310324193,0.07042253521126761,0.14285714285714285,0.18622683412467453
2053,0.9714285714285714,0.0,1.0,1.0,0.5,0.3333333333333333,0.493421052631579,0.8764317477428917,0.0,1.0,0.0,1.0,0.0,0.5,0.0758376702318021,0.07042253521126761,0.5714285714285714,0.24904273242456731
2054,0.5714285714285715,0.0,1.0,0.0,0.0,0.6666666666666666,0.09210526315789472,0.18151192561649374,1.0,1.0,0.0,1.0,0.0,0.5,0.01809153812556033,0.5774647887323944,0.5714285714285714,0.05157757696431306
2055,0.32857142857142857,0.0,1.0,0.0,1.0,0.6666666666666666,0.13157894736842105,0.12693707047567712,1.0,1.0,1.0,1.0,0.0,0.5,0.024348099277411252,0.014084507042253521,0.7142857142857142,0.02996885689487926
2056,0.6857142857142857,1.0,1.0,1.0,0.0,0.6666666666666666,0.08552631578947367,0.21371782778601267,0.0,1.0,1.0,1.0,0.0,0.5,0.017580642058897075,0.6901408450704225,0.8571428571428571,0.04322473360610901
2057,0.24285714285714283,0.0,1.0,0.0,1.0,1.0,0.006578947368421045,0.04931949871984907,0.0,1.0,0.0,1.0,0.0,0.0,0.00670227248926589,0.0,0.42857142857142855,0.01765201409097871
2058,0.0857142857142857,1.0,1.0,0.0,0.0,0.6666666666666666,0.4407894736842105,0.07950410995822664,1.0,1.0,1.0,0.0,1.0,0.5,0.06812979668776088,0.09859154929577466,0.7142857142857142,0.018736917343135755
2059,0.04285714285714286,1.0,1.0,0.0,1.0,1.0,0.18421052631578946,0.02492925481741005,0.0,1.0,0.0,1.0,0.0,0.5,0.03369462770970782,0.0,0.5714285714285714,0.007083780058201868
2060,0.9714285714285714,1.0,1.0,0.0,0.0,0.3333333333333333,0.09868421052631579,0.3204419889502762,1.0,0.0,0.0,1.0,0.0,1.0,0.01947847942192899,0.971830985915493,0.5714285714285714,0.09105529177515699
2061,0.8428571428571429,0.0,1.0,0.0,1.0,0.3333333333333333,0.21052631578947364,0.4197547500336882,1.0,1.0,0.0,0.0,0.0,0.5,0.03595664467483506,0.028169014084507043,0.42857142857142855,0.14922844233420127
2062,0.7714285714285715,1.0,0.0,1.0,0.5,0.6666666666666666,0.32894736842105265,0.5171809729147014,1.0,0.0,0.0,1.0,0.0,0.0,0.052814668837289,0.056338028169014086,0.5714285714285714,0.1469597181804258
2063,0.21428571428571427,1.0,1.0,0.0,0.0,0.6666666666666666,0.3355263157894737,0.1495755289044603,1.0,1.0,0.0,0.0,0.0,0.5,0.05301602262016965,0.22535211267605634,0.5714285714285714,0.042502680349211217
2064,0.39999999999999997,1.0,1.0,0.0,1.0,0.6666666666666666,0.24342105263157895,0.2192426896644657,1.0,0.0,1.0,0.0,0.0,0.5,0.040137801033507746,0.014084507042253521,0.5714285714285714,0.062298973809159136
2065,0.3142857142857143,1.0,1.0,0.0,0.0,1.0,0.32894736842105265,0.21317881687104162,0.0,0.0,0.0,1.0,0.0,0.5,0.05220669589804533,0.323943661971831,0.42857142857142855,0.07585388267728596
2066,0.1857142857142857,1.0,1.0,0.0,0.0,0.6666666666666666,0.2828947368421052,0.11696536854871309,1.0,1.0,0.0,0.0,0.0,0.0,0.046182846371347785,0.1971830985915493,0.5714285714285714,0.03323633021902282
2067,0.6857142857142857,0.0,1.0,1.0,1.0,0.0,0.5460526315789473,0.6751111710012128,1.0,0.0,0.0,1.0,0.0,0.5,0.08344072784627517,0.028169014084507043,0.5714285714285714,0.19183642211671006
2068,0.45714285714285713,0.0,1.0,1.0,0.0,0.0,0.019736842105263164,0.09958226654089744,1.0,0.0,1.0,1.0,0.0,0.5,0.008311198697626594,0.4647887323943662,0.7142857142857142,0.02349134630111809
2069,0.34285714285714286,0.0,0.0,1.0,0.0,0.6666666666666666,0.5723684210526315,0.3556124511521358,0.0,1.0,0.0,1.0,0.0,0.0,0.08682375117813383,0.35211267605633806,0.42857142857142855,0.12644547403890335
2070,0.2857142857142857,0.0,1.0,1.0,0.0,0.3333333333333333,0.1644736842105263,0.12720657593316265,0.0,0.0,1.0,0.0,0.0,1.0,0.029801175889771554,0.29577464788732394,0.42857142857142855,0.045317047020983305
2071,0.22857142857142856,0.0,1.0,1.0,1.0,0.6666666666666666,0.48026315789473684,0.21021425683870099,1.0,1.0,1.0,0.0,0.0,0.5,0.07406996728946055,0.0,0.7142857142857142,0.04968856894879256
2072,0.3142857142857143,1.0,1.0,0.0,0.0,0.6666666666666666,0.26973684210526316,0.18515024929254817,1.0,1.0,0.0,0.0,0.0,0.5,0.04368315371060935,0.323943661971831,0.5714285714285714,0.05261142594578037
2073,0.8,1.0,1.0,0.0,0.0,0.6666666666666666,0.19736842105263155,0.3794636841396038,1.0,0.0,1.0,0.0,0.0,0.5,0.03359955024224085,0.8028169014084507,0.5714285714285714,0.10782661969673764
2074,0.8142857142857143,0.0,1.0,0.0,0.5,0.6666666666666666,0.4078947368421053,0.636706643309527,0.0,1.0,0.0,0.0,0.0,0.0,0.06381422860671455,0.056338028169014086,0.2857142857142857,0.301896666156124
2075,0.1857142857142857,0.0,1.0,1.0,1.0,0.0,0.506578947368421,0.18164667834523648,1.0,0.0,0.0,1.0,0.0,0.5,0.07849737444459405,0.0,0.5714285714285714,0.05161586766733037
2076,0.2714285714285714,1.0,0.0,0.0,1.0,1.0,0.29605263157894735,0.17275299824821452,1.0,0.0,1.0,0.0,0.0,0.5,0.04787935909519321,0.0,0.42857142857142855,0.06149486904579568
2077,0.41428571428571426,0.0,1.0,0.0,0.5,0.6666666666666666,0.3092105263157895,0.2685621883843148,1.0,0.0,0.0,0.0,0.0,0.5,0.04985862393967955,0.028169014084507043,0.2857142857142857,0.12754633175065094
2078,0.2571428571428571,1.0,0.0,0.0,0.5,0.3333333333333333,0.0394736842105263,0.06589408435520819,1.0,1.0,1.0,0.0,0.0,1.0,0.011756535542437621,0.014084507042253521,0.5714285714285714,0.018724153775463315
2079,0.7428571428571429,0.0,1.0,1.0,0.0,1.0,0.6118421052631579,0.7985446705295781,0.0,0.0,0.0,1.0,0.0,1.0,0.09243682535166182,0.7464788732394366,0.42857142857142855,0.28377240006126514
2080,0.7857142857142857,0.0,1.0,1.0,0.0,0.6666666666666666,0.5592105263157895,0.7884382158738714,1.0,1.0,1.0,0.0,0.0,0.5,0.08551568601050222,0.7887323943661972,0.7142857142857142,0.1866097411548476
2081,0.3142857142857143,0.0,1.0,0.0,0.5,0.6666666666666666,0.26315789473684215,0.18393747473386335,1.0,1.0,1.0,1.0,0.0,0.5,0.04331434659672991,0.014084507042253521,0.7142857142857142,0.04346632970848012
2082,0.8714285714285714,1.0,1.0,1.0,1.0,1.0,0.506578947368421,0.804743296051745,0.0,0.0,0.0,0.0,0.0,0.5,0.07780243835699735,0.028169014084507043,0.42857142857142855,0.2859741154847603
2083,0.45714285714285713,1.0,0.0,0.0,0.5,0.3333333333333333,0.21052631578947364,0.22651933701657456,0.0,0.0,0.0,1.0,0.0,1.0,0.03521549138891269,0.028169014084507043,0.2857142857142857,0.1076351661816511
2084,0.24285714285714283,0.0,1.0,0.0,0.0,1.0,0.48684210526315785,0.22544131518663252,1.0,1.0,0.0,0.0,0.0,1.0,0.07513875798512934,0.2535211267605634,0.42857142857142855,0.08020945014550468
2085,0.45714285714285713,0.0,1.0,0.0,0.0,0.3333333333333333,0.3421052631578947,0.31653415981673627,0.0,0.0,1.0,1.0,0.0,0.5,0.05429411932710708,0.4647887323943662,0.42857142857142855,0.11256509419512943
2086,0.44285714285714284,1.0,0.0,0.0,0.5,1.0,0.3092105263157895,0.2831154830885325,0.0,1.0,1.0,0.0,0.0,0.0,0.04909872761545712,0.028169014084507043,0.42857142857142855,0.10069497625976413
2087,0.8571428571428572,1.0,0.0,0.0,0.5,1.0,0.0394736842105263,0.20940574046624444,1.0,0.0,0.0,1.0,0.0,0.0,0.011031967985661532,0.07042253521126761,0.42857142857142855,0.0745137080716802
2088,0.7571428571428571,1.0,0.0,0.0,0.5,1.0,0.6381578947368421,0.8459776310470286,1.0,0.0,0.0,0.0,0.0,0.0,0.09662442838691661,0.056338028169014086,0.2857142857142857,0.40100576913258795
2089,0.22857142857142856,1.0,0.0,1.0,0.0,0.0,0.5526315789473684,0.2339307370974262,1.0,1.0,1.0,0.0,0.0,0.0,0.08382768753118588,0.23943661971830987,0.7142857142857142,0.05530453872466432
2090,0.2571428571428571,1.0,1.0,1.0,0.0,0.6666666666666666,0.5263157894736842,0.2527961191214122,1.0,1.0,0.0,1.0,0.0,0.0,0.08055955156505779,0.26760563380281693,0.8571428571428571,0.051156379231122685
2091,0.9857142857142858,0.0,0.0,1.0,1.0,0.3333333333333333,0.20394736842105263,0.47473386336073303,1.0,0.0,1.0,0.0,0.0,0.0,0.03442843678470446,0.028169014084507043,0.42857142857142855,0.16875670087302802
2092,0.4714285714285714,1.0,1.0,1.0,0.5,0.6666666666666666,0.19078947368421054,0.22193774423932083,0.0,1.0,1.0,1.0,0.0,0.5,0.03284914342739923,0.028169014084507043,0.8571428571428571,0.0448931142375774
2093,0.34285714285714286,1.0,0.0,1.0,0.0,1.0,0.381578947368421,0.258455733728608,0.0,0.0,0.0,0.0,0.0,0.5,0.05964184731385486,0.35211267605633806,0.2857142857142857,0.12275999387348752
2094,0.9571428571428572,1.0,0.0,1.0,0.0,1.0,0.5592105263157895,0.9525670394825495,1.0,1.0,1.0,0.0,0.0,0.5,0.08497810057104839,0.9577464788732395,0.7142857142857142,0.22547480471741463
2095,0.14285714285714285,0.0,1.0,0.0,1.0,0.0,0.618421052631579,0.16803665274221802,1.0,1.0,1.0,1.0,1.0,0.5,0.09485048410590352,0.0,0.7142857142857142,0.03970107724511155
2096,0.21428571428571427,1.0,0.0,1.0,1.0,0.6666666666666666,0.1776315789473684,0.10052553564209674,1.0,1.0,1.0,0.0,0.0,1.0,0.03157398680490103,0.0,0.7142857142857142,0.023714708735385715
2097,0.8571428571428572,1.0,1.0,1.0,0.0,1.0,0.4013157894736842,0.6600188653820239,0.0,1.0,0.0,1.0,0.0,0.0,0.06269989647873178,0.8591549295774648,0.7142857142857142,0.1562005411752693
2098,0.0857142857142857,1.0,1.0,0.0,0.0,1.0,0.48026315789473684,0.0843552081929659,0.0,0.0,1.0,1.0,1.0,0.0,0.07297697589874781,0.09859154929577466,0.5714285714285714,0.02396998008883443
2099,0.21428571428571427,0.0,1.0,0.0,0.0,0.0,0.1513157894736842,0.09203611373130305,1.0,1.0,0.0,1.0,0.0,0.0,0.02786286522148916,0.22535211267605634,0.5714285714285714,0.026152550160820954
2100,0.21428571428571427,1.0,0.0,0.0,0.0,0.0,0.26973684210526316,0.12761083411939092,0.0,0.0,0.0,1.0,0.0,1.0,0.04341423185673893,0.22535211267605634,0.2857142857142857,0.06079287282381171
2101,0.5571428571428572,0.0,1.0,0.0,0.5,0.0,0.12499999999999997,0.2076539549925886,1.0,0.0,1.0,0.0,0.0,0.5,0.023444863336475025,0.04225352112676056,0.42857142857142855,0.07389148414764896
2102,0.15714285714285714,1.0,1.0,1.0,0.0,0.3333333333333333,0.4605263157894737,0.14283789246732245,0.0,1.0,0.0,0.0,0.0,0.5,0.0711592836946277,0.16901408450704225,0.5714285714285714,0.040588145198345846
2103,0.4857142857142857,1.0,1.0,1.0,0.5,0.3333333333333333,0.5723684210526315,0.5004716345505996,1.0,0.0,0.0,0.0,0.0,1.0,0.08719536825097617,0.028169014084507043,0.5714285714285714,0.14221167100627968
2104,0.2857142857142857,0.0,0.0,1.0,0.5,0.3333333333333333,0.5789473684210527,0.30319363967120333,1.0,0.0,1.0,1.0,0.0,0.0,0.08841613931152102,0.014084507042253521,0.5714285714285714,0.08615408178894166
2105,0.7000000000000001,0.0,1.0,1.0,0.0,0.6666666666666666,0.44736842105263164,0.584018326371109,1.0,0.0,1.0,0.0,0.0,0.0,0.06876531573986804,0.7042253521126761,0.5714285714285714,0.16595190687701028
2106,0.6,1.0,0.0,1.0,0.0,0.6666666666666666,0.2302631578947368,0.3157256434442797,0.0,0.0,1.0,1.0,0.0,0.5,0.03846743966858821,0.6056338028169014,0.5714285714285714,0.08971511716955123
2107,0.22857142857142856,0.0,0.0,0.0,0.0,0.0,0.4407894736842105,0.19471769303328393,0.0,1.0,0.0,1.0,0.0,0.5,0.06769418417696957,0.23943661971830987,0.2857142857142857,0.09257415632817685
2108,0.44285714285714284,1.0,1.0,1.0,0.0,1.0,0.5723684210526315,0.4546557067780622,0.0,0.0,0.0,0.0,0.0,0.0,0.08659283694627709,0.4507042253521127,0.42857142857142855,0.16162505743605454
2109,0.5714285714285715,1.0,1.0,1.0,0.0,0.3333333333333333,0.4144736842105263,0.4531734267618919,1.0,1.0,1.0,0.0,0.0,0.0,0.06443530033792326,0.5774647887323944,0.8571428571428571,0.09182657593593418
2110,0.07142857142857142,1.0,0.0,1.0,0.5,0.0,0.2763157894736842,0.04635493868750842,1.0,1.0,0.0,0.0,0.0,0.5,0.04304115614200439,0.0,0.5714285714285714,0.013172001837953744
2111,0.3714285714285714,0.0,0.0,0.0,1.0,0.3333333333333333,0.6052631578947368,0.9999999999999999,1.0,0.0,0.0,0.0,0.0,0.5,0.24634342164973644,0.014084507042253521,0.14285714285714285,0.711192372491959
2112,0.2714285714285714,1.0,0.0,1.0,0.5,0.6666666666666666,0.5526315789473684,0.27772537393882224,0.0,1.0,1.0,1.0,0.0,0.0,0.08459000942507068,0.014084507042253521,0.7142857142857142,0.0656749374585184
2113,0.34285714285714286,1.0,1.0,1.0,1.0,1.0,0.5855263157894737,0.36261959304675917,0.0,0.0,0.0,1.0,0.0,0.5,0.0887841658812441,0.014084507042253521,0.5714285714285714,0.10304028181957421
2114,0.9285714285714286,0.0,0.0,1.0,0.5,0.6666666666666666,0.5986842105263158,0.9797870906885864,0.0,1.0,1.0,0.0,0.0,0.5,0.09083768885842401,0.07042253521126761,0.42857142857142855,0.3481486445091132
2115,0.11428571428571427,1.0,1.0,1.0,0.5,0.6666666666666666,0.26315789473684215,0.07087993531869019,0.0,1.0,0.0,0.0,0.0,0.5,0.043355325164938736,0.0,0.5714285714285714,0.02014090978710369
2116,0.7428571428571429,1.0,1.0,1.0,0.0,0.0,0.5657894736842105,0.7559628082468669,0.0,1.0,1.0,1.0,0.0,0.0,0.08681734924332686,0.7464788732394366,0.8571428571428571,0.15328315427871256
2117,0.8571428571428572,0.0,0.0,1.0,1.0,0.6666666666666666,0.381578947368421,0.6318555450747877,0.0,0.0,0.0,0.0,0.0,0.5,0.0594706509479149,0.028169014084507043,0.14285714285714285,0.44966687088374946
2118,0.5285714285714286,1.0,1.0,1.0,0.0,1.0,0.02631578947368421,0.1188519067511117,1.0,1.0,1.0,0.0,0.0,0.0,0.009028225606428887,0.5352112676056339,0.8571428571428571,0.02396998008883443
2119,0.028571428571428574,0.0,0.0,0.0,0.0,0.0,0.42105263157894735,0.03274491308448996,0.0,1.0,0.0,0.0,1.0,0.5,0.06754633993088281,0.04225352112676056,0.14285714285714285,0.0240657068463777
2120,0.9857142857142858,1.0,1.0,1.0,0.0,0.3333333333333333,0.3157894736842105,0.6310470287023312,0.0,0.0,1.0,1.0,0.0,0.0,0.05004712535344015,0.9859154929577465,0.7142857142857142,0.14934012355133508
2121,0.7714285714285715,0.0,0.0,0.0,1.0,0.6666666666666666,0.18421052631578946,0.35332165476350896,1.0,1.0,0.0,0.0,0.0,0.0,0.03197669437066233,0.028169014084507043,0.2857142857142857,0.16768775208046152
2122,0.0,1.0,1.0,1.0,1.0,0.0,0.6447368421052632,0.014014283789246733,0.0,1.0,1.0,1.0,1.0,0.5,0.09802073515551367,0.0,0.8571428571428571,0.0026912894120736056
2123,0.9857142857142858,0.0,1.0,1.0,0.5,0.3333333333333333,0.0394736842105263,0.23932084624713648,1.0,0.0,1.0,1.0,0.0,1.0,0.010906153224720615,0.07042253521126761,0.7142857142857142,0.056580895491907895
2124,0.6285714285714286,0.0,0.0,1.0,0.5,0.3333333333333333,0.625,0.6928985311952567,1.0,0.0,1.0,0.0,0.0,1.0,0.09479526652005446,0.04225352112676056,0.42857142857142855,0.24624751110430387
2125,0.6571428571428571,1.0,1.0,1.0,0.0,0.0,0.10526315789473684,0.9999999999999999,0.0,1.0,1.0,0.0,0.0,0.5,0.13590149798463916,0.6619718309859155,0.7142857142857142,0.23670674426915814
2126,0.35714285714285715,1.0,1.0,1.0,1.0,0.0,0.24999999999999997,0.2003773076404797,1.0,0.0,0.0,0.0,0.0,1.0,0.04121655912419343,0.014084507042253521,0.5714285714285714,0.0569382753867361
2127,0.1857142857142857,1.0,0.0,1.0,0.5,1.0,0.2763157894736842,0.11400080851637244,1.0,1.0,0.0,1.0,0.0,0.5,0.044701763834657335,0.014084507042253521,0.7142857142857142,0.026905600653494666
2128,0.7571428571428571,0.0,1.0,0.0,1.0,0.0,0.48684210526315785,0.6759196873736693,0.0,1.0,0.0,0.0,0.0,1.0,0.07459768911229797,0.028169014084507043,0.2857142857142857,0.3204676571195181
2129,1.0,0.0,0.0,0.0,0.0,0.0,0.14473684210526314,0.3965772806899339,1.0,0.0,0.0,1.0,0.0,0.0,0.026058329240286206,1.0,0.2857142857142857,0.188173278194721
2130,0.6428571428571429,0.0,1.0,0.0,0.0,0.0,0.6513157894736842,0.7327853389031127,1.0,0.0,1.0,0.0,0.0,0.5,0.09851247797401959,0.647887323943662,0.42857142857142855,0.2604150712207076
2131,0.42857142857142855,0.0,1.0,1.0,1.0,0.0,0.493421052631579,0.39576876431747743,0.0,1.0,1.0,1.0,0.0,0.5,0.07652549329603842,0.014084507042253521,0.7142857142857142,0.0936271506611528
2132,0.8285714285714286,1.0,0.0,0.0,0.0,1.0,0.5197368421052632,0.7862821722139873,1.0,1.0,0.0,1.0,0.0,1.0,0.08024089841690762,0.8309859154929577,0.5714285714285714,0.22342625210598865
2133,0.39999999999999997,1.0,1.0,1.0,1.0,0.6666666666666666,0.07236842105263158,0.11669586309122758,1.0,1.0,0.0,1.0,0.0,1.0,0.015405115538366536,0.014084507042253521,0.8571428571428571,0.023532372054350915
2134,0.22857142857142856,0.0,1.0,0.0,0.0,1.0,0.3157894736842105,0.1518663252930872,1.0,1.0,0.0,1.0,0.0,0.5,0.05006375783112492,0.23943661971830987,0.5714285714285714,0.043153622300505436
2135,0.1857142857142857,0.0,1.0,1.0,1.0,0.6666666666666666,0.625,0.21493060234469746,1.0,0.0,1.0,0.0,0.0,0.0,0.09512589201561869,0.0,0.5714285714285714,0.061073671312605306
2136,0.49999999999999994,0.0,0.0,1.0,0.0,0.6666666666666666,0.18421052631578946,0.22544131518663252,1.0,0.0,1.0,0.0,0.0,0.5,0.030971829510943558,0.5070422535211268,0.42857142857142855,0.08020945014550468
2137,0.8142857142857143,1.0,1.0,0.0,0.5,0.6666666666666666,0.09868421052631579,0.2666756501819162,0.0,1.0,1.0,1.0,0.0,0.5,0.019191393935454513,0.056338028169014086,0.7142857142857142,0.06305840608566907
2138,0.32857142857142857,1.0,1.0,0.0,0.0,0.6666666666666666,0.3223684210526315,0.22220724969680636,1.0,0.0,1.0,0.0,0.0,0.5,0.05211278667923343,0.3380281690140845,0.5714285714285714,0.0631413692755399
2139,0.8857142857142858,1.0,1.0,1.0,0.5,0.3333333333333333,0.618421052631579,0.9564748686160894,1.0,0.0,0.0,0.0,0.0,0.5,0.0932034768038538,0.07042253521126761,0.5714285714285714,0.2717874100168479
2140,0.34285714285714286,1.0,1.0,1.0,0.0,1.0,0.3223684210526315,0.22746260611777389,0.0,1.0,1.0,0.0,0.0,0.5,0.0509707822808671,0.35211267605633806,0.7142857142857142,0.053772910603972025
2141,0.8285714285714286,1.0,1.0,1.0,1.0,0.6666666666666666,0.26973684210526316,0.47796792885055916,0.0,0.0,0.0,1.0,0.0,0.5,0.043690793782648285,0.028169014084507043,0.5714285714285714,0.13581712360238934
2142,0.44285714285714284,0.0,1.0,0.0,0.5,1.0,0.4342105263157895,0.36517989489287156,1.0,0.0,0.0,0.0,0.0,0.0,0.06703581526861452,0.028169014084507043,0.2857142857142857,0.17330372185633328
2143,0.24285714285714283,1.0,1.0,1.0,0.0,0.3333333333333333,0.618421052631579,0.2740870502627678,0.0,1.0,0.0,1.0,0.0,0.5,0.09404126086501204,0.2535211267605634,0.7142857142857142,0.06481339664062899
2144,0.5142857142857143,1.0,1.0,0.0,1.0,1.0,0.032894736842105254,0.12491577954453577,0.0,0.0,0.0,0.0,0.0,0.0,0.010775148381180426,0.014084507042253521,0.2857142857142857,0.05951651605656814
2145,0.35714285714285715,0.0,1.0,1.0,0.0,1.0,0.10526315789473684,0.12100795041099581,0.0,0.0,1.0,0.0,0.0,1.0,0.019865148988617416,0.36619718309859156,0.42857142857142855,0.04311533159748813
2146,0.11428571428571427,0.0,1.0,1.0,0.0,0.3333333333333333,0.09210526315789472,0.038808785877914025,0.0,1.0,0.0,1.0,0.0,0.5,0.018431249345481203,0.1267605633802817,0.5714285714285714,0.01102772246898453
2147,0.9,0.0,1.0,0.0,0.0,0.6666666666666666,0.05921052631578946,0.24578897722678883,1.0,1.0,1.0,0.0,0.0,0.5,0.013872525918944393,0.9014084507042254,0.5714285714285714,0.0698422423035687
2148,0.2714285714285714,0.0,0.0,1.0,1.0,0.0,0.20394736842105263,0.13259668508287292,1.0,0.0,0.0,1.0,0.0,0.5,0.033836003770028274,0.0,0.42857142857142855,0.047231582171848675
2149,0.7571428571428571,1.0,1.0,1.0,0.0,0.3333333333333333,0.1513157894736842,0.9999999999999999,1.0,0.0,1.0,1.0,0.0,0.5,0.1165741613432471,0.7605633802816901,0.8571428571428571,0.2028149136818152
2150,0.41428571428571426,1.0,1.0,1.0,0.0,0.3333333333333333,0.36184210526315785,0.29834254143646405,0.0,0.0,0.0,1.0,0.0,0.0,0.056801759346528424,0.4225352112676056,0.5714285714285714,0.08477561648031859
2151,0.7428571428571429,1.0,1.0,0.0,1.0,0.6666666666666666,0.21710526315789472,0.37717288775097696,0.0,1.0,1.0,0.0,0.0,0.0,0.036828908292283885,0.028169014084507043,0.5714285714285714,0.10717567774544341
2152,0.8857142857142858,1.0,1.0,0.0,1.0,1.0,0.26973684210526316,0.5132731437811615,1.0,0.0,1.0,0.0,0.0,1.0,0.043998623640470955,0.028169014084507043,0.5714285714285714,0.1458492877929239
2153,0.14285714285714285,1.0,0.0,0.0,0.0,0.6666666666666666,0.625,0.1665543727260477,1.0,1.0,0.0,1.0,1.0,0.5,0.0939079770371005,0.15492957746478875,0.5714285714285714,0.047327308929391944
2154,0.42857142857142855,1.0,0.0,0.0,0.5,1.0,0.10526315789473684,0.14782374343080448,0.0,1.0,0.0,1.0,0.0,0.5,0.02058313824450457,0.028169014084507043,0.42857142857142855,0.05264014397304335
2155,0.6857142857142857,0.0,1.0,0.0,1.0,0.6666666666666666,0.256578947368421,0.3884921169653685,1.0,1.0,0.0,1.0,0.0,0.5,0.042528227124968745,0.028169014084507043,0.5714285714285714,0.11039209679889722
2156,0.2571428571428571,1.0,1.0,1.0,0.0,0.3333333333333333,0.17105263157894737,0.11346179760140142,1.0,0.0,0.0,0.0,0.0,0.5,0.029267324768093655,0.26760563380281693,0.5714285714285714,0.03224077194057283
2157,0.15714285714285714,1.0,1.0,1.0,1.0,0.6666666666666666,0.36184210526315785,0.11858240129362618,0.0,1.0,0.0,0.0,0.0,0.5,0.05702167766258247,0.0,0.5714285714285714,0.03369581865523051
2158,0.19999999999999998,0.0,1.0,0.0,0.0,1.0,0.48684210526315785,0.18919283115483088,1.0,1.0,1.0,0.0,0.0,0.5,0.07590323594093622,0.2112676056338028,0.5714285714285714,0.05376014703629959
2159,0.42857142857142855,0.0,0.0,0.0,0.5,1.0,0.5394736842105263,0.42312356825225705,1.0,1.0,0.0,0.0,0.0,0.0,0.08269739442400656,0.028169014084507043,0.2857142857142857,0.20074539235207023
2160,0.6,1.0,1.0,1.0,0.0,0.3333333333333333,0.3421052631578947,0.4132866190540358,1.0,1.0,0.0,0.0,0.0,0.5,0.05433662845494597,0.6056338028169014,0.7142857142857142,0.09777531015469444
2161,0.5142857142857143,1.0,1.0,1.0,0.5,0.0,0.5657894736842105,0.5241881148093248,0.0,1.0,0.0,1.0,0.0,1.0,0.08625213337748681,0.04225352112676056,0.7142857142857142,0.1240363506407311
2162,0.39999999999999997,0.0,1.0,1.0,0.0,0.6666666666666666,0.5197368421052632,0.3843147823743431,1.0,0.0,0.0,1.0,0.0,0.5,0.07995059962949722,0.4084507042253521,0.5714285714285714,0.1092050850053607
2163,0.35714285714285715,1.0,0.0,1.0,0.5,0.6666666666666666,0.10526315789473684,0.12397251044333647,0.0,0.0,0.0,0.0,0.0,0.5,0.02066265496991227,0.028169014084507043,0.2857142857142857,0.05906979118803288
2164,0.014285714285714285,1.0,1.0,1.0,0.0,0.6666666666666666,0.1644736842105263,0.010375960113192292,1.0,0.0,0.0,0.0,0.0,1.0,0.029688972667295005,0.028169014084507043,0.5714285714285714,0.002948384132332669
2165,0.19999999999999998,1.0,0.0,0.0,0.0,0.0,0.44736842105263164,0.1715402236895297,0.0,1.0,0.0,0.0,0.0,1.0,0.06767200754005655,0.2112676056338028,0.2857142857142857,0.08159748812988206
2166,0.04285714285714286,0.0,1.0,1.0,0.0,0.0,0.6447368421052632,0.06239051340789651,1.0,1.0,0.0,1.0,1.0,1.0,0.09919886899151743,0.056338028169014086,0.7142857142857142,0.014684484607137387
2167,0.7000000000000001,0.0,1.0,0.0,1.0,0.0,0.24999999999999997,0.3872793424066837,1.0,0.0,0.0,1.0,0.0,0.5,0.04124410933081998,0.028169014084507043,0.42857142857142855,0.1376933680502374
2168,0.5285714285714286,1.0,0.0,0.0,0.0,0.6666666666666666,0.1513157894736842,0.21654763508961056,0.0,1.0,0.0,0.0,0.0,0.5,0.02701026836648643,0.5352112676056339,0.2857142857142857,0.10291264614284985
2169,0.3142857142857143,0.0,1.0,0.0,0.0,0.0,0.5723684210526315,0.3279881417598706,1.0,0.0,1.0,0.0,0.0,0.5,0.08712043601196574,0.323943661971831,0.42857142857142855,0.11663348139071833
2170,0.8285714285714286,1.0,1.0,1.0,0.0,0.0,0.13157894736842105,0.31653415981673627,0.0,0.0,1.0,0.0,0.0,0.5,0.024553107877122636,0.8309859154929577,0.5714285714285714,0.08994486138765509
2171,0.3857142857142857,1.0,1.0,1.0,0.5,0.3333333333333333,0.4605263157894737,0.33701657458563533,1.0,0.0,1.0,1.0,0.0,0.5,0.07146223239531439,0.028169014084507043,0.8571428571428571,0.06825044307813491
2172,0.9285714285714286,0.0,1.0,1.0,0.0,1.0,0.02631578947368421,0.20374612585904864,1.0,1.0,0.0,0.0,0.0,0.0,0.008596806900294175,0.9295774647887324,0.5714285714285714,0.05789554296216878
2173,0.09999999999999999,0.0,1.0,1.0,0.5,0.6666666666666666,0.013157894736842118,0.020617167497641826,0.0,1.0,1.0,0.0,0.0,0.5,0.006479736098020734,0.0,0.5714285714285714,0.005858477561648032
2174,0.39999999999999997,0.0,0.0,1.0,0.0,0.6666666666666666,0.30263157894736836,0.25320037730764045,0.0,1.0,0.0,1.0,0.0,0.5,0.048327862458968446,0.4084507042253521,0.42857142857142855,0.09006930617246132
2175,0.14285714285714285,1.0,1.0,0.0,0.0,0.6666666666666666,0.4342105263157895,0.12599380137447783,1.0,0.0,0.0,1.0,1.0,0.5,0.06811755633621797,0.15492957746478875,0.5714285714285714,0.03580180732118242
2176,0.24285714285714283,0.0,0.0,1.0,0.0,0.0,0.09868421052631579,0.08044737905942594,0.0,0.0,0.0,0.0,0.0,0.0,0.01879777987223793,0.2535211267605634,0.14285714285714285,0.057952979016694744
2177,0.7714285714285715,1.0,1.0,0.0,1.0,0.0,0.506578947368421,0.7123029241342137,1.0,0.0,1.0,0.0,0.0,0.5,0.07762830948504841,0.028169014084507043,0.5714285714285714,0.2024046561494869
2178,0.7000000000000001,1.0,1.0,0.0,0.0,0.6666666666666666,0.08552631578947367,0.21843417329200915,1.0,1.0,1.0,0.0,0.0,0.5,0.0176248821866164,0.7042253521126761,0.7142857142857142,0.05163501301883903
2179,0.1857142857142857,0.0,1.0,0.0,0.0,0.6666666666666666,0.35526315789473684,0.13839105241881147,1.0,0.0,0.0,0.0,0.0,1.0,0.05688703379561061,0.1971830985915493,0.2857142857142857,0.06589829989278603
2180,0.11428571428571427,1.0,0.0,0.0,0.0,0.6666666666666666,0.20394736842105263,0.06009971701926964,1.0,0.0,0.0,1.0,0.0,1.0,0.03497748455335637,0.1267605633802817,0.42857142857142855,0.02148108439270945
2181,0.14285714285714285,0.0,0.0,1.0,0.5,0.3333333333333333,0.5,0.13839105241881147,1.0,1.0,0.0,1.0,1.0,0.0,0.0760003427298432,0.0,0.5714285714285714,0.039324551998774694
2182,0.8857142857142858,1.0,0.0,0.0,0.0,0.0,0.5328947368421053,0.849076943808112,0.0,1.0,0.0,0.0,0.0,0.0,0.08128001436201247,0.8873239436619719,0.2857142857142857,0.40247357941491807
2183,0.9428571428571428,0.0,1.0,1.0,1.0,0.6666666666666666,0.04605263157894737,0.23676054440102412,1.0,0.0,0.0,0.0,0.0,1.0,0.011718035646461379,0.028169014084507043,0.42857142857142855,0.08422997396232194
2184,0.7428571428571429,1.0,1.0,0.0,0.0,0.6666666666666666,0.13157894736842105,0.2809594394286484,1.0,1.0,1.0,0.0,0.0,0.5,0.02413173759180552,0.7464788732394366,0.7142857142857142,0.06644075151886455
2185,0.5428571428571429,1.0,1.0,1.0,0.0,1.0,0.5921052631578947,0.5721600862417463,0.0,1.0,0.0,1.0,0.0,0.5,0.08975567316754875,0.5492957746478874,0.7142857142857142,0.13539592586919896
2186,0.7857142857142857,0.0,0.0,1.0,0.0,0.0,0.2763157894736842,0.46220185958765664,1.0,1.0,0.0,1.0,0.0,0.5,0.04476908576814326,0.7887323943661972,0.5714285714285714,0.13133711134936438
2187,0.3857142857142857,0.0,1.0,1.0,0.5,0.3333333333333333,0.3157894736842105,0.25320037730764045,1.0,0.0,1.0,1.0,0.0,0.5,0.05052511108119026,0.028169014084507043,0.7142857142857142,0.059867514167560115
2188,0.5428571428571429,1.0,1.0,1.0,0.5,0.6666666666666666,0.11184210526315788,0.1906751111710012,1.0,1.0,0.0,1.0,0.0,0.5,0.021339326711617007,0.04225352112676056,0.8571428571428571,0.03854779773756646
2189,0.34285714285714286,1.0,1.0,1.0,0.0,0.0,0.6578947368421053,0.40061986255221665,1.0,1.0,0.0,0.0,0.0,0.5,0.09941564561734213,0.35211267605633806,0.7142857142857142,0.09477587175167203
2190,0.2857142857142857,0.0,1.0,1.0,1.0,0.6666666666666666,0.6118421052631579,0.3159951489017652,1.0,0.0,1.0,0.0,0.0,0.5,0.0926798617656299,0.0,0.5714285714285714,0.08979169857558585
2191,0.12857142857142856,1.0,1.0,0.0,0.0,0.3333333333333333,0.006578947368421045,0.02546826573238108,1.0,0.0,0.0,1.0,0.0,0.0,0.005937794533459002,0.14084507042253522,0.5714285714285714,0.007236942870271099
2192,0.6,1.0,0.0,1.0,0.5,0.6666666666666666,0.368421052631579,0.431478237434308,0.0,0.0,0.0,0.0,0.0,0.5,0.057295662275606604,0.04225352112676056,0.2857142857142857,0.20470209833052536
2193,0.19999999999999998,1.0,1.0,1.0,0.0,0.6666666666666666,0.5789473684210527,0.21614337690338228,0.0,1.0,0.0,0.0,0.0,1.0,0.08846999685830977,0.2112676056338028,0.5714285714285714,0.06141828763976107
2194,0.6714285714285715,1.0,0.0,1.0,0.0,1.0,0.2894736842105263,0.4052014553294704,0.0,0.0,1.0,1.0,0.0,0.5,0.046123939679547594,0.676056338028169,0.5714285714285714,0.11514014397304335
2195,0.2857142857142857,1.0,0.0,1.0,1.0,0.6666666666666666,0.2894736842105263,0.17746934375421103,0.0,0.0,1.0,0.0,0.0,0.5,0.04654189668327274,0.0,0.42857142857142855,0.06317008730280288
2196,0.8428571428571429,1.0,1.0,1.0,1.0,0.6666666666666666,0.24999999999999997,0.4655706778062255,1.0,0.0,1.0,1.0,0.0,0.5,0.04129751806471882,0.028169014084507043,0.8571428571428571,0.09434282213421438
2197,0.7000000000000001,1.0,1.0,0.0,0.0,0.0,0.019736842105263164,0.1509230561918879,1.0,1.0,1.0,0.0,0.0,1.0,0.008180961357210179,0.7042253521126761,0.7142857142857142,0.03564864450911319
2198,0.3142857142857143,1.0,1.0,1.0,0.0,0.0,0.5263157894736842,0.30548443605983017,0.0,1.0,1.0,1.0,0.0,0.5,0.08027701512109167,0.323943661971831,0.8571428571428571,0.06185042557381353
2199,0.17142857142857143,1.0,0.0,1.0,0.0,1.0,0.30263157894736836,0.11440506670260071,1.0,1.0,0.0,1.0,0.0,0.5,0.04937287029652722,0.18309859154929578,0.7142857142857142,0.027001327411037935
2200,0.9714285714285714,1.0,1.0,1.0,0.5,0.0,0.35526315789473684,0.6769977092036114,1.0,0.0,0.0,0.0,0.0,0.0,0.055621576582114224,0.07042253521126761,0.5714285714285714,0.19237249195895237
2201,0.04285714285714286,0.0,1.0,1.0,0.0,1.0,0.17105263157894737,0.020212909311413556,0.0,0.0,0.0,1.0,0.0,0.5,0.025447690857681435,0.056338028169014086,0.42857142857142855,0.007313524276305713
2202,0.11428571428571427,1.0,1.0,1.0,1.0,0.0,0.5197368421052632,0.11615685217625656,1.0,1.0,0.0,1.0,1.0,0.0,0.07854225573358466,0.0,0.8571428571428571,0.02342297004573004
2203,0.4857142857142857,1.0,1.0,0.0,0.0,1.0,0.5263157894736842,0.4662444414499393,0.0,1.0,1.0,1.0,0.0,0.5,0.08035545980880571,0.49295774647887325,0.7142857142857142,0.11031551539286262
2204,0.2857142857142857,0.0,1.0,1.0,0.0,0.0,0.368421052631579,0.2095404931949872,1.0,1.0,0.0,0.0,0.0,1.0,0.05722364346304025,0.29577464788732394,0.5714285714285714,0.05954204319191301
2205,0.8142857142857143,0.0,1.0,1.0,0.0,0.6666666666666666,0.5986842105263158,0.8606656784799892,0.0,1.0,0.0,0.0,0.0,0.5,0.09082193116448373,0.8169014084507042,0.42857142857142855,0.3058374176749885
2206,0.24285714285714283,1.0,0.0,0.0,0.0,0.6666666666666666,0.07894736842105263,0.07411400080851636,0.0,0.0,0.0,1.0,0.0,1.0,0.016336789192585608,0.2535211267605634,0.2857142857142857,0.03545719099402665
2207,0.6,0.0,0.0,1.0,0.0,1.0,0.5197368421052632,0.5698692898531195,1.0,0.0,1.0,1.0,0.0,0.5,0.07980623808166934,0.6056338028169014,0.5714285714285714,0.161931383060193
2208,0.07142857142857142,0.0,1.0,0.0,0.0,1.0,0.368421052631579,0.05753941517315725,0.0,1.0,0.0,0.0,1.0,0.5,0.056079170593779454,0.08450704225352113,0.2857142857142857,0.027607596875478636
2209,0.9428571428571428,1.0,1.0,1.0,0.5,0.0,0.15789473684210528,0.38808785877914026,0.0,1.0,1.0,1.0,0.0,0.5,0.027515579501174614,0.07042253521126761,0.8571428571428571,0.07861628339496314
2210,0.15714285714285714,0.0,0.0,1.0,0.0,0.6666666666666666,0.09210526315789472,0.054170596954588326,0.0,1.0,0.0,0.0,0.0,0.5,0.01947847942192899,0.16901408450704225,0.2857142857142857,0.026012150916424157
2211,0.15714285714285714,0.0,1.0,0.0,0.5,0.6666666666666666,0.20394736842105263,0.08112114270313972,1.0,0.0,0.0,1.0,0.0,0.0,0.035186930568645934,0.014084507042253521,0.42857142857142855,0.02894777148108439
2212,0.9285714285714286,1.0,0.0,1.0,0.0,0.6666666666666666,0.5657894736842105,0.9368009702196469,1.0,1.0,1.0,0.0,0.0,0.5,0.0862822380258761,0.9295774647887324,0.7142857142857142,0.22174146117322716
2213,0.014285714285714285,1.0,1.0,0.0,1.0,0.6666666666666666,0.5197368421052632,0.025737771189866594,1.0,0.0,1.0,0.0,1.0,0.0,0.08341187558906692,0.0,0.5714285714285714,0.007313524276305713
2214,0.19999999999999998,0.0,1.0,1.0,1.0,0.0,0.4276315789473685,0.16978843821587386,1.0,0.0,0.0,1.0,0.0,0.5,0.06685516808042727,0.0,0.5714285714285714,0.04824628580180732
2215,0.3142857142857143,1.0,1.0,0.0,1.0,1.0,0.06578947368421054,0.08812828459776309,0.0,0.0,0.0,0.0,0.0,0.5,0.014178584600254066,0.0,0.2857142857142857,0.042094246183693264
2216,0.39999999999999997,1.0,1.0,0.0,0.5,0.0,0.631578947368421,0.44966985581458024,1.0,0.0,0.0,0.0,0.0,0.5,0.09571321784913386,0.028169014084507043,0.42857142857142855,0.15985411242150407
2217,0.0857142857142857,1.0,0.0,0.0,0.0,1.0,0.20394736842105263,0.04675919687373669,1.0,0.0,1.0,1.0,0.0,0.0,0.035411337013599026,0.09859154929577466,0.5714285714285714,0.013286873947005668
2218,0.3857142857142857,1.0,1.0,0.0,0.5,0.0,0.4013157894736842,0.30386740331491713,1.0,1.0,1.0,1.0,0.0,0.5,0.06318163457654505,0.028169014084507043,0.8571428571428571,0.0615222195479509
2219,0.1857142857142857,0.0,1.0,0.0,1.0,0.3333333333333333,0.5328947368421053,0.186363023851233,0.0,0.0,1.0,1.0,0.0,0.5,0.08085364211660159,0.0,0.42857142857142855,0.06632907030173074
2220,0.6142857142857143,0.0,1.0,1.0,0.0,0.0,0.09210526315789472,0.19660423123568252,0.0,0.0,0.0,0.0,0.0,0.0,0.018357467226458743,0.619718309859155,0.2857142857142857,0.09346760606524736
2221,0.41428571428571426,1.0,0.0,1.0,0.0,0.3333333333333333,0.4342105263157895,0.344966985581458,0.0,1.0,1.0,1.0,0.0,0.0,0.06767200754005655,0.4225352112676056,0.7142857142857142,0.08159748812988206
2222,0.44285714285714284,1.0,1.0,1.0,0.0,1.0,0.02631578947368421,0.09958226654089744,0.0,1.0,1.0,0.0,0.0,0.5,0.008983270499528746,0.4507042253521127,0.7142857142857142,0.02349134630111809
2223,0.9857142857142858,1.0,0.0,1.0,0.0,0.3333333333333333,0.07236842105263158,0.28486726856218836,0.0,1.0,0.0,0.0,0.0,0.0,0.015457115928369462,0.9859154929577465,0.42857142857142855,0.10131720018379538
2224,0.07142857142857142,1.0,1.0,0.0,0.0,0.3333333333333333,0.48026315789473684,0.7097426222881013,0.0,1.0,0.0,0.0,1.0,0.5,0.816368206094879,0.08450704225352113,0.42857142857142855,0.2522304334507582
2225,0.3714285714285714,1.0,1.0,1.0,0.0,0.3333333333333333,0.10526315789473684,0.12814984503436194,1.0,1.0,0.0,0.0,0.0,1.0,0.020490801829161867,0.38028169014084506,0.7142857142857142,0.030256037167509065
2226,0.32857142857142857,0.0,0.0,1.0,0.0,0.0,0.29605263157894735,0.2067106858913893,1.0,0.0,0.0,0.0,0.0,0.5,0.04759660697455231,0.3380281690140845,0.2857142857142857,0.09825394394241078
2227,0.4714285714285714,1.0,1.0,0.0,1.0,0.0,0.1644736842105263,0.20495890041773346,0.0,0.0,0.0,0.0,0.0,1.0,0.02935632311359982,0.014084507042253521,0.2857142857142857,0.09742431204370246
2228,0.5571428571428572,0.0,1.0,1.0,0.0,1.0,0.2828947368421052,0.3314917127071823,1.0,0.0,1.0,0.0,0.0,0.5,0.045098963242224316,0.5633802816901409,0.5714285714285714,0.0941951294225762
2229,0.6571428571428571,0.0,1.0,1.0,1.0,0.6666666666666666,0.05263157894736842,0.17302250370570002,0.0,0.0,0.0,1.0,0.0,0.0,0.012834138809232558,0.014084507042253521,0.42857142857142855,0.06159059580333895
2230,0.32857142857142857,0.0,1.0,1.0,0.0,0.6666666666666666,0.5,0.30817949063468536,1.0,0.0,0.0,1.0,0.0,0.0,0.07716776625824694,0.3380281690140845,0.5714285714285714,0.08757083780058202
2231,0.9142857142857143,1.0,1.0,1.0,0.0,0.3333333333333333,0.05263157894736842,0.24107263172079232,0.0,0.0,0.0,1.0,0.0,0.0,0.01294859711447836,0.9154929577464789,0.5714285714285714,0.06850206769796294
2232,0.24285714285714283,0.0,1.0,0.0,0.0,0.6666666666666666,0.5526315789473684,0.2502358172752998,1.0,1.0,0.0,0.0,0.0,0.5,0.08477327468844904,0.2535211267605634,0.42857142857142855,0.08901631183948537
2233,0.6142857142857143,1.0,1.0,1.0,0.0,1.0,0.4407894736842105,0.5096348201051071,1.0,0.0,0.0,1.0,0.0,0.5,0.06811755633621797,0.619718309859155,0.7142857142857142,0.12059018736917343
2234,0.8,1.0,1.0,1.0,0.0,1.0,0.2763157894736842,0.47149979787090684,0.0,1.0,0.0,1.0,0.0,0.0,0.044893099856143655,0.8028169014084507,0.7142857142857142,0.11155996324092511
2235,0.3857142857142857,1.0,1.0,0.0,0.0,0.6666666666666666,0.5723684210526315,0.40129362619593045,1.0,0.0,0.0,0.0,0.0,0.5,0.08751851353170863,0.3943661971830986,0.42857142857142855,0.14267115944248737
2236,1.0,1.0,1.0,1.0,0.0,0.3333333333333333,0.12499999999999997,0.36612316399407085,0.0,0.0,0.0,0.0,0.0,0.0,0.023058236317054066,1.0,0.42857142857142855,0.13017881758309083
2237,0.3142857142857143,1.0,0.0,0.0,0.5,0.3333333333333333,0.1776315789473684,0.1410861069936666,0.0,0.0,0.0,0.0,0.0,0.0,0.030283161906322992,0.014084507042253521,0.14285714285714285,0.10103001991116557
2238,0.4714285714285714,1.0,0.0,0.0,0.0,1.0,0.09210526315789472,0.1524053362080582,0.0,1.0,1.0,0.0,0.0,0.5,0.018545212618506404,0.47887323943661975,0.42857142857142855,0.05426749885127891
2239,0.14285714285714285,1.0,1.0,1.0,0.0,0.6666666666666666,0.256578947368421,0.08273817544805281,0.0,1.0,0.0,1.0,0.0,0.5,0.040613486419329964,0.15492957746478875,0.7142857142857142,0.019502731403481903
2240,0.4857142857142857,1.0,1.0,1.0,0.5,1.0,0.6513157894736842,0.5594933297399272,1.0,1.0,0.0,0.0,0.0,0.0,0.09899017099771104,0.028169014084507043,0.7142857142857142,0.13239648746617655
2241,0.5857142857142857,0.0,0.0,1.0,0.0,1.0,0.11184210526315788,0.20145532947042177,0.0,1.0,1.0,0.0,0.0,0.0,0.02066783358018042,0.5915492957746479,0.42857142857142855,0.07168976872415378
2242,0.3857142857142857,1.0,1.0,0.0,0.0,0.6666666666666666,0.5526315789473684,0.388222611507883,1.0,1.0,1.0,0.0,0.0,0.5,0.08425339975764104,0.3943661971830986,0.7142857142857142,0.09184025118701179
2243,0.32857142857142857,1.0,1.0,1.0,0.0,0.6666666666666666,0.4342105263157895,0.2724700175178547,1.0,1.0,0.0,0.0,0.0,0.0,0.06676091737354696,0.3380281690140845,0.7142857142857142,0.06443048961045592
2244,0.09999999999999999,1.0,0.0,1.0,0.0,1.0,0.013157894736842118,0.02236895297129767,0.0,0.0,1.0,1.0,0.0,0.5,0.008011310084825637,0.11267605633802817,0.5714285714285714,0.006356256700873028
2245,0.7428571428571429,1.0,1.0,0.0,0.0,0.6666666666666666,0.625,0.813636976148767,0.0,1.0,0.0,1.0,0.0,0.0,0.09442853840271725,0.7464788732394366,0.5714285714285714,0.2311992648185021
2246,0.04285714285714286,1.0,1.0,1.0,0.0,0.0,0.6447368421052632,0.06319902978035304,1.0,0.0,1.0,0.0,1.0,0.0,0.10061262959472196,0.056338028169014086,0.7142857142857142,0.014875938122223924
2247,0.05714285714285714,1.0,0.0,1.0,0.0,0.6666666666666666,0.6118421052631579,0.07546152809594393,1.0,1.0,0.0,1.0,1.0,0.5,0.09500471253534401,0.07042253521126761,0.7142857142857142,0.01777964976770307
2248,0.6857142857142857,1.0,1.0,0.0,0.5,1.0,0.3355263157894737,0.4607195795714863,0.0,1.0,0.0,1.0,0.0,0.5,0.05283810036738541,0.056338028169014086,0.5714285714285714,0.130915913616174
2249,0.41428571428571426,0.0,1.0,1.0,0.0,0.6666666666666666,0.1513157894736842,0.16695863091227597,1.0,0.0,0.0,0.0,0.0,0.5,0.026170279610430412,0.4225352112676056,0.42857142857142855,0.05943674375861541
2250,0.8857142857142858,0.0,1.0,0.0,0.0,0.3333333333333333,0.26315789473684215,0.5007411400080851,0.0,0.0,1.0,1.0,0.0,0.5,0.04260730368176174,0.8873239436619719,0.42857142857142855,0.17799433297595343
2251,0.6571428571428571,0.0,1.0,0.0,1.0,1.0,0.4078947368421053,0.5117908637649912,0.0,1.0,1.0,0.0,0.0,0.5,0.0632482403192492,0.014084507042253521,0.42857142857142855,0.18191913003522744
2252,0.35714285714285715,0.0,0.0,1.0,0.5,0.6666666666666666,0.24999999999999997,0.2010510712841935,1.0,0.0,1.0,1.0,0.0,0.5,0.04139781048357862,0.028169014084507043,0.5714285714285714,0.057129728901822635
2253,0.8,0.0,1.0,0.0,0.0,0.0,0.4671052631578947,0.6946503166689125,1.0,0.0,0.0,1.0,0.0,0.0,0.07227541048663129,0.8028169014084507,0.42857142857142855,0.24686973502833512
2254,0.5142857142857143,1.0,1.0,1.0,1.0,0.3333333333333333,0.5263157894736842,0.4942730090284328,1.0,0.0,1.0,0.0,0.0,0.5,0.08059709096466872,0.014084507042253521,0.7142857142857142,0.11695257058252922
2255,0.0857142857142857,0.0,0.0,0.0,0.0,0.0,0.13815789473684212,0.035978978574316124,0.0,0.0,0.0,1.0,0.0,1.0,0.02463982765585028,0.09859154929577466,0.14285714285714285,0.026363149027416145
2256,0.5571428571428572,1.0,1.0,1.0,0.0,0.0,0.26973684210526316,0.32313704352513134,0.0,0.0,0.0,0.0,0.0,1.0,0.04363807728557964,0.5633802816901409,0.42857142857142855,0.1149103997549395
2257,0.5428571428571429,1.0,1.0,1.0,1.0,0.6666666666666666,0.631578947368421,0.608947581188519,0.0,0.0,1.0,0.0,0.0,1.0,0.09635322264916986,0.014084507042253521,0.5714285714285714,0.17303568693521215
2258,0.8714285714285714,0.0,1.0,1.0,1.0,0.0,0.1644736842105263,0.3750168440910928,1.0,0.0,1.0,0.0,0.0,0.5,0.029324131221306733,0.028169014084507043,0.5714285714285714,0.10656302649716648
2259,0.7428571428571429,0.0,1.0,1.0,0.0,0.0,0.2302631578947368,0.38647082603422717,0.0,0.0,1.0,1.0,0.0,1.0,0.03805594579695197,0.7464788732394366,0.5714285714285714,0.10981773625363761
2260,0.04285714285714286,0.0,1.0,0.0,0.5,1.0,0.02631578947368421,0.009702196469478506,1.0,0.0,0.0,0.0,0.0,0.5,0.007068803016022619,0.0,0.2857142857142857,0.004952264256905091
2261,0.34285714285714286,1.0,0.0,0.0,0.5,0.3333333333333333,0.2236842105263158,0.17868211831289582,0.0,0.0,1.0,1.0,0.0,0.0,0.03732327992459943,0.028169014084507043,0.42857142857142855,0.06360085771174759
2262,0.0857142857142857,0.0,0.0,0.0,0.0,0.6666666666666666,0.24999999999999997,0.053362080582131786,1.0,1.0,1.0,0.0,0.0,1.0,0.04200888649522014,0.09859154929577466,0.42857142857142855,0.01908791545412774
2263,0.3857142857142857,1.0,1.0,1.0,0.0,0.6666666666666666,0.06578947368421054,0.1094192157391187,0.0,1.0,1.0,1.0,0.0,0.5,0.014608859566446749,0.3943661971830986,0.8571428571428571,0.02205544493796906
2264,0.9714285714285714,0.0,1.0,1.0,0.0,0.3333333333333333,0.006578947368421045,0.186363023851233,0.0,0.0,0.0,1.0,0.0,1.0,0.005887254299334781,0.971830985915493,0.42857142857142855,0.06632907030173074
2265,0.9428571428571428,1.0,1.0,0.0,1.0,0.0,0.381578947368421,0.6985581458024525,1.0,0.0,0.0,0.0,0.0,0.5,0.05992656885225148,0.028169014084507043,0.42857142857142855,0.2482577730127125
2266,0.2714285714285714,1.0,1.0,1.0,0.0,0.6666666666666666,0.20394736842105263,0.13071014688047433,0.0,1.0,0.0,0.0,0.0,0.0,0.033176248821866164,0.28169014084507044,0.5714285714285714,0.03714198192678818
2267,0.14285714285714285,1.0,1.0,0.0,0.5,0.6666666666666666,0.013157894736842118,0.029915105780892064,1.0,1.0,1.0,0.0,0.0,0.5,0.007025961785622481,0.0,0.7142857142857142,0.0069944350844948185
2268,0.9428571428571428,1.0,0.0,0.0,0.0,0.3333333333333333,0.5657894736842105,0.9548578358711763,1.0,0.0,1.0,0.0,0.0,0.5,0.08668251579051023,0.943661971830986,0.42857142857142855,0.33929391943636084
2269,0.0857142857142857,0.0,1.0,1.0,0.0,0.6666666666666666,0.38815789473684215,0.07222746260611776,1.0,1.0,1.0,1.0,1.0,0.5,0.06085902787128046,0.09859154929577466,0.8571428571428571,0.014506706343128459
2270,0.3142857142857143,0.0,1.0,0.0,0.5,0.6666666666666666,0.11842105263157895,0.11144050667026005,0.0,1.0,0.0,1.0,0.0,0.5,0.0212678769003811,0.014084507042253521,0.42857142857142855,0.0397170317047021
2271,0.8571428571428572,1.0,1.0,0.0,0.5,0.6666666666666666,0.5723684210526315,0.8727934240668372,0.0,1.0,1.0,0.0,0.0,0.5,0.08709692371873116,0.07042253521126761,0.5714285714285714,0.24800888344310004
2272,1.0,0.0,1.0,0.0,0.0,0.3333333333333333,0.17105263157894737,0.43134348470556527,0.0,0.0,0.0,1.0,0.0,0.0,0.029483214081852095,1.0,0.2857142857142857,0.20463828049216318
2273,0.4714285714285714,1.0,1.0,1.0,0.0,0.3333333333333333,0.1513157894736842,0.19323541301711358,0.0,1.0,1.0,1.0,0.0,0.5,0.026944613849309747,0.47887323943661975,0.8571428571428571,0.039067457278515634
2274,0.2571428571428571,0.0,1.0,1.0,0.0,1.0,0.5921052631578947,0.27772537393882224,1.0,0.0,0.0,0.0,0.0,0.0,0.08973659407708716,0.26760563380281693,0.42857142857142855,0.09878044110889876
2275,0.8142857142857143,1.0,1.0,1.0,0.0,1.0,0.11842105263157895,0.29456946503166687,1.0,0.0,1.0,1.0,0.0,0.5,0.022555169163768728,0.8169014084507042,0.8571428571428571,0.05963503489924075
2276,0.11428571428571427,1.0,1.0,1.0,0.0,0.6666666666666666,0.5789473684210527,0.1294973723217895,1.0,0.0,0.0,0.0,1.0,0.5,0.08890983349041784,0.1267605633802817,0.5714285714285714,0.03679736559963241
2277,0.6714285714285715,0.0,1.0,1.0,0.5,0.6666666666666666,0.5328947368421053,0.6493733998113461,0.0,1.0,0.0,0.0,0.0,0.5,0.08170358152686145,0.056338028169014086,0.42857142857142855,0.230787639761066
2278,0.5714285714285715,1.0,1.0,0.0,0.0,0.3333333333333333,0.20394736842105263,0.2809594394286484,0.0,1.0,0.0,0.0,0.0,1.0,0.03505666536401462,0.5774647887323944,0.42857142857142855,0.09992916219941798
2279,0.6714285714285715,1.0,1.0,0.0,0.0,0.6666666666666666,0.02631578947368421,0.15159681983560166,1.0,0.0,0.0,1.0,0.0,1.0,0.00916980835689601,0.676056338028169,0.5714285714285714,0.04307704089447083
2280,0.6285714285714286,0.0,0.0,1.0,0.0,1.0,0.05921052631578946,0.16884516911467456,0.0,0.0,0.0,1.0,0.0,0.5,0.013341711173944913,0.6338028169014085,0.2857142857142857,0.08032113136263848
2281,0.34285714285714286,1.0,1.0,1.0,1.0,0.0,0.07236842105263158,0.10106454655706777,0.0,1.0,0.0,0.0,0.0,0.0,0.015607917059377942,0.014084507042253521,0.5714285714285714,0.02871802726298055
2282,0.34285714285714286,1.0,1.0,0.0,0.0,0.6666666666666666,0.5921052631578947,0.36679692763778465,1.0,1.0,1.0,1.0,0.0,0.5,0.08995287464655985,0.35211267605633806,0.8571428571428571,0.07429490405443843
2283,0.2571428571428571,0.0,1.0,1.0,0.5,1.0,0.26973684210526316,0.15280959439428649,0.0,0.0,1.0,0.0,0.0,0.5,0.043752170246540004,0.014084507042253521,0.42857142857142855,0.054411088987593816
2284,0.5428571428571429,1.0,0.0,0.0,0.0,1.0,0.02631578947368421,0.12141220859722408,0.0,0.0,0.0,0.0,0.0,1.0,0.008917566881751611,0.5492957746478874,0.14285714285714285,0.08705391330984837
2285,0.3714285714285714,0.0,1.0,0.0,0.0,0.0,0.368421052631579,0.2722005120603692,1.0,1.0,0.0,0.0,0.0,0.5,0.057807100219918306,0.38028169014084506,0.42857142857142855,0.09681804257926176
2286,0.8857142857142858,0.0,1.0,0.0,0.0,0.6666666666666666,0.13815789473684212,0.3453712437676863,0.0,1.0,0.0,0.0,0.0,0.5,0.025357928279700195,0.8873239436619719,0.2857142857142857,0.16392249961709296
2287,0.9571428571428572,0.0,1.0,0.0,0.0,0.6666666666666666,0.15789473684210528,0.3965772806899339,1.0,1.0,0.0,1.0,0.0,0.5,0.02779009813161834,0.9577464788732395,0.5714285714285714,0.11268953897993567
2288,0.2571428571428571,0.0,1.0,0.0,1.0,1.0,0.11184210526315788,0.08988007007141893,1.0,1.0,0.0,0.0,0.0,0.5,0.020586338608065878,0.0,0.42857142857142855,0.03205889110124062
2289,0.3857142857142857,1.0,1.0,1.0,0.0,0.3333333333333333,0.506578947368421,0.36059830211561783,1.0,1.0,1.0,1.0,0.0,1.0,0.07735290157533324,0.3943661971830986,1.0,0.06384017460560576
2290,0.45714285714285713,0.0,1.0,1.0,0.5,0.6666666666666666,0.006578947368421045,0.08799353186902033,0.0,1.0,0.0,0.0,0.0,0.5,0.005854968154685402,0.028169014084507043,0.42857142857142855,0.03138880379843774
2291,0.12857142857142856,0.0,0.0,1.0,0.0,0.3333333333333333,0.2894736842105263,0.08529847729416519,1.0,0.0,0.0,1.0,0.0,0.5,0.047785108388312916,0.14084507042253522,0.42857142857142855,0.030431536223005054
2292,0.41428571428571426,1.0,1.0,1.0,0.0,0.0,0.05921052631578946,0.11373130305888693,0.0,1.0,0.0,0.0,0.0,0.5,0.013760603204524033,0.4225352112676056,0.5714285714285714,0.032317353346607444
2293,0.3,0.0,1.0,0.0,0.0,0.3333333333333333,0.368421052631579,0.2216682387818353,0.0,0.0,1.0,0.0,0.0,1.0,0.057878502270585205,0.3098591549295775,0.2857142857142857,0.10533772400061266
2294,0.028571428571428574,0.0,1.0,1.0,0.5,0.6666666666666666,0.2302631578947368,0.020751920226384585,1.0,0.0,0.0,1.0,0.0,0.5,0.03958529688972667,0.0,0.5714285714285714,0.005896768264665339
2295,0.6714285714285715,1.0,1.0,0.0,1.0,0.6666666666666666,0.019736842105263164,0.14688047432960516,0.0,0.0,1.0,0.0,0.0,1.0,0.008482563619227144,0.028169014084507043,0.42857142857142855,0.05230510032164191
2296,0.014285714285714285,1.0,1.0,1.0,1.0,0.6666666666666666,0.3092105263157895,0.01738310200781566,1.0,0.0,1.0,1.0,0.0,0.5,0.054194156456173426,0.0,0.8571428571428571,0.003375051965954094
2297,0.7571428571428571,1.0,0.0,1.0,0.0,0.6666666666666666,0.381578947368421,0.5613798679423257,0.0,0.0,0.0,1.0,0.0,1.0,0.0597619296959542,0.7605633802816901,0.42857142857142855,0.19953285342318886
2298,0.07142857142857142,1.0,0.0,0.0,0.5,0.3333333333333333,0.1644736842105263,0.03368818218568926,1.0,0.0,0.0,1.0,0.0,0.5,0.028275212064090477,0.0,0.42857142857142855,0.012099862153469138
2299,0.5571428571428572,1.0,1.0,1.0,0.0,0.3333333333333333,0.506578947368421,0.5205497911332704,0.0,1.0,0.0,0.0,0.0,0.5,0.0781573986804901,0.5633802816901409,0.5714285714285714,0.1479169857558585
2300,0.014285714285714285,1.0,1.0,0.0,0.5,1.0,0.24999999999999997,0.013744778331761218,0.0,1.0,0.0,1.0,0.0,0.5,0.0414703110273327,0.0,0.5714285714285714,0.0039056517077653546
2301,0.014285714285714285,1.0,1.0,0.0,1.0,1.0,0.493421052631579,0.02223420024255491,0.0,0.0,1.0,0.0,1.0,1.0,0.0711592836946277,0.0,0.42857142857142855,0.008031474957880227
2302,0.7714285714285715,0.0,1.0,1.0,0.0,0.0,0.381578947368421,0.574585635359116,1.0,0.0,1.0,1.0,0.0,1.0,0.06011481449747237,0.7746478873239436,0.7142857142857142,0.13597028641445857
2303,0.8428571428571429,1.0,1.0,1.0,0.0,0.6666666666666666,0.5723684210526315,0.8633607330548443,0.0,1.0,0.0,0.0,0.0,0.5,0.08766886584982721,0.8450704225352113,0.5714285714285714,0.24532853423188852
2304,0.07142857142857142,0.0,0.0,1.0,0.5,0.6666666666666666,0.36184210526315785,0.05956070610429861,1.0,0.0,1.0,0.0,1.0,1.0,0.058435438265786996,0.0,0.42857142857142855,0.021289630877622912
2305,0.2571428571428571,1.0,0.0,0.0,0.5,0.6666666666666666,0.12499999999999997,0.09553968467861473,1.0,1.0,0.0,0.0,0.0,0.5,0.022669775286472543,0.014084507042253521,0.42857142857142855,0.03406915300964926
2306,0.3714285714285714,0.0,1.0,0.0,0.0,0.0,0.5460526315789473,0.3692224767551543,1.0,0.0,0.0,1.0,0.0,0.0,0.0829406220546654,0.38028169014084506,0.42857142857142855,0.13127967529483842
2307,0.0,0.0,1.0,1.0,1.0,0.6666666666666666,0.5197368421052632,0.010645465570677805,1.0,1.0,1.0,0.0,1.0,0.5,0.07445805843543826,0.0,0.7142857142857142,0.00243145964159902
2308,0.45714285714285713,1.0,1.0,0.0,0.5,0.6666666666666666,0.6447368421052632,0.5183937474733863,0.0,0.0,0.0,1.0,0.0,0.5,0.09707822808671064,0.028169014084507043,0.42857142857142855,0.18426443559503752
2309,0.5571428571428572,0.0,1.0,1.0,0.0,0.6666666666666666,0.06578947368421054,0.15388761622422853,0.0,1.0,1.0,1.0,0.0,0.0,0.014043355325164937,0.5633802816901409,0.7142857142857142,0.03635064073109715
2310,0.44285714285714284,0.0,1.0,0.0,0.0,0.3333333333333333,0.39473684210526316,0.33634281094192153,1.0,0.0,0.0,0.0,0.0,0.0,0.06073279924599434,0.4507042253521127,0.2857142857142857,0.15964670444682696
2311,0.9714285714285714,1.0,1.0,0.0,0.5,1.0,0.32894736842105265,0.6407492251718097,0.0,1.0,0.0,1.0,0.0,0.5,0.05194716496605607,0.07042253521126761,0.5714285714285714,0.18207229284729667
2312,0.22857142857142856,1.0,1.0,0.0,0.0,0.0,0.44736842105263164,0.19808651125185284,1.0,0.0,0.0,1.0,0.0,0.5,0.06908022398403282,0.23943661971830987,0.5714285714285714,0.05628733343544188
2313,0.09999999999999999,0.0,1.0,0.0,0.0,0.0,0.6513157894736842,0.12626330683196335,0.0,1.0,1.0,1.0,1.0,0.5,0.0988454288407163,0.11267605633802817,0.5714285714285714,0.03587838872721703
2314,0.8,1.0,1.0,1.0,0.0,0.6666666666666666,0.35526315789473684,0.5588195660962134,0.0,0.0,1.0,1.0,0.0,0.0,0.05560791705937794,0.8028169014084507,0.7142857142857142,0.1322369428702711
2315,0.5857142857142857,1.0,0.0,0.0,0.5,1.0,0.45394736842105265,0.49764182724700173,0.0,1.0,1.0,1.0,0.0,1.0,0.0699923701808716,0.04225352112676056,0.5714285714285714,0.14140756624291623
2316,0.11428571428571427,0.0,1.0,1.0,0.5,0.6666666666666666,0.2302631578947368,0.06387279342406682,1.0,0.0,0.0,0.0,0.0,0.5,0.037909728767410195,0.0,0.42857142857142855,0.02282125899831521
2317,0.4857142857142857,0.0,1.0,0.0,0.0,1.0,0.19736842105263155,0.23352647891119793,0.0,0.0,0.0,1.0,0.0,1.0,0.03384946815672546,0.49295774647887325,0.2857142857142857,0.11095369377648441
2318,1.0,0.0,1.0,1.0,0.5,1.0,0.2236842105263158,0.5116561110362484,1.0,0.0,1.0,0.0,0.0,0.5,0.037394963560818256,0.07042253521126761,0.5714285714285714,0.1453897993567162
2319,0.7428571428571429,1.0,1.0,0.0,1.0,1.0,0.02631578947368421,0.16951893275838836,0.0,1.0,0.0,0.0,0.0,0.0,0.009425070688030161,0.028169014084507043,0.42857142857142855,0.06034614795527646
2320,0.7571428571428571,0.0,1.0,0.0,0.0,0.6666666666666666,0.19078947368421054,0.3503570947311683,0.0,0.0,0.0,0.0,0.0,0.5,0.03242922470066673,0.7605633802816901,0.14285714285714285,0.24969367437586154
2321,0.34285714285714286,1.0,1.0,0.0,0.5,0.6666666666666666,0.11842105263157895,0.12424201590082197,0.0,1.0,0.0,0.0,0.0,0.5,0.022092365692742692,0.028169014084507043,0.42857142857142855,0.04426405268800735
2322,0.9428571428571428,0.0,1.0,1.0,1.0,0.0,0.30263157894736836,0.5906212100795041,1.0,1.0,1.0,0.0,0.0,0.0,0.048658685835666154,0.028169014084507043,0.7142857142857142,0.13976744779700823
2323,0.8714285714285714,1.0,1.0,0.0,0.5,0.0,0.3092105263157895,0.5503301441854197,0.0,1.0,0.0,0.0,0.0,0.5,0.0491015779392539,0.07042253521126761,0.42857142857142855,0.19560805636391485
2324,0.7714285714285715,1.0,0.0,0.0,0.5,0.6666666666666666,0.506578947368421,0.7133809459641557,0.0,1.0,1.0,1.0,0.0,1.0,0.07776540142232885,0.056338028169014086,0.5714285714285714,0.20271098177362534
2325,0.6428571428571429,0.0,1.0,0.0,0.0,0.6666666666666666,0.3355263157894737,0.43538606656784795,0.0,0.0,0.0,0.0,0.0,0.5,0.05329262795557922,0.647887323943662,0.14285714285714285,0.310097258385664
2326,0.32857142857142857,0.0,1.0,1.0,0.0,0.3333333333333333,0.3092105263157895,0.2133135695997844,0.0,1.0,1.0,0.0,0.0,0.5,0.049520892240025136,0.3380281690140845,0.5714285714285714,0.06061418287639761
2327,0.6428571428571429,0.0,1.0,1.0,0.0,0.0,0.15789473684210528,0.2646543592507748,0.0,1.0,0.0,0.0,0.0,0.5,0.027332704995287463,0.647887323943662,0.42857142857142855,0.09413769336805024
2328,0.3,1.0,1.0,1.0,0.5,0.3333333333333333,0.5657894736842105,0.30912275973588466,0.0,0.0,0.0,1.0,0.0,0.0,0.08568246080027418,0.014084507042253521,0.5714285714285714,0.08783887272170318
2329,0.14285714285714285,1.0,0.0,1.0,1.0,0.6666666666666666,0.06578947368421054,0.04083007680905538,1.0,0.0,0.0,0.0,0.0,1.0,0.013966241110444689,0.0,0.42857142857142855,0.014636621228365752
2330,0.6714285714285715,0.0,1.0,1.0,0.0,1.0,0.6513157894736842,0.7608139064816062,0.0,0.0,0.0,0.0,0.0,0.5,0.09794219289978008,0.676056338028169,0.2857142857142857,0.3606728952876908
2331,0.09999999999999999,1.0,1.0,1.0,0.0,0.6666666666666666,0.3157894736842105,0.07074518258994743,1.0,0.0,1.0,0.0,0.0,1.0,0.050306314797360974,0.11267605633802817,0.7142857142857142,0.016662837596364936
2332,0.5428571428571429,1.0,1.0,1.0,0.0,0.0,0.12499999999999997,0.20078156582670798,0.0,0.0,0.0,0.0,0.0,0.0,0.023151840305468956,0.5492957746478874,0.42857142857142855,0.07145045183029561
2333,0.4857142857142857,0.0,1.0,1.0,0.5,0.6666666666666666,0.23684210526315788,0.2602075192022638,0.0,0.0,0.0,0.0,0.0,0.5,0.03918136528881109,0.028169014084507043,0.2857142857142857,0.12358962577219586
2334,0.6857142857142857,0.0,0.0,1.0,0.0,0.6666666666666666,0.013157894736842118,0.1412208597224094,1.0,0.0,1.0,0.0,0.0,0.0,0.007232299140202736,0.6901408450704225,0.42857142857142855,0.05029483841323327
2335,0.6428571428571429,0.0,1.0,0.0,0.5,0.6666666666666666,0.11184210526315788,0.22544131518663252,0.0,0.0,0.0,1.0,0.0,0.5,0.021370323320903162,0.04225352112676056,0.2857142857142857,0.10712462347475367
2336,0.5285714285714286,0.0,1.0,1.0,0.0,0.0,0.2236842105263158,0.27004446840048507,0.0,1.0,0.0,0.0,0.0,1.0,0.036856986953717946,0.5352112676056339,0.42857142857142855,0.09605222851891561
2337,0.09999999999999999,1.0,0.0,1.0,0.0,1.0,0.368421052631579,0.07788707721331356,0.0,0.0,0.0,1.0,1.0,0.0,0.056550424128180954,0.11267605633802817,0.42857142857142855,0.027799050390565173
2338,0.7571428571428571,0.0,0.0,1.0,0.0,0.0,0.08552631578947367,0.2371648025872524,1.0,0.0,0.0,0.0,0.0,0.5,0.0177680036303976,0.7605633802816901,0.2857142857142857,0.11267677541226324
2339,0.5142857142857143,0.0,1.0,0.0,1.0,0.3333333333333333,0.44736842105263164,0.43579032475407625,1.0,1.0,1.0,1.0,0.0,0.0,0.06954173777924956,0.014084507042253521,0.7142857142857142,0.10310409965793639
2340,0.5571428571428572,1.0,1.0,0.0,0.0,0.0,0.5592105263157895,0.5619188788572969,0.0,0.0,0.0,1.0,0.0,0.5,0.08539114043355324,0.5633802816901409,0.42857142857142855,0.1997243069382754
2341,0.4714285714285714,1.0,1.0,1.0,1.0,1.0,0.381578947368421,0.35170462201859587,1.0,0.0,0.0,1.0,0.0,0.5,0.05954427011143759,0.014084507042253521,0.7142857142857142,0.08319293408893653
2342,0.22857142857142856,1.0,1.0,1.0,0.0,0.3333333333333333,0.19736842105263155,0.11521358307505726,0.0,0.0,1.0,0.0,0.0,0.5,0.03498364473027665,0.23943661971830987,0.5714285714285714,0.032738551079797826
2343,0.45714285714285713,0.0,0.0,0.0,0.0,1.0,0.08552631578947367,0.14324215065355073,1.0,1.0,0.0,0.0,0.0,0.5,0.017564904464056202,0.4647887323943662,0.2857142857142857,0.06819574207382448
2344,0.6571428571428571,1.0,1.0,1.0,0.0,0.6666666666666666,0.013157894736842118,0.13636976148767013,1.0,0.0,1.0,1.0,0.0,1.0,0.0073796298153087185,0.6619718309859155,0.8571428571428571,0.02752554536901298
2345,0.7285714285714286,1.0,1.0,1.0,1.0,0.3333333333333333,0.48684210526315785,0.6520684543862013,0.0,1.0,1.0,0.0,0.0,0.0,0.0747661857463931,0.028169014084507043,0.7142857142857142,0.15431791494358504
2346,0.11428571428571427,1.0,0.0,1.0,0.5,0.6666666666666666,0.4144736842105263,0.09931276108341193,1.0,1.0,1.0,0.0,1.0,0.5,0.06545187977798722,0.0,0.7142857142857142,0.02342752846275591
2347,0.45714285714285713,1.0,1.0,1.0,0.0,1.0,0.3157894736842105,0.29942056326640615,0.0,0.0,0.0,0.0,0.0,0.5,0.050666895153228794,0.4647887323943662,0.42857142857142855,0.10648644509113188
2348,0.8428571428571429,1.0,1.0,0.0,0.5,0.6666666666666666,0.07236842105263158,0.23985985716210753,0.0,0.0,0.0,0.0,0.0,0.5,0.014985862393967951,0.07042253521126761,0.2857142857142857,0.11395313217950681
2349,0.2857142857142857,0.0,0.0,1.0,0.0,1.0,0.13815789473684212,0.11197951758523109,0.0,0.0,1.0,1.0,0.0,0.5,0.02472959023383152,0.29577464788732394,0.42857142857142855,0.03990848521978864
2350,0.8142857142857143,0.0,0.0,0.0,0.0,1.0,0.5394736842105263,0.7912680231774692,1.0,0.0,0.0,1.0,0.0,1.0,0.08245311839838798,0.8169014084507042,0.2857142857142857,0.37509572675754327
2351,0.9714285714285714,0.0,0.0,0.0,0.0,0.6666666666666666,0.3157894736842105,0.6305080177873601,0.0,0.0,1.0,1.0,0.0,0.0,0.05090904123809914,0.971830985915493,0.2857142857142857,0.2989610455914637
2352,0.12857142857142856,1.0,1.0,1.0,1.0,1.0,0.6381578947368421,0.15469613259668508,1.0,0.0,0.0,0.0,1.0,0.0,0.09632422243166824,0.0,0.5714285714285714,0.04395772706386889
2353,0.07142857142857142,0.0,0.0,1.0,0.0,0.0,0.6578947368421053,0.09553968467861473,0.0,1.0,0.0,1.0,1.0,0.5,0.1003770028275212,0.08450704225352113,0.42857142857142855,0.03406915300964926
2354,0.17142857142857143,1.0,1.0,1.0,0.0,0.6666666666666666,0.5328947368421053,0.1705969545883304,1.0,0.0,0.0,0.0,0.0,0.5,0.07960559704197782,0.18309859154929578,0.5714285714285714,0.048476030019911166
2355,0.9142857142857143,1.0,1.0,1.0,0.0,0.6666666666666666,0.17105263157894737,0.4002156043659884,1.0,0.0,0.0,1.0,0.0,0.5,0.030073225549191618,0.9154929577464789,0.7142857142857142,0.09468014499412876
2356,0.2714285714285714,0.0,0.0,1.0,0.0,0.6666666666666666,1.0,0.11440506670260071,0.0,0.0,0.0,1.0,0.0,1.0,0.02747408105560791,0.28169014084507044,0.2857142857142857,0.054538724664318174
2357,0.8,1.0,1.0,0.0,0.0,0.3333333333333333,0.17105263157894737,0.3463145128688856,0.0,1.0,0.0,0.0,0.0,0.0,0.029531888155827836,0.8028169014084507,0.42857142857142855,0.12314290090366059
2358,0.6428571428571429,0.0,0.0,1.0,0.0,0.0,0.6513157894736842,0.7350761352917397,1.0,1.0,0.0,0.0,0.0,0.0,0.09886079580379462,0.647887323943662,0.42857142857142855,0.26122874865982537
2359,0.09999999999999999,0.0,1.0,0.0,0.0,0.3333333333333333,0.2236842105263158,0.05444010241207384,1.0,1.0,0.0,1.0,0.0,0.0,0.03605089538171536,0.11267605633802817,0.5714285714285714,0.015469444018992189
2360,0.12857142857142856,0.0,1.0,1.0,1.0,0.6666666666666666,0.4671052631578947,0.1200646813097965,0.0,0.0,0.0,0.0,1.0,0.5,0.07210179076343072,0.0,0.2857142857142857,0.05721907387552969
2361,0.9428571428571428,1.0,0.0,0.0,0.0,0.3333333333333333,0.631578947368421,0.9999999999999999,1.0,0.0,0.0,0.0,0.0,0.5,0.0913950511345253,0.943661971830986,0.2857142857142857,0.4739495583805586
2362,0.14285714285714285,0.0,1.0,0.0,0.0,0.6666666666666666,0.5394736842105263,0.14822800161703273,1.0,0.0,0.0,0.0,1.0,0.0,0.0822551623682632,0.15492957746478875,0.2857142857142857,0.0705570020932251
2363,0.15714285714285714,0.0,1.0,1.0,0.0,0.6666666666666666,0.39473684210526316,0.1245115213583075,1.0,1.0,0.0,1.0,0.0,0.0,0.0604775369148602,0.16901408450704225,0.7142857142857142,0.02939449634961965
2364,0.12857142857142856,1.0,1.0,1.0,0.0,1.0,0.11184210526315788,0.04635493868750842,1.0,1.0,0.0,1.0,0.0,0.5,0.020546654099905748,0.14084507042253522,0.8571428571428571,0.009255409929326303
2365,0.34285714285714286,0.0,0.0,1.0,1.0,0.3333333333333333,0.11842105263157895,0.12437676862956472,1.0,1.0,1.0,0.0,0.0,0.5,0.022130065975494814,0.014084507042253521,0.5714285714285714,0.03534231888497473
2366,0.6857142857142857,1.0,1.0,1.0,0.0,0.6666666666666666,0.32894736842105265,0.4550599649642905,1.0,1.0,0.0,0.0,0.0,1.0,0.052030237165554244,0.6901408450704225,0.7142857142857142,0.10766707510083218
2367,0.6857142857142857,1.0,1.0,1.0,1.0,0.3333333333333333,0.631578947368421,0.7587926155504648,0.0,0.0,0.0,0.0,0.0,0.0,0.09538556233049299,0.028169014084507043,0.42857142857142855,0.269652703323633
2368,0.14285714285714285,1.0,1.0,1.0,0.5,1.0,0.5986842105263158,0.16102951084759465,1.0,0.0,0.0,0.0,1.0,0.5,0.09039499614428925,0.0,0.5714285714285714,0.04575739010568234
2369,0.8714285714285714,1.0,0.0,1.0,0.5,0.3333333333333333,0.11184210526315788,0.3023851232987468,0.0,1.0,0.0,0.0,0.0,0.5,0.021130400413486974,0.07042253521126761,0.42857142857142855,0.10753943942410783
2370,0.49999999999999994,1.0,0.0,0.0,0.0,0.6666666666666666,0.19078947368421054,0.23500875892736828,0.0,1.0,1.0,1.0,0.0,0.0,0.03283066289663839,0.5070422535211268,0.5714285714285714,0.0667789860621841
2371,0.5428571428571429,0.0,0.0,1.0,0.0,0.3333333333333333,0.38815789473684215,0.41247810268157925,0.0,1.0,1.0,1.0,0.0,0.5,0.06111795838468788,0.5492957746478874,0.5714285714285714,0.11720784193597794
2372,0.7428571428571429,0.0,1.0,1.0,0.0,0.6666666666666666,0.3157894736842105,0.48281902708529845,0.0,1.0,0.0,1.0,0.0,0.5,0.050770899649671894,0.7464788732394366,0.5714285714285714,0.1371955889110124
2373,0.7857142857142857,1.0,1.0,1.0,1.0,0.3333333333333333,0.07894736842105263,0.23824282441719444,1.0,0.0,1.0,0.0,0.0,0.0,0.016796822404739464,0.028169014084507043,0.7142857142857142,0.056325624138459186
2374,0.0,1.0,1.0,1.0,0.0,0.6666666666666666,0.24342105263157895,0.003099312761083412,1.0,0.0,1.0,0.0,0.0,0.5,0.021677662582469365,0.014084507042253521,0.7142857142857142,0.0006445601674580079
2375,0.7857142857142857,1.0,1.0,1.0,0.0,0.6666666666666666,0.631578947368421,0.8660557876296995,0.0,0.0,1.0,0.0,0.0,0.5,0.09521004443247609,0.7887323943661972,0.5714285714285714,0.24609434829223467
2376,0.04285714285714286,1.0,1.0,0.0,0.0,1.0,0.631578947368421,0.059695458833041365,1.0,0.0,0.0,0.0,1.0,0.5,0.09448633364750235,0.056338028169014086,0.42857142857142855,0.021337494256394546
2377,0.41428571428571426,0.0,0.0,1.0,0.5,0.6666666666666666,0.368421052631579,0.3053496833310874,1.0,1.0,0.0,0.0,0.0,1.0,0.058435438265786996,0.028169014084507043,0.42857142857142855,0.10859243375708379
2378,0.15714285714285714,1.0,0.0,1.0,0.5,0.6666666666666666,0.42105263157894735,0.1330009432691012,0.0,1.0,0.0,1.0,0.0,0.0,0.06542569902607603,0.014084507042253521,0.5714285714285714,0.0377929238780824
2379,0.4857142857142857,1.0,1.0,1.0,0.0,0.3333333333333333,0.1513157894736842,0.196334725778197,1.0,1.0,1.0,1.0,0.0,0.0,0.02641712669987882,0.49295774647887325,1.0,0.03466744524429469
2380,0.7285714285714286,1.0,1.0,1.0,0.0,0.0,0.493421052631579,0.656111036248484,0.0,0.0,0.0,0.0,0.0,0.5,0.07530993982454869,0.7323943661971831,0.42857142857142855,0.23318080869964772
2381,0.42857142857142855,1.0,0.0,1.0,0.0,0.0,0.0394736842105263,0.10106454655706777,0.0,0.0,1.0,0.0,0.0,0.0,0.010033139764677266,0.4366197183098592,0.42857142857142855,0.03603155153928626
2382,0.9571428571428572,1.0,1.0,0.0,0.0,0.6666666666666666,0.1513157894736842,0.3841800296456003,0.0,0.0,1.0,0.0,0.0,0.5,0.026514941509120142,0.9577464788732395,0.42857142857142855,0.13659251033848982
2383,0.7285714285714286,1.0,1.0,1.0,0.5,0.0,0.006578947368421045,0.14216412882360868,0.0,1.0,0.0,1.0,0.0,0.5,0.00618067135503516,0.056338028169014086,0.7142857142857142,0.03357456476234237
2384,0.0857142857142857,1.0,1.0,1.0,1.0,1.0,0.256578947368421,0.05295782239590351,1.0,0.0,1.0,0.0,0.0,0.5,0.04160495489430457,0.0,0.7142857142857142,0.01245086026446112
2385,0.3,0.0,1.0,0.0,0.5,0.3333333333333333,0.5657894736842105,0.30750572699097156,0.0,1.0,1.0,0.0,0.0,0.0,0.08516836603547254,0.014084507042253521,0.42857142857142855,0.10935824781742993
2386,0.7857142857142857,1.0,0.0,1.0,0.0,0.6666666666666666,0.6513157894736842,0.8892332569734537,1.0,1.0,1.0,1.0,0.0,0.0,0.09810488757237107,0.7887323943661972,0.8571428571428571,0.18033280091022472
2387,0.8142857142857143,0.0,1.0,1.0,0.5,0.0,0.4407894736842105,0.6764586982886402,0.0,1.0,1.0,0.0,0.0,0.0,0.06860801456010919,0.056338028169014086,0.5714285714285714,0.19221932914688314
2388,0.9,0.0,1.0,0.0,1.0,0.6666666666666666,0.493421052631579,0.8135022234200242,1.0,1.0,0.0,1.0,0.0,0.5,0.07591599905749292,0.028169014084507043,0.5714285714285714,0.23116097411548478
2389,0.15714285714285714,0.0,1.0,1.0,1.0,0.6666666666666666,0.1776315789473684,0.0727664735210888,0.0,0.0,1.0,0.0,0.0,0.5,0.03031731071316368,0.0,0.42857142857142855,0.02598024199724307
2390,0.0857142857142857,0.0,0.0,0.0,1.0,0.6666666666666666,0.3486842105263158,0.06791537528634954,0.0,0.0,0.0,0.0,1.0,0.5,0.056550424128180954,0.0,0.0,0.09863685097258386
2391,0.7714285714285715,0.0,1.0,1.0,0.0,0.6666666666666666,0.48684210526315785,0.6915510039078291,1.0,1.0,0.0,1.0,0.0,0.5,0.07498928969239996,0.7746478873239436,0.7142857142857142,0.16366722826364424
2392,0.8714285714285714,1.0,1.0,1.0,0.5,0.6666666666666666,0.32894736842105265,0.5825360463549386,1.0,1.0,1.0,0.0,0.0,0.5,0.052734790672220366,0.07042253521126761,0.8571428571428571,0.11808305800494497
2393,0.7714285714285715,0.0,0.0,1.0,1.0,0.6666666666666666,0.05921052631578946,0.21223554776984233,1.0,1.0,0.0,1.0,0.0,0.5,0.014034787079084909,0.028169014084507043,0.5714285714285714,0.06030785725225916
2394,0.49999999999999994,1.0,0.0,1.0,0.5,0.3333333333333333,0.493421052631579,0.45479045950680497,1.0,1.0,0.0,1.0,0.0,1.0,0.07553146926379725,0.04225352112676056,0.7142857142857142,0.10760325726247001
2395,0.32857142857142857,1.0,0.0,1.0,0.0,0.6666666666666666,0.14473684210526314,0.1351569869289853,1.0,1.0,0.0,0.0,0.0,0.5,0.02674363807728558,0.3380281690140845,0.5714285714285714,0.03840557512635932
2396,0.6142857142857143,0.0,0.0,1.0,1.0,0.3333333333333333,0.06578947368421054,0.17383102007815657,0.0,0.0,0.0,0.0,0.0,1.0,0.01473738325764716,0.014084507042253521,0.14285714285714285,0.12429162199417981
2397,0.22857142857142856,1.0,1.0,0.0,0.0,0.6666666666666666,0.3157894736842105,0.15307909985177198,1.0,1.0,0.0,1.0,0.0,0.5,0.05056273216166768,0.23943661971830987,0.7142857142857142,0.036159187216010615
2398,0.014285714285714285,1.0,1.0,0.0,0.0,0.6666666666666666,0.05263157894736842,0.003907829133539953,1.0,0.0,1.0,1.0,0.0,1.0,0.007068803016022619,0.028169014084507043,0.7142857142857142,0.000836013682544545
2399,0.17142857142857143,1.0,1.0,1.0,0.0,1.0,0.4144736842105263,0.14472443066972107,0.0,1.0,0.0,0.0,0.0,0.5,0.0656854926411948,0.18309859154929578,0.5714285714285714,0.04112421504058814
2400,0.42857142857142855,1.0,1.0,1.0,0.5,1.0,0.4276315789473685,0.3496833310874545,1.0,1.0,0.0,1.0,0.0,0.5,0.06612751208537289,0.028169014084507043,0.8571428571428571,0.07082139028072555
2401,0.3857142857142857,1.0,0.0,0.0,0.0,1.0,0.17105263157894737,0.17194448187575798,1.0,1.0,0.0,1.0,0.0,0.0,0.03022754813518244,0.3943661971830986,0.5714285714285714,0.04885893705008424
2402,0.8428571428571429,0.0,0.0,0.0,0.0,1.0,0.6381578947368421,0.940035035709473,0.0,0.0,0.0,1.0,0.0,0.5,0.09660697455230914,0.8450704225352113,0.14285714285714285,0.6685939653852044
2403,0.3714285714285714,1.0,0.0,1.0,0.5,0.6666666666666666,0.5460526315789473,0.3724565422449804,0.0,0.0,0.0,0.0,0.0,0.0,0.08377840611582364,0.028169014084507043,0.2857142857142857,0.17674988512789094
2404,0.19999999999999998,1.0,1.0,0.0,0.5,0.0,0.07236842105263158,0.059695458833041365,1.0,1.0,1.0,0.0,0.0,1.0,0.01551994973295633,0.014084507042253521,0.7142857142857142,0.014046306223515598
2405,0.45714285714285713,0.0,0.0,1.0,0.5,1.0,0.493421052631579,0.42123703004985846,1.0,0.0,0.0,1.0,0.0,0.5,0.07648587667437809,0.028169014084507043,0.42857142857142855,0.14975493950068924
2406,0.2714285714285714,0.0,0.0,1.0,0.0,0.6666666666666666,0.23684210526315788,0.1467457216008624,1.0,1.0,0.0,0.0,0.0,0.0,0.03878416588124411,0.28169014084507044,0.42857142857142855,0.052257236942870273
2407,0.5857142857142857,0.0,1.0,1.0,0.5,0.3333333333333333,0.5,0.5360463549386875,1.0,0.0,1.0,1.0,0.0,0.0,0.07638795386203492,0.04225352112676056,0.7142857142857142,0.12684433552866697
2408,0.15714285714285714,1.0,0.0,0.0,0.0,0.0,0.5328947368421053,0.16102951084759465,1.0,1.0,1.0,0.0,0.0,1.0,0.08176248821866164,0.16901408450704225,0.5714285714285714,0.04575739010568234
2409,0.3142857142857143,1.0,1.0,0.0,0.0,0.6666666666666666,0.10526315789473684,0.11022773211157524,0.0,0.0,0.0,1.0,0.0,0.0,0.020899069786501655,0.323943661971831,0.42857142857142855,0.039286261295757394
2410,0.1857142857142857,1.0,1.0,0.0,0.0,0.3333333333333333,0.4407894736842105,0.1618380272200512,0.0,0.0,0.0,1.0,0.0,0.5,0.06860105022216238,0.1971830985915493,0.42857142857142855,0.057617935365293305
2411,0.34285714285714286,0.0,1.0,1.0,1.0,0.3333333333333333,0.5723684210526315,0.35736423662579164,1.0,0.0,1.0,0.0,0.0,0.5,0.0873138548539114,0.014084507042253521,0.5714285714285714,0.10154694440189924
2412,0.42857142857142855,0.0,1.0,0.0,0.0,1.0,0.21710526315789472,0.21614337690338228,0.0,1.0,1.0,1.0,0.0,0.5,0.03599768933750874,0.4366197183098592,0.5714285714285714,0.06141828763976107
2413,0.7571428571428571,1.0,1.0,1.0,0.0,0.6666666666666666,0.05921052631578946,0.20239859857162107,1.0,1.0,0.0,1.0,0.0,0.0,0.013264914301672075,0.7605633802816901,0.8571428571428571,0.04092729142507057
2414,0.05714285714285714,1.0,1.0,1.0,0.0,0.3333333333333333,0.019736842105263164,0.013340520145532947,0.0,0.0,1.0,0.0,0.0,1.0,0.008105560791705938,0.07042253521126761,0.5714285714285714,0.0037907795987134323
2415,0.17142857142857143,0.0,0.0,1.0,0.0,0.6666666666666666,0.07236842105263158,0.05444010241207384,0.0,0.0,1.0,0.0,0.0,0.0,0.017110128325962443,0.18309859154929578,0.2857142857142857,0.026139786593148518
2416,0.3857142857142857,1.0,1.0,1.0,1.0,0.6666666666666666,0.006578947368421045,0.07505726990971566,0.0,0.0,0.0,1.0,0.0,0.0,0.006025313046990707,0.014084507042253521,0.5714285714285714,0.02132792158064022
2417,0.6,0.0,0.0,0.0,1.0,0.6666666666666666,0.21710526315789472,0.30521493060234467,1.0,1.0,0.0,0.0,0.0,0.5,0.036757775683317624,0.014084507042253521,0.2857142857142857,0.14490478378516364
2418,0.6571428571428571,1.0,1.0,1.0,0.0,0.0,0.19736842105263155,0.31262633068319634,1.0,1.0,0.0,0.0,0.0,0.5,0.03360940100667776,0.6619718309859155,0.7142857142857142,0.07393934752642059
2419,1.0,1.0,1.0,0.0,0.0,0.3333333333333333,0.07894736842105263,0.2969950141490365,0.0,0.0,0.0,0.0,0.0,0.5,0.016248290876266076,1.0,0.2857142857142857,0.14101189564507072
2420,0.5285714285714286,0.0,1.0,1.0,0.0,0.0,0.4342105263157895,0.43282576472173556,1.0,1.0,0.0,0.0,0.0,0.5,0.06681879061461382,0.5352112676056339,0.5714285714285714,0.12298973809159137
2421,0.9428571428571428,1.0,1.0,1.0,0.5,0.3333333333333333,0.6578947368421053,0.9999999999999999,1.0,1.0,0.0,0.0,0.0,0.0,0.0913950511345253,0.07042253521126761,0.7142857142857142,0.23670674426915814
2422,0.8714285714285714,1.0,1.0,0.0,0.0,0.6666666666666666,0.5986842105263158,0.916722813636976,1.0,0.0,1.0,0.0,0.0,0.0,0.090435073424341,0.8732394366197184,0.5714285714285714,0.26049165262674223
2423,0.5428571428571429,1.0,1.0,1.0,0.0,0.6666666666666666,0.17105263157894737,0.23703004985850962,0.0,1.0,1.0,1.0,0.0,0.5,0.02965272239541796,0.5492957746478874,0.8571428571428571,0.04795637047896199
2424,0.5142857142857143,0.0,1.0,0.0,0.0,0.0,0.506578947368421,0.48052823069667155,1.0,1.0,1.0,0.0,0.0,1.0,0.077998828234455,0.5211267605633803,0.5714285714285714,0.13654464695971819
2425,0.09999999999999999,1.0,1.0,0.0,0.0,0.3333333333333333,0.618421052631579,0.12208597224093787,0.0,1.0,0.0,0.0,1.0,0.5,0.09519321394910461,0.11267605633802817,0.42857142857142855,0.0434982386276612
2426,0.7285714285714286,1.0,0.0,1.0,0.0,1.0,0.5986842105263158,0.7745586848133674,1.0,0.0,0.0,1.0,0.0,0.5,0.09124193431450736,0.7323943661971831,0.5714285714285714,0.22009496094348294
2427,0.45714285714285713,1.0,1.0,0.0,0.0,0.6666666666666666,0.5855263157894737,0.47958496159547226,1.0,1.0,0.0,1.0,0.0,1.0,0.08885271184988432,0.4647887323943662,0.7142857142857142,0.11347449839179048
2428,0.5857142857142857,1.0,1.0,1.0,0.0,0.6666666666666666,0.5197368421052632,0.9999999999999999,0.0,0.0,0.0,1.0,0.0,0.5,0.1536510928593869,0.5915492957746479,0.5714285714285714,0.2841553070914382
2429,0.3714285714285714,1.0,1.0,0.0,0.0,0.6666666666666666,0.19736842105263155,0.1788168710416386,1.0,1.0,0.0,1.0,0.0,0.5,0.03361608545397424,0.38028169014084506,0.7142857142857142,0.04225379077959871
2430,0.09999999999999999,0.0,1.0,1.0,1.0,0.6666666666666666,0.05921052631578946,0.027489556663522433,1.0,1.0,0.0,1.0,0.0,0.5,0.01248821866163996,0.0,0.7142857142857142,0.006420074539235207
2431,0.3142857142857143,1.0,1.0,1.0,0.0,0.6666666666666666,0.3223684210526315,0.20994475138121546,1.0,0.0,1.0,1.0,0.0,1.0,0.05122321026103348,0.323943661971831,0.8571428571428571,0.04245891954576286
2432,0.9,1.0,0.0,1.0,0.0,0.3333333333333333,0.0394736842105263,0.21654763508961056,1.0,0.0,0.0,1.0,0.0,0.5,0.010676837888784166,0.9014084507042254,0.5714285714285714,0.06153315974881299
2433,0.2714285714285714,0.0,0.0,1.0,1.0,1.0,0.6578947368421053,0.3194987198490769,0.0,1.0,0.0,0.0,0.0,0.0,0.09919886899151743,0.0,0.2857142857142857,0.15166947465155461
2434,0.21428571428571427,0.0,1.0,0.0,1.0,0.0,0.23684210526315788,0.11710012127745585,1.0,1.0,0.0,0.0,0.0,1.0,0.03881950989632422,0.0,0.42857142857142855,0.041727293613110734
2435,0.22857142857142856,0.0,1.0,0.0,0.0,0.6666666666666666,0.631578947368421,0.26478911197951754,0.0,1.0,1.0,1.0,0.0,1.0,0.09652381216388534,0.23943661971830987,0.5714285714285714,0.07524123142900904
2436,0.2571428571428571,0.0,1.0,0.0,0.5,0.6666666666666666,0.5131578947368421,0.2480797736154157,0.0,0.0,0.0,0.0,0.0,1.0,0.07882335433305224,0.014084507042253521,0.14285714285714285,0.17703706540052075
2437,0.09999999999999999,0.0,0.0,1.0,0.0,1.0,0.2763157894736842,0.061851502492925474,1.0,1.0,0.0,0.0,0.0,0.5,0.0425306314797361,0.11267605633802817,0.42857142857142855,0.022103308316740695
2438,0.5285714285714286,0.0,1.0,0.0,0.5,0.3333333333333333,0.07894736842105263,0.16049049993262363,1.0,0.0,0.0,0.0,0.0,1.0,0.016692296244853414,0.04225352112676056,0.2857142857142857,0.0763644253841834
2439,0.5285714285714286,0.0,1.0,1.0,1.0,1.0,0.15789473684210528,0.22045546422315052,1.0,0.0,0.0,0.0,0.0,0.5,0.02772955007688873,0.014084507042253521,0.42857142857142855,0.07843850513095421
2440,0.7428571428571429,0.0,0.0,1.0,0.0,0.3333333333333333,0.44736842105263164,0.622827112249023,1.0,0.0,1.0,1.0,0.0,0.5,0.06924759482865933,0.7464788732394366,0.5714285714285714,0.17697962934599482
2441,0.42857142857142855,0.0,0.0,1.0,0.0,0.3333333333333333,0.5460526315789473,0.4278399137582536,0.0,0.0,1.0,0.0,0.0,0.5,0.08376151530813901,0.4366197183098592,0.2857142857142857,0.20297901669474652
2442,0.6142857142857143,1.0,0.0,1.0,0.0,0.6666666666666666,0.6447368421052632,0.6953240803126263,1.0,0.0,0.0,0.0,0.0,0.5,0.09763516408191243,0.619718309859155,0.42857142857142855,0.2471090519221933
2443,0.8428571428571429,0.0,0.0,0.0,0.5,0.6666666666666666,0.09210526315789472,0.2669451556394017,0.0,1.0,0.0,1.0,0.0,1.0,0.01814326107445806,0.07042253521126761,0.2857142857142857,0.1267805176903048
2444,0.22857142857142856,0.0,0.0,1.0,0.0,0.0,0.10526315789473684,0.0805821317881687,1.0,1.0,0.0,1.0,0.0,0.5,0.02073515551366635,0.23943661971830987,0.5714285714285714,0.022897840404349824
2445,0.5428571428571429,0.0,1.0,1.0,0.5,1.0,0.032894736842105254,0.12424201590082197,1.0,1.0,0.0,0.0,0.0,0.5,0.009425070688030161,0.04225352112676056,0.5714285714285714,0.035304028181957416
2446,0.5857142857142857,1.0,1.0,0.0,0.0,0.6666666666666666,0.1776315789473684,0.258455733728608,1.0,0.0,0.0,1.0,0.0,0.5,0.030160226201696512,0.5915492957746479,0.5714285714285714,0.07344156838719558
2447,0.6714285714285715,1.0,0.0,0.0,0.0,1.0,0.5460526315789473,0.6574585635359116,1.0,0.0,1.0,0.0,0.0,0.0,0.08288171536286522,0.676056338028169,0.42857142857142855,0.23365944248736406
2448,0.15714285714285714,0.0,1.0,0.0,0.0,1.0,0.13157894736842105,0.0642770516102951,0.0,1.0,0.0,0.0,0.0,1.0,0.025369148601947847,0.16901408450704225,0.2857142857142857,0.030798488793587583
2449,0.24285714285714283,1.0,0.0,1.0,0.0,0.3333333333333333,0.36184210526315785,0.17895162377038135,0.0,0.0,0.0,0.0,0.0,0.5,0.057074039166404855,0.2535211267605634,0.2857142857142857,0.0851074692398019
2450,0.07142857142857142,0.0,1.0,0.0,0.0,0.6666666666666666,0.29605263157894735,0.04945425144859183,1.0,0.0,0.0,1.0,0.0,0.0,0.04665409990574929,0.08450704225352113,0.42857142857142855,0.017699877469750346
2451,0.6,1.0,1.0,1.0,0.0,0.6666666666666666,0.21710526315789472,0.30278938148497503,0.0,1.0,1.0,0.0,0.0,0.5,0.036363237840562876,0.6056338028169014,0.7142857142857142,0.07160999642620106
2452,0.4857142857142857,1.0,1.0,1.0,0.5,1.0,0.4078947368421053,0.38377577145937203,0.0,1.0,1.0,1.0,0.0,0.0,0.06387505049145012,0.028169014084507043,0.8571428571428571,0.0777410673259961
2453,0.7571428571428571,1.0,1.0,0.0,0.5,0.0,0.3355263157894737,0.5101738310200781,0.0,1.0,1.0,1.0,0.0,0.5,0.053129472545118156,0.056338028169014086,0.7142857142857142,0.1207178230458978
2454,0.8714285714285714,0.0,1.0,0.0,1.0,0.0,0.2236842105263158,0.4465705430534968,0.0,0.0,0.0,0.0,0.0,0.5,0.03739624821379709,0.028169014084507043,0.14285714285714285,0.3180425792617553
2455,0.9714285714285714,0.0,0.0,0.0,0.0,0.3333333333333333,0.45394736842105265,0.8263037326505861,0.0,1.0,0.0,1.0,0.0,0.5,0.07075632777390757,0.971830985915493,0.2857142857142857,0.39168836473170976
2456,0.21428571428571427,1.0,1.0,1.0,1.0,0.0,0.18421052631578946,0.10119929928581052,0.0,1.0,0.0,0.0,0.0,0.5,0.03186852026390198,0.0,0.5714285714285714,0.028756317965997855
2457,0.09999999999999999,0.0,0.0,0.0,0.5,1.0,0.4276315789473685,0.08947581188519066,1.0,0.0,1.0,0.0,1.0,0.0,0.06668237511781339,0.0,0.2857142857142857,0.042732424567315054
2458,0.42857142857142855,1.0,1.0,0.0,0.0,0.6666666666666666,0.631578947368421,0.483627543457755,1.0,0.0,1.0,1.0,0.0,1.0,0.09634854519473411,0.4366197183098592,0.7142857142857142,0.11443176596722315
2459,0.12857142857142856,0.0,1.0,1.0,0.0,1.0,0.48026315789473684,0.1254547904595068,0.0,0.0,0.0,0.0,1.0,1.0,0.07587181903864279,0.14084507042253522,0.2857142857142857,0.05977178741001685
2460,0.7857142857142857,0.0,1.0,1.0,0.0,0.0,0.2763157894736842,0.46368413960382693,0.0,0.0,0.0,0.0,0.0,0.5,0.04495422108522956,0.7887323943661972,0.2857142857142857,0.21995456169908614
2461,0.9857142857142858,1.0,1.0,0.0,1.0,0.3333333333333333,0.493421052631579,0.8928715806495081,0.0,1.0,0.0,0.0,0.0,0.5,0.07620842870607245,0.028169014084507043,0.42857142857142855,0.3172767652014091
2462,0.2714285714285714,1.0,0.0,1.0,0.0,0.3333333333333333,0.5328947368421053,0.27071823204419887,0.0,0.0,1.0,0.0,0.0,0.5,0.08213949104618284,0.28169014084507044,0.42857142857142855,0.09629154541277378
2463,0.05714285714285714,1.0,0.0,0.0,0.0,0.0,0.21710526315789472,0.03490095674437407,1.0,0.0,1.0,0.0,0.0,1.0,0.038265786993402454,0.07042253521126761,0.42857142857142855,0.012530632562413846
2464,0.3142857142857143,0.0,0.0,1.0,0.0,1.0,0.4671052631578947,0.2804204285136774,0.0,0.0,0.0,0.0,0.0,0.5,0.07265500143424988,0.323943661971831,0.14285714285714285,0.2000114872109052
2465,0.11428571428571427,0.0,0.0,0.0,1.0,0.6666666666666666,0.2894736842105263,0.07370974262228809,0.0,1.0,1.0,0.0,0.0,0.5,0.04555450832547911,0.0,0.2857142857142857,0.035265737478940115
2466,0.8142857142857143,1.0,1.0,0.0,0.0,0.6666666666666666,0.5394736842105263,0.7932893141086106,0.0,1.0,0.0,0.0,0.0,0.0,0.08269687022652669,0.8169014084507042,0.42857142857142855,0.2819057282891714
2467,0.8285714285714286,1.0,0.0,1.0,0.0,0.3333333333333333,0.19736842105263155,0.39320846247136504,0.0,1.0,1.0,0.0,0.0,0.5,0.03364270994744325,0.8309859154929577,0.5714285714285714,0.11173227140450298
2468,0.7571428571428571,0.0,0.0,0.0,0.0,0.6666666666666666,0.618421052631579,0.8263037326505861,1.0,0.0,1.0,0.0,0.0,0.5,0.09407616853422696,0.7605633802816901,0.2857142857142857,0.39168836473170976
2469,0.6428571428571429,1.0,0.0,1.0,0.0,1.0,0.381578947368421,0.47540762700444683,1.0,1.0,0.0,1.0,0.0,0.5,0.05937794533459001,0.647887323943662,0.7142857142857142,0.11248532189717671
2470,0.3,0.0,1.0,1.0,0.0,0.6666666666666666,0.23684210526315788,0.1599514890176526,0.0,0.0,0.0,1.0,0.0,0.5,0.03825721874732242,0.3098591549295775,0.42857142857142855,0.056947848062490425
2471,0.9,1.0,0.0,1.0,0.0,0.0,0.2763157894736842,0.5332165476350895,1.0,0.0,1.0,0.0,0.0,0.5,0.045284519321394906,0.9014084507042254,0.5714285714285714,0.15151631183948538
2472,0.09999999999999999,1.0,1.0,1.0,1.0,1.0,0.2302631578947368,0.058347931545613796,1.0,1.0,0.0,1.0,0.0,0.0,0.03946748350612629,0.0,0.8571428571428571,0.011689604621140843
2473,0.2714285714285714,1.0,0.0,0.0,1.0,1.0,0.09868421052631579,0.08961056461393342,1.0,0.0,0.0,0.0,0.0,1.0,0.01880301602262017,0.0,0.2857142857142857,0.04279624240567724
2474,0.7142857142857143,1.0,1.0,0.0,0.5,1.0,0.04605263157894737,0.18420698019134887,1.0,1.0,1.0,0.0,0.0,0.0,0.012326514017482582,0.056338028169014086,0.7142857142857142,0.04353014754684229
2475,0.5428571428571429,1.0,1.0,1.0,0.0,0.6666666666666666,0.21710526315789472,0.2722005120603692,0.0,0.0,1.0,1.0,0.0,0.0,0.03596026970202276,0.5492957746478874,0.7142857142857142,0.06436667177209374
2476,0.5142857142857143,1.0,1.0,1.0,0.5,0.3333333333333333,0.30263157894736836,0.32515833445627274,0.0,1.0,0.0,0.0,0.0,0.5,0.04862827011743129,0.04225352112676056,0.5714285714285714,0.09239546638076275
2477,0.7000000000000001,1.0,1.0,1.0,0.0,0.6666666666666666,0.24342105263157895,0.3759601131922921,0.0,1.0,1.0,1.0,0.0,0.5,0.03966069745523091,0.7042253521126761,0.8571428571428571,0.07615473820099337
2478,0.4714285714285714,0.0,1.0,0.0,0.0,0.3333333333333333,0.013157894736842118,0.09459641557741542,1.0,1.0,0.0,0.0,0.0,0.5,0.006652991073903641,0.47887323943661975,0.42857142857142855,0.03373410935824782
2479,0.45714285714285713,0.0,0.0,0.0,1.0,0.6666666666666666,0.381578947368421,0.3437542110227732,0.0,0.0,0.0,1.0,0.0,0.0,0.06006340502099221,0.014084507042253521,0.14285714285714285,0.24500306325624138
2480,0.42857142857142855,1.0,1.0,0.0,1.0,1.0,0.09868421052631579,0.13973857970623904,0.0,0.0,1.0,0.0,0.0,0.0,0.018758931014563253,0.014084507042253521,0.42857142857142855,0.04976834124674529
2481,0.7571428571428571,0.0,1.0,0.0,0.0,0.6666666666666666,0.14473684210526314,0.29712976687777926,0.0,1.0,1.0,0.0,0.0,0.5,0.02553496003071875,0.7605633802816901,0.42857142857142855,0.1056727676520141
2482,0.6142857142857143,0.0,1.0,1.0,1.0,0.6666666666666666,0.08552631578947367,0.18905807842608813,0.0,1.0,1.0,0.0,0.0,1.0,0.017157912775254903,0.014084507042253521,0.5714285714285714,0.053721856333282275
2483,0.4714285714285714,1.0,1.0,1.0,1.0,1.0,0.3486842105263158,0.32637110901495753,0.0,0.0,1.0,1.0,0.0,0.0,0.054332760436879735,0.014084507042253521,0.7142857142857142,0.07719405728289172
2484,1.0,1.0,1.0,0.0,0.5,0.0,0.06578947368421054,0.2806899339711629,1.0,1.0,1.0,0.0,0.0,0.5,0.014642046435066572,0.07042253521126761,0.7142857142857142,0.06637693368050238
2485,0.8714285714285714,1.0,1.0,0.0,0.5,0.6666666666666666,0.17105263157894737,0.37838566230966175,1.0,0.0,0.0,1.0,0.0,0.0,0.029704174394211177,0.07042253521126761,0.5714285714285714,0.10752029407259917
2486,0.3142857142857143,1.0,1.0,0.0,0.5,1.0,0.30263157894736836,0.2010510712841935,0.0,0.0,0.0,1.0,0.0,0.5,0.04851862475925091,0.014084507042253521,0.42857142857142855,0.07154617858783888
2487,0.6428571428571429,0.0,1.0,0.0,0.0,0.6666666666666666,0.11184210526315788,0.2230157660692629,0.0,0.0,0.0,0.0,0.0,0.5,0.021001516207023722,0.647887323943662,0.14285714285714285,0.15923188849747283
2488,0.7857142857142857,0.0,1.0,0.0,0.0,0.6666666666666666,0.29605263157894735,0.4867268562188384,0.0,0.0,0.0,1.0,0.0,1.0,0.047832233741753064,0.7887323943661972,0.2857142857142857,0.23086741205901876
2489,0.0857142857142857,1.0,1.0,0.0,0.5,0.3333333333333333,0.2302631578947368,0.046893949602479446,1.0,1.0,1.0,0.0,0.0,0.5,0.03554598088057089,0.0,0.7142857142857142,0.011014958901312094
2490,0.8571428571428572,1.0,1.0,0.0,0.0,0.3333333333333333,0.5723684210526315,0.8696941113057539,0.0,1.0,1.0,0.0,0.0,0.5,0.08674155220098577,0.8591549295774648,0.5714285714285714,0.24712819727370194
2491,0.028571428571428574,1.0,0.0,0.0,0.0,1.0,0.5263157894736842,0.037461258590486456,1.0,1.0,1.0,0.0,1.0,0.5,0.07854225573358466,0.04225352112676056,0.5714285714285714,0.010644815438811456
2492,0.5285714285714286,1.0,1.0,1.0,0.0,0.6666666666666666,0.6578947368421053,0.6085433230022907,1.0,1.0,1.0,0.0,0.0,0.5,0.09916166476511731,0.5352112676056339,0.8571428571428571,0.12336170492090234
2493,0.4714285714285714,0.0,1.0,1.0,0.0,0.6666666666666666,0.3486842105263158,0.33000943269101196,1.0,0.0,1.0,1.0,0.0,0.0,0.05508122193269391,0.47887323943661975,0.7142857142857142,0.07805559810078114
2494,0.6142857142857143,0.0,1.0,1.0,1.0,0.3333333333333333,0.381578947368421,0.46018056865651524,0.0,1.0,0.0,0.0,0.0,0.0,0.06025619055779283,0.014084507042253521,0.42857142857142855,0.16358745596569152
2495,0.41428571428571426,1.0,1.0,0.0,0.5,0.6666666666666666,1.0,0.45991106319902975,1.0,0.0,0.0,0.0,0.0,0.0,0.09447062519635564,0.028169014084507043,0.42857142857142855,0.16349172920814825
2496,0.22857142857142856,0.0,1.0,1.0,0.0,0.3333333333333333,0.26315789473684215,0.1339442123703005,0.0,0.0,0.0,0.0,0.0,1.0,0.042690026057548375,0.23943661971830987,0.2857142857142857,0.06379231122683413
2497,0.8285714285714286,0.0,1.0,1.0,1.0,0.6666666666666666,1.0,0.6014014283789246,1.0,1.0,1.0,0.0,0.0,1.0,0.05832361539321715,0.028169014084507043,0.7142857142857142,0.1423201613314954
2498,0.12857142857142856,1.0,1.0,1.0,1.0,0.3333333333333333,0.24999999999999997,0.07667430265462874,0.0,1.0,0.0,0.0,0.0,0.5,0.041753063147973606,0.0,0.5714285714285714,0.02178741001684791
2499,0.24285714285714283,1.0,1.0,0.0,0.0,0.6666666666666666,0.36184210526315785,0.17746934375421103,0.0,1.0,0.0,0.0,0.0,1.0,0.056498062624358567,0.2535211267605634,0.42857142857142855,0.06317008730280288
2500,0.6285714285714286,1.0,1.0,1.0,1.0,0.6666666666666666,0.05921052631578946,0.16830615819970354,0.0,1.0,1.0,0.0,0.0,0.0,0.013257932767829092,0.014084507042253521,0.7142857142857142,0.039764895083473736
2501,0.8285714285714286,1.0,1.0,1.0,0.0,0.0,0.5197368421052632,0.7800835466918205,1.0,1.0,1.0,0.0,0.0,0.5,0.07950606239716289,0.8309859154929577,0.8571428571428571,0.15817889416449687
2502,0.8714285714285714,0.0,0.0,1.0,0.0,0.3333333333333333,0.6513157894736842,0.9861204689394959,1.0,1.0,0.0,0.0,0.0,0.5,0.09826396278617251,0.8732394366197184,0.42857142857142855,0.35039822331138
2503,0.8285714285714286,1.0,1.0,0.0,0.0,0.3333333333333333,0.04605263157894737,0.20846247136504514,0.0,0.0,0.0,0.0,0.0,0.5,0.011741401619834183,0.8309859154929577,0.2857142857142857,0.09908357584111911
2504,0.6857142857142857,1.0,1.0,1.0,0.5,0.0,0.5328947368421053,0.6590755962808247,1.0,0.0,0.0,1.0,0.0,0.5,0.08115178210775356,0.056338028169014086,0.7142857142857142,0.1559771787410017
2505,0.8857142857142858,1.0,0.0,1.0,0.0,0.0,0.1644736842105263,0.9999999999999999,1.0,1.0,0.0,0.0,0.0,0.0,0.0980356955851772,0.8873239436619719,0.5714285714285714,0.2841553070914382
2506,0.44285714285714284,1.0,0.0,0.0,0.5,1.0,0.13157894736842105,0.1693841800296456,0.0,1.0,1.0,1.0,0.0,0.5,0.024240103675777565,0.028169014084507043,0.5714285714285714,0.0481314136927554
2507,0.12857142857142856,0.0,1.0,1.0,0.5,0.0,0.4605263157894737,0.11844764856488342,0.0,0.0,1.0,0.0,1.0,0.0,0.0709707822808671,0.0,0.42857142857142855,0.04220592740082708
2508,0.14285714285714285,0.0,0.0,1.0,0.0,0.3333333333333333,0.032894736842105254,0.033283923999460986,1.0,1.0,0.0,0.0,0.0,0.5,0.009168023305629335,0.15492957746478875,0.42857142857142855,0.011956272017154235
2509,0.9857142857142858,0.0,1.0,0.0,0.0,1.0,1.0,0.6252526613663927,1.0,1.0,1.0,0.0,0.0,0.0,0.04946815672546115,0.9859154929577465,0.5714285714285714,0.17766886200030632
2510,0.8714285714285714,1.0,1.0,1.0,0.0,0.0,0.006578947368421045,0.16763239455598974,0.0,0.0,1.0,0.0,0.0,0.5,0.005928673497309293,0.8732394366197184,0.5714285714285714,0.0476336345535304
2511,0.6571428571428571,0.0,1.0,0.0,0.0,1.0,0.368421052631579,0.47702465974935987,0.0,0.0,0.0,0.0,0.0,0.5,0.058074478111777336,0.6619718309859155,0.14285714285714285,0.3396768264665339
2512,0.4714285714285714,1.0,1.0,1.0,0.5,1.0,0.3092105263157895,0.301711359655033,1.0,0.0,1.0,1.0,0.0,0.0,0.04925985474302822,0.028169014084507043,0.8571428571428571,0.061084611513467384
2513,0.22857142857142856,1.0,1.0,1.0,0.0,0.3333333333333333,0.6052631578947368,0.2515833445627274,1.0,1.0,1.0,1.0,0.0,0.5,0.09109053612019737,0.23943661971830987,1.0,0.044479437892479705
2514,0.7571428571428571,1.0,1.0,0.0,0.0,0.6666666666666666,0.48026315789473684,0.6693168036652741,0.0,0.0,0.0,0.0,0.0,0.5,0.07374245121653228,0.7605633802816901,0.2857142857142857,0.31734058303977125
2515,0.5571428571428572,1.0,1.0,0.0,0.0,0.6666666666666666,0.08552631578947367,0.17396577280689934,1.0,1.0,1.0,0.0,0.0,1.0,0.017554194156456173,0.5633802816901409,0.7142857142857142,0.04110506968907949
2516,0.2571428571428571,0.0,1.0,1.0,0.5,1.0,0.23684210526315788,0.13973857970623904,0.0,0.0,0.0,1.0,0.0,0.5,0.03894042363212461,0.014084507042253521,0.42857142857142855,0.04976834124674529
2517,0.9428571428571428,0.0,1.0,1.0,1.0,0.6666666666666666,0.618421052631579,0.9999999999999999,0.0,1.0,1.0,0.0,0.0,0.5,0.0913950511345253,0.028169014084507043,0.5714285714285714,0.2841553070914382
2518,0.7428571428571429,0.0,1.0,0.0,1.0,1.0,0.48026315789473684,0.6593451017383102,1.0,1.0,0.0,1.0,0.0,0.5,0.0740668290861238,0.028169014084507043,0.5714285714285714,0.1873564098636851
2519,0.9,1.0,1.0,0.0,1.0,0.3333333333333333,0.39473684210526316,0.6817140547096078,0.0,0.0,1.0,0.0,0.0,0.0,0.06151331291234684,0.028169014084507043,0.42857142857142855,0.24227485066625823
2520,0.6571428571428571,1.0,1.0,1.0,0.0,0.0,0.368421052631579,0.4785069397655302,1.0,0.0,1.0,1.0,0.0,1.0,0.05829506487256102,0.6619718309859155,0.8571428571428571,0.09696847034111546
2521,0.07142857142857142,1.0,0.0,0.0,0.0,0.3333333333333333,0.26315789473684215,0.04392938957013879,1.0,0.0,0.0,0.0,0.0,0.5,0.04021363493559535,0.08450704225352113,0.2857142857142857,0.021161995200898554
2522,0.21428571428571427,1.0,1.0,1.0,0.5,0.6666666666666666,0.38815789473684215,0.16763239455598974,0.0,1.0,1.0,1.0,0.0,0.5,0.060909519321394906,0.014084507042253521,0.8571428571428571,0.03387086186902392
2523,0.24285714285714283,0.0,1.0,1.0,1.0,0.3333333333333333,0.5131578947368421,0.23568252257108205,0.0,1.0,1.0,1.0,0.0,0.5,0.07911823227563095,0.0,0.7142857142857142,0.05571935467401848
2524,0.7285714285714286,0.0,0.0,1.0,0.0,1.0,0.08552631578947367,0.22530656245788977,1.0,0.0,0.0,0.0,0.0,0.5,0.017363880229101715,0.7323943661971831,0.2857142857142857,0.10706080563639149
2525,0.6714285714285715,1.0,1.0,1.0,0.0,0.6666666666666666,0.6381578947368421,0.7550195391456677,1.0,0.0,1.0,0.0,0.0,0.0,0.09709786365064405,0.676056338028169,0.7142857142857142,0.1786963291979374
2526,0.6,1.0,0.0,1.0,0.0,0.0,0.15789473684210528,0.2537393882226115,1.0,1.0,1.0,0.0,0.0,0.5,0.028384805909300134,0.6056338028169014,0.7142857142857142,0.05999514984428448
2527,0.5428571428571429,0.0,1.0,1.0,0.5,0.3333333333333333,0.29605263157894735,0.33971162916049047,1.0,1.0,0.0,0.0,0.0,0.5,0.048067860508953814,0.04225352112676056,0.5714285714285714,0.09653086230663195
2528,0.6857142857142857,0.0,1.0,1.0,0.0,0.6666666666666666,0.019736842105263164,0.14418541975475002,0.0,0.0,0.0,0.0,0.0,0.5,0.007655465579257149,0.6901408450704225,0.2857142857142857,0.06864246694235973
2529,0.15714285714285714,0.0,1.0,1.0,0.0,1.0,0.368421052631579,0.11804339037865515,0.0,0.0,0.0,0.0,0.0,0.5,0.05670750863964813,0.16901408450704225,0.2857142857142857,0.05626180630009701
2530,0.12857142857142856,1.0,1.0,1.0,1.0,0.3333333333333333,0.256578947368421,0.0758657862821722,1.0,0.0,0.0,0.0,0.0,0.0,0.041187558906691804,0.0,0.5714285714285714,0.021557665798744068
2531,1.0,1.0,1.0,1.0,0.0,0.6666666666666666,0.1644736842105263,0.4301307101468804,1.0,1.0,0.0,0.0,0.0,0.5,0.029363741354820727,1.0,0.7142857142857142,0.10176392505233063
2532,0.7714285714285715,0.0,0.0,0.0,0.0,0.0,0.6513157894736842,0.8745452095404931,1.0,0.0,0.0,1.0,0.0,1.0,0.09826064604575442,0.7746478873239436,0.2857142857142857,0.4145351508653699
2533,0.0,0.0,0.0,1.0,0.0,1.0,0.2828947368421052,0.0049858509634820095,1.0,0.0,1.0,1.0,0.0,0.0,0.03487276154571159,0.014084507042253521,0.5714285714285714,0.0014167560116403737
2534,0.6857142857142857,0.0,1.0,0.0,0.0,0.6666666666666666,0.2763157894736842,0.40318016439832904,1.0,1.0,1.0,0.0,0.0,1.0,0.044624824482101984,0.6901408450704225,0.5714285714285714,0.11456578342778374
2535,0.49999999999999994,1.0,0.0,1.0,0.0,0.0,0.3092105263157895,0.3185554507478776,1.0,0.0,0.0,0.0,0.0,1.0,0.04906272908157922,0.5070422535211268,0.42857142857142855,0.11328304487670394
2536,0.2857142857142857,0.0,1.0,1.0,0.0,0.6666666666666666,0.07894736842105263,0.08758927368279207,1.0,1.0,0.0,1.0,0.0,0.5,0.01660607692652933,0.29577464788732394,0.7142857142857142,0.020651452494001125
2537,0.5142857142857143,1.0,1.0,1.0,0.0,0.0,0.26315789473684215,0.2957822395903517,0.0,1.0,0.0,1.0,0.0,1.0,0.0430751203607,0.5211267605633803,0.7142857142857142,0.0699507326287844
2538,0.32857142857142857,0.0,1.0,0.0,0.5,0.6666666666666666,0.2236842105263158,0.17005794367335939,0.0,0.0,1.0,1.0,0.0,0.5,0.03691486019478479,0.028169014084507043,0.42857142857142855,0.060537601470362995
2539,0.7714285714285715,0.0,0.0,1.0,0.5,0.6666666666666666,0.3092105263157895,0.49090419080986386,1.0,0.0,1.0,0.0,0.0,0.5,0.04947305286607831,0.056338028169014086,0.42857142857142855,0.17450030632562413
2540,0.34285714285714286,1.0,1.0,1.0,0.0,1.0,0.5657894736842105,0.35413017113596545,0.0,0.0,0.0,1.0,0.0,0.5,0.08640904806786051,0.35211267605633806,0.5714285714285714,0.10062796752948384
2541,0.0857142857142857,1.0,1.0,0.0,0.0,0.0,0.13157894736842105,0.03476620401563132,0.0,1.0,0.0,0.0,0.0,0.5,0.02342803285310354,0.09859154929577466,0.42857142857142855,0.012482769183642212
2542,1.0,0.0,0.0,0.0,1.0,0.6666666666666666,0.4013157894736842,0.7687643174774289,0.0,1.0,0.0,0.0,0.0,0.5,0.06272318169146832,0.028169014084507043,0.14285714285714285,0.5469252565477102
2543,1.0,0.0,1.0,0.0,0.0,0.3333333333333333,0.02631578947368421,0.22463279881417597,0.0,0.0,1.0,0.0,0.0,1.0,0.009119751496727772,1.0,0.2857142857142857,0.1067417164445806
2544,0.32857142857142857,1.0,1.0,1.0,0.0,0.3333333333333333,0.21052631578947364,0.16439832906616358,0.0,1.0,1.0,1.0,0.0,0.5,0.035265472824379515,0.3380281690140845,0.8571428571428571,0.033214449817298645
2545,0.14285714285714285,1.0,1.0,1.0,0.0,0.3333333333333333,0.3157894736842105,0.0987737501684409,0.0,0.0,1.0,0.0,0.0,0.5,0.05080969925456259,0.15492957746478875,0.5714285714285714,0.028067085311686325
2546,0.15714285714285714,1.0,1.0,0.0,0.5,1.0,0.05263157894736842,0.04312087319768225,1.0,1.0,0.0,0.0,0.0,0.5,0.013038014451775052,0.014084507042253521,0.5714285714285714,0.012253024965538368
2547,0.4857142857142857,1.0,1.0,1.0,0.0,0.3333333333333333,0.36184210526315785,0.34698827651259934,0.0,0.0,0.0,1.0,0.0,0.5,0.056523495354786596,0.49295774647887325,0.5714285714285714,0.09859856026956654
2548,0.8857142857142858,0.0,0.0,0.0,0.5,0.3333333333333333,0.21052631578947364,0.43093922651933697,0.0,0.0,0.0,0.0,0.0,0.0,0.03485780111604805,0.07042253521126761,0.0,0.6144126206157146
2549,0.9571428571428572,0.0,1.0,0.0,0.5,0.6666666666666666,0.6578947368421053,0.9999999999999999,0.0,1.0,0.0,0.0,0.0,0.5,0.08985696069191107,0.07042253521126761,0.2857142857142857,0.4739495583805586
2550,0.8,1.0,1.0,0.0,1.0,0.6666666666666666,0.42105263157894735,0.6391321924268966,0.0,0.0,0.0,0.0,0.0,0.0,0.06546290325247614,0.028169014084507043,0.2857142857142857,0.3030453872466432
2551,0.17142857142857143,1.0,1.0,1.0,0.0,0.6666666666666666,0.1644736842105263,0.07640479719714323,1.0,1.0,0.0,1.0,0.0,0.0,0.028927716957877186,0.18309859154929578,0.8571428571428571,0.015354571909940266
2552,0.3142857142857143,0.0,1.0,1.0,0.5,1.0,0.07236842105263158,0.09055383371513272,0.0,1.0,1.0,1.0,0.0,0.0,0.014916198828012948,0.014084507042253521,0.7142857142857142,0.02135344871598509
2553,0.5428571428571429,0.0,1.0,0.0,0.0,0.3333333333333333,0.032894736842105254,0.1235682522571082,1.0,1.0,1.0,0.0,0.0,0.5,0.009304236448440029,0.5492957746478874,0.5714285714285714,0.035112574666870885
2554,0.15714285714285714,0.0,0.0,1.0,0.0,1.0,0.06578947368421054,0.04473790594259534,0.0,0.0,0.0,0.0,0.0,0.0,0.01398052152057807,0.16901408450704225,0.14285714285714285,0.032585388267728596
2555,0.4714285714285714,1.0,1.0,1.0,0.0,0.0,0.45394736842105265,0.40183263711090145,0.0,1.0,1.0,0.0,0.0,0.5,0.06985640627598826,0.47887323943661975,0.7142857142857142,0.09506305202430183
2556,1.0,1.0,1.0,1.0,0.0,0.6666666666666666,0.5657894736842105,0.9999999999999999,0.0,0.0,0.0,1.0,0.0,0.0,0.08550264831211586,1.0,0.5714285714285714,0.2841553070914382
2557,0.42857142857142855,1.0,1.0,1.0,1.0,0.6666666666666666,0.10526315789473684,0.1474194852445762,0.0,1.0,0.0,1.0,0.0,0.5,0.020491927883007507,0.014084507042253521,0.7142857142857142,0.03481901261040486
2558,0.8714285714285714,0.0,1.0,1.0,0.0,1.0,0.26973684210526316,0.5008758927368279,1.0,1.0,1.0,0.0,0.0,0.0,0.04352254416101669,0.8732394366197184,0.7142857142857142,0.11851610762240262
2559,0.17142857142857143,1.0,0.0,0.0,0.0,0.3333333333333333,0.23684210526315788,0.09513542649238646,0.0,0.0,1.0,0.0,0.0,0.5,0.03900529253969405,0.18309859154929578,0.2857142857142857,0.04541277377852657
2560,0.42857142857142855,1.0,0.0,1.0,0.0,0.6666666666666666,0.4276315789473685,0.3507613529173966,1.0,0.0,1.0,0.0,0.0,0.5,0.06637073971603175,0.4366197183098592,0.5714285714285714,0.09967069995405116
2561,0.014285714285714285,1.0,1.0,1.0,0.5,0.3333333333333333,0.12499999999999997,0.006063872793424067,0.0,0.0,0.0,0.0,0.0,0.0,0.014608859566446749,0.0,0.42857142857142855,0.002287869505284117
2562,0.19999999999999998,1.0,0.0,1.0,0.0,0.6666666666666666,0.631578947368421,0.23123568252257107,1.0,0.0,1.0,1.0,0.0,0.5,0.09550738297203895,0.2112676056338028,0.7142857142857142,0.054666360341042525
2563,0.8,1.0,1.0,1.0,1.0,0.0,0.48026315789473684,0.7106858913893006,1.0,0.0,0.0,0.0,0.0,0.5,0.07424310068290424,0.028169014084507043,0.5714285714285714,0.2019451677132792
2564,0.4714285714285714,1.0,1.0,0.0,1.0,0.0,0.631578947368421,0.5251313839105242,0.0,1.0,1.0,1.0,0.0,0.5,0.09522093474524589,0.014084507042253521,0.7142857142857142,0.12425971307499874
2565,0.9571428571428572,1.0,1.0,0.0,1.0,0.3333333333333333,0.18421052631578946,0.43888963751515964,0.0,1.0,0.0,0.0,0.0,1.0,0.03214226312579697,0.028169014084507043,0.42857142857142855,0.15602504211977333
2566,0.39999999999999997,0.0,1.0,1.0,0.0,0.6666666666666666,0.38815789473684215,0.3064277051610295,1.0,0.0,1.0,0.0,0.0,0.0,0.061165458740940565,0.4084507042253521,0.5714285714285714,0.08707305866135703
2567,0.9285714285714286,1.0,0.0,0.0,0.5,0.6666666666666666,0.48684210526315785,0.8273817544805282,0.0,0.0,0.0,0.0,0.0,0.5,0.07468654499757234,0.07042253521126761,0.14285714285714285,0.588566396079032
2568,0.21428571428571427,1.0,1.0,1.0,0.0,0.6666666666666666,0.4736842105263158,0.19404392938957013,0.0,0.0,0.0,0.0,0.0,0.5,0.07245523091423185,0.22535211267605634,0.42857142857142855,0.0690572828917139
2569,0.5428571428571429,0.0,1.0,0.0,1.0,0.3333333333333333,0.019736842105263164,0.11548308853254277,1.0,0.0,0.0,1.0,0.0,1.0,0.007854225573358464,0.014084507042253521,0.42857142857142855,0.04115293306785112
2570,0.5142857142857143,0.0,0.0,1.0,0.5,0.6666666666666666,0.6578947368421053,0.5941247810268158,0.0,1.0,0.0,1.0,0.0,0.5,0.09947270550475075,0.04225352112676056,0.42857142857142855,0.21116365446469598
2571,0.2857142857142857,0.0,1.0,1.0,0.0,0.6666666666666666,0.6118421052631579,0.3169384180029645,1.0,1.0,0.0,0.0,0.0,0.0,0.09299403078856425,0.29577464788732394,0.5714285714285714,0.090059733496707
2572,0.6142857142857143,1.0,0.0,1.0,0.5,1.0,0.07894736842105263,0.18649777657997574,0.0,0.0,1.0,0.0,0.0,0.5,0.016750921086453603,0.04225352112676056,0.42857142857142855,0.06637693368050238
2573,0.2571428571428571,1.0,1.0,0.0,0.0,1.0,0.36184210526315785,0.18959708934105915,1.0,1.0,0.0,0.0,0.0,0.5,0.05729450865618334,0.26760563380281693,0.5714285714285714,0.053875019145351505
2574,1.0,0.0,1.0,1.0,0.0,0.3333333333333333,0.21052631578947364,0.4894219107936935,0.0,1.0,0.0,0.0,0.0,0.5,0.03520463023190983,1.0,0.42857142857142855,0.17397380915913616
2575,0.09999999999999999,0.0,0.0,0.0,0.0,0.3333333333333333,0.5789473684210527,0.1160220994475138,1.0,1.0,0.0,0.0,1.0,0.5,0.08989161168708765,0.11267605633802817,0.2857142857142857,0.05530453872466432
2576,0.9285714285714286,0.0,1.0,1.0,1.0,1.0,0.4605263157894737,0.7962538741409513,1.0,1.0,1.0,1.0,0.0,0.5,0.07138777025676178,0.028169014084507043,0.8571428571428571,0.1614609544231232
2577,0.5714285714285715,1.0,0.0,0.0,1.0,0.3333333333333333,0.1513157894736842,0.23325697345371244,0.0,0.0,1.0,1.0,0.0,1.0,0.02691892140410565,0.014084507042253521,0.42857142857142855,0.08298552611425945
2578,0.9857142857142858,1.0,1.0,1.0,0.5,0.0,0.02631578947368421,0.21937744239320844,0.0,1.0,1.0,1.0,0.0,1.0,0.008913423993537093,0.07042253521126761,0.8571428571428571,0.044373454696628234
2579,0.8571428571428572,1.0,0.0,0.0,1.0,0.6666666666666666,0.19736842105263155,0.4037191753133001,0.0,0.0,1.0,0.0,0.0,0.5,0.03331221705474267,0.028169014084507043,0.2857142857142857,0.19155562362791648
2580,0.35714285714285715,1.0,1.0,1.0,0.0,0.3333333333333333,0.02631578947368421,0.08031262633068319,0.0,0.0,0.0,0.0,0.0,0.5,0.008917566881751611,0.36619718309859156,0.42857142857142855,0.028660591208454586
2581,1.0,1.0,1.0,1.0,1.0,0.0,0.09868421052631579,0.3259668508287293,0.0,1.0,1.0,1.0,0.0,0.5,0.019102361577570982,0.028169014084507043,0.8571428571428571,0.06600770190140691
2582,0.9857142857142858,1.0,0.0,0.0,0.0,1.0,0.42105263157894735,0.7843956340115886,1.0,1.0,1.0,0.0,0.0,0.5,0.06536959741483775,0.9859154929577465,0.5714285714285714,0.22289018226374638
2583,0.39999999999999997,0.0,1.0,0.0,0.5,0.0,0.493421052631579,0.3676054440102412,1.0,1.0,0.0,1.0,0.0,0.5,0.07592056940427053,0.028169014084507043,0.5714285714285714,0.10445703783121457
2584,0.9285714285714286,1.0,0.0,0.0,0.5,1.0,0.3092105263157895,0.5915644791807033,1.0,0.0,0.0,1.0,0.0,0.0,0.049695827264159026,0.07042253521126761,0.42857142857142855,0.21025425026803493
2585,0.2571428571428571,1.0,0.0,1.0,0.0,0.6666666666666666,0.4013157894736842,0.20118582401293625,1.0,1.0,0.0,0.0,0.0,0.0,0.06156059328339698,0.26760563380281693,0.5714285714285714,0.05716801960483994
2586,0.9571428571428572,1.0,0.0,1.0,0.0,0.0,0.10526315789473684,0.32313704352513134,0.0,1.0,1.0,0.0,0.0,0.0,0.020236181183123578,0.9577464788732395,0.5714285714285714,0.09182110583550314
2587,0.8142857142857143,1.0,0.0,1.0,0.0,0.3333333333333333,0.21052631578947364,0.40129362619593045,1.0,1.0,1.0,0.0,0.0,0.5,0.03542526568949267,0.8169014084507042,0.7142857142857142,0.09493541634757748
2588,0.9857142857142858,1.0,1.0,1.0,1.0,0.0,0.4736842105263158,0.8590486457350761,1.0,0.0,0.0,0.0,0.0,0.0,0.07282886764507876,0.028169014084507043,0.5714285714285714,0.24410323173533466
2589,0.8,0.0,1.0,1.0,0.0,0.6666666666666666,0.24342105263157895,0.43134348470556527,1.0,0.0,1.0,1.0,0.0,0.5,0.039965606759594555,0.8028169014084507,0.7142857142857142,0.10205110532496044
2590,0.5142857142857143,1.0,1.0,1.0,0.0,0.3333333333333333,1.0,0.2719310066028837,1.0,0.0,1.0,0.0,0.0,0.5,0.03856637032885855,0.5211267605633803,0.7142857142857142,0.06430285393373156
2591,0.8571428571428572,0.0,1.0,0.0,0.5,0.6666666666666666,0.13157894736842105,0.32098099986524725,1.0,0.0,1.0,0.0,0.0,0.0,0.023825342624495913,0.07042253521126761,0.42857142857142855,0.11414458569459335
2592,0.41428571428571426,0.0,1.0,0.0,0.0,0.6666666666666666,0.39473684210526316,0.31882495620536316,0.0,1.0,0.0,0.0,0.0,0.0,0.061577128495130376,0.4225352112676056,0.2857142857142857,0.15135038545974372
2593,1.0,0.0,1.0,1.0,0.0,0.6666666666666666,0.5328947368421053,0.9636167632394556,1.0,0.0,1.0,1.0,0.0,1.0,0.08191846650117482,1.0,0.7142857142857142,0.22809133609026397
2594,0.34285714285714286,1.0,1.0,1.0,0.5,0.6666666666666666,0.3092105263157895,0.2239590351704622,0.0,1.0,0.0,1.0,0.0,0.0,0.04999057492931197,0.028169014084507043,0.7142857142857142,0.05294327870526369
2595,0.9142857142857143,1.0,1.0,1.0,0.0,1.0,0.07894736842105263,0.2757040830076809,0.0,0.0,0.0,1.0,0.0,0.0,0.016675125063437976,0.9154929577464789,0.5714285714285714,0.07834277837341094
2596,0.07142857142857142,1.0,1.0,0.0,0.5,0.0,0.5526315789473684,0.08327718636302384,0.0,0.0,0.0,1.0,1.0,1.0,0.08608231228400878,0.0,0.42857142857142855,0.02971358554143054
2597,0.24285714285714283,1.0,0.0,1.0,0.0,0.3333333333333333,0.05263157894736842,0.0642770516102951,0.0,1.0,1.0,0.0,0.0,0.5,0.012514399413551158,0.2535211267605634,0.5714285714285714,0.01826466533925563
2598,0.12857142857142856,1.0,1.0,0.0,0.0,0.3333333333333333,0.3157894736842105,0.08920630642770515,0.0,1.0,1.0,1.0,0.0,0.5,0.05051837888784165,0.14084507042253522,0.7142857142857142,0.0210343595241742
2599,0.14285714285714285,1.0,1.0,1.0,0.0,0.3333333333333333,0.1776315789473684,0.06697210618515023,1.0,0.0,0.0,0.0,0.0,0.5,0.03058863850569788,0.15492957746478875,0.5714285714285714,0.019030479399601778
2600,0.9142857142857143,1.0,0.0,1.0,0.0,1.0,0.618421052631579,0.9929928581053765,1.0,1.0,1.0,0.0,0.0,0.0,0.09385920394402958,0.9154929577464789,0.7142857142857142,0.23504748047174145
2601,0.9142857142857143,1.0,1.0,0.0,1.0,0.0,1.0,0.8205093653146476,0.0,1.0,0.0,0.0,0.0,0.5,0.07529906474298557,0.028169014084507043,0.42857142857142855,0.2915741308010415
2602,0.7285714285714286,1.0,0.0,0.0,1.0,0.3333333333333333,0.375,0.5340250640075461,1.0,0.0,0.0,1.0,0.0,0.0,0.05888856666424998,0.028169014084507043,0.42857142857142855,0.1898165875325471
2603,0.9428571428571428,1.0,1.0,1.0,0.0,1.0,0.4407894736842105,0.7788707721331356,1.0,0.0,1.0,0.0,0.0,1.0,0.06831066158369321,0.943661971830986,0.7142857142857142,0.18434420789299025
2604,0.42857142857142855,1.0,1.0,1.0,0.0,0.0,0.35526315789473684,0.30278938148497503,1.0,0.0,0.0,1.0,0.0,0.0,0.055547110151713236,0.4366197183098592,0.7142857142857142,0.07160999642620106
2605,0.22857142857142856,0.0,1.0,0.0,0.0,1.0,0.09868421052631579,0.0796388626869694,0.0,0.0,0.0,1.0,0.0,1.0,0.020347064367688635,0.23943661971830987,0.2857142857142857,0.038073722366875985
2606,0.7714285714285715,0.0,0.0,1.0,0.0,0.6666666666666666,0.4671052631578947,0.6716076000539011,1.0,1.0,0.0,1.0,0.0,0.5,0.07245308885271184,0.7746478873239436,0.5714285714285714,0.19084086383826007
2607,0.49999999999999994,0.0,1.0,0.0,0.0,1.0,0.32894736842105265,0.3345910254682657,0.0,1.0,0.0,0.0,0.0,0.5,0.05217823855901142,0.5070422535211268,0.2857142857142857,0.15881707254811867
2608,0.35714285714285715,1.0,0.0,0.0,1.0,0.0,0.42105263157894735,0.2901226249831559,0.0,0.0,0.0,1.0,0.0,0.0,0.06535924019430145,0.014084507042253521,0.2857142857142857,0.1377571858885996
2609,0.7428571428571429,1.0,1.0,0.0,0.0,0.0,0.032894736842105254,0.1741005255356421,1.0,0.0,0.0,0.0,0.0,0.0,0.010029697864243414,0.7464788732394366,0.42857142857142855,0.06197350283351202
2610,0.22857142857142856,0.0,1.0,1.0,0.0,0.6666666666666666,0.09868421052631579,0.07667430265462874,1.0,1.0,0.0,1.0,0.0,0.5,0.019127349337472975,0.23943661971830987,0.7142857142857142,0.018066830040332875
2611,0.34285714285714286,1.0,1.0,1.0,0.0,1.0,0.38815789473684215,0.26398059560706105,0.0,1.0,0.0,0.0,0.0,1.0,0.061187558906691794,0.35211267605633806,0.5714285714285714,0.0750114872109052
2612,0.014285714285714285,0.0,1.0,0.0,0.0,0.3333333333333333,0.30263157894736836,0.01684409109284463,1.0,1.0,1.0,0.0,0.0,0.0,0.052309142318567384,0.028169014084507043,0.5714285714285714,0.004786337877163425
2613,0.05714285714285714,0.0,1.0,1.0,0.5,0.3333333333333333,0.1513157894736842,0.02627678210483762,1.0,0.0,1.0,0.0,0.0,0.5,0.02620169651272384,0.0,0.5714285714285714,0.007466687088374942
2614,0.04285714285714286,1.0,0.0,1.0,0.0,0.6666666666666666,0.1644736842105263,0.022503705700040424,1.0,1.0,1.0,1.0,0.0,0.5,0.029453345900094248,0.056338028169014086,0.8571428571428571,0.004414371047852438
2615,0.49999999999999994,1.0,1.0,0.0,0.0,0.6666666666666666,0.42105263157894735,0.4014283789246732,0.0,0.0,1.0,0.0,0.0,0.5,0.06516389150696407,0.5070422535211268,0.42857142857142855,0.142719022821259
2616,0.07142857142857142,0.0,1.0,1.0,0.0,0.0,0.0394736842105263,0.019000134752728742,0.0,0.0,1.0,0.0,0.0,0.5,0.01115300031416902,0.08450704225352113,0.42857142857142855,0.006882753867361004
2617,0.2857142857142857,0.0,1.0,0.0,1.0,1.0,0.2894736842105263,0.1765260746530117,1.0,0.0,0.0,1.0,0.0,0.5,0.046227727660338405,0.0,0.42857142857142855,0.06283504365140144
2618,0.35714285714285715,1.0,0.0,0.0,0.0,0.6666666666666666,0.3486842105263158,0.2511790863764991,0.0,0.0,1.0,0.0,0.0,0.5,0.05488291162183716,0.36619718309859156,0.2857142857142857,0.11931383060192985
2619,0.7714285714285715,0.0,0.0,0.0,1.0,0.6666666666666666,0.20394736842105263,0.3740735749898935,0.0,1.0,0.0,0.0,0.0,1.0,0.034615714163310767,0.028169014084507043,0.14285714285714285,0.2665415837034768
2620,0.5428571428571429,1.0,0.0,0.0,0.0,0.3333333333333333,0.5460526315789473,0.5360463549386875,1.0,1.0,0.0,0.0,0.0,0.0,0.08327895792551777,0.5492957746478874,0.42857142857142855,0.1905345382141216
2621,0.45714285714285713,1.0,0.0,1.0,1.0,0.0,0.0394736842105263,0.11009297938283248,1.0,0.0,0.0,0.0,0.0,0.5,0.010538942678433725,0.014084507042253521,0.42857142857142855,0.03923839791698576
2622,0.1857142857142857,0.0,0.0,1.0,0.5,1.0,0.5723684210526315,0.20051206036922248,0.0,1.0,0.0,1.0,0.0,1.0,0.08792244513262422,0.014084507042253521,0.42857142857142855,0.07135472507275234
2623,0.7857142857142857,0.0,0.0,0.0,0.0,0.0,0.48026315789473684,0.6926290257377712,0.0,1.0,1.0,1.0,0.0,0.5,0.07354921233337822,0.7887323943661972,0.42857142857142855,0.2461517843467606
2624,0.2857142857142857,1.0,0.0,1.0,1.0,1.0,0.29605263157894735,0.18178143107397923,0.0,0.0,0.0,0.0,0.0,0.0,0.04797809793097257,0.0,0.2857142857142857,0.08644764384540767
2625,0.6428571428571429,0.0,1.0,0.0,0.5,0.6666666666666666,0.6118421052631579,0.6941113057539414,1.0,1.0,0.0,1.0,0.0,0.0,0.09263205343605294,0.04225352112676056,0.5714285714285714,0.1972354112421504
2626,0.21428571428571427,0.0,1.0,0.0,0.0,1.0,0.4671052631578947,0.1935049184745991,0.0,0.0,0.0,0.0,0.0,0.5,0.0722196041470311,0.22535211267605634,0.14285714285714285,0.13826772859549702
2627,0.21428571428571427,1.0,1.0,1.0,0.0,0.6666666666666666,0.618421052631579,0.24188114809324887,0.0,1.0,1.0,0.0,0.0,0.5,0.09336710650329877,0.22535211267605634,0.7142857142857142,0.057187164956348596
2628,0.39999999999999997,0.0,1.0,0.0,0.5,1.0,0.3157894736842105,0.25912949737232177,1.0,1.0,0.0,0.0,0.0,1.0,0.04975787318404888,0.028169014084507043,0.42857142857142855,0.09217529483841323
2629,0.09999999999999999,1.0,1.0,1.0,0.5,0.6666666666666666,0.30263157894736836,0.07034092440371917,0.0,1.0,0.0,0.0,0.0,0.5,0.04995287464655984,0.0,0.5714285714285714,0.019987746975034464
2630,0.028571428571428574,0.0,1.0,1.0,0.5,0.0,0.35526315789473684,0.028702331222207247,1.0,0.0,0.0,0.0,1.0,0.5,0.05812126924285266,0.0,0.42857142857142855,0.01032891713891867
2631,0.2571428571428571,1.0,0.0,0.0,0.5,0.0,0.04605263157894737,0.06683735345640748,1.0,0.0,1.0,1.0,0.0,0.5,0.01210377498883873,0.014084507042253521,0.5714285714285714,0.01899218869658447
2632,0.9285714285714286,0.0,1.0,0.0,0.5,0.6666666666666666,0.5986842105263158,0.9831559089071553,1.0,1.0,0.0,1.0,0.0,0.5,0.09119469911175848,0.07042253521126761,0.5714285714285714,0.2793689692142748
2633,0.3,1.0,0.0,1.0,0.5,0.6666666666666666,0.4407894736842105,0.2565691955262094,0.0,1.0,0.0,0.0,0.0,0.0,0.06897438094422072,0.014084507042253521,0.42857142857142855,0.09126589064175218
2634,0.6428571428571429,1.0,0.0,1.0,0.0,0.6666666666666666,0.4078947368421053,0.5033014418541976,0.0,0.0,0.0,0.0,0.0,0.5,0.06361922714420358,0.647887323943662,0.2857142857142857,0.23871700617756678
2635,0.17142857142857143,1.0,0.0,1.0,0.0,0.0,0.6118421052631579,0.1925616493733998,0.0,1.0,0.0,0.0,0.0,0.5,0.09142318567389256,0.18309859154929578,0.42857142857142855,0.06853078572522592
2636,0.45714285714285713,1.0,0.0,1.0,1.0,0.6666666666666666,0.6578947368421053,0.52688316938418,0.0,1.0,1.0,0.0,0.0,0.0,0.0988775597635164,0.014084507042253521,0.5714285714285714,0.1497166487976719
2637,0.05714285714285714,0.0,0.0,1.0,0.0,0.6666666666666666,0.11184210526315788,0.02142568387009837,1.0,1.0,1.0,0.0,0.0,0.0,0.01941564561734213,0.07042253521126761,0.5714285714285714,0.006088221779751876
2638,0.3714285714285714,1.0,1.0,1.0,0.0,0.0,0.493421052631579,0.3424066837353456,0.0,0.0,1.0,0.0,0.0,0.5,0.07599399588089503,0.38028169014084506,0.5714285714285714,0.0972966763669781
2639,0.32857142857142857,1.0,1.0,0.0,0.5,0.0,0.381578947368421,0.24983155908907156,0.0,1.0,1.0,1.0,0.0,0.0,0.06016336789192585,0.028169014084507043,0.7142857142857142,0.05906979118803288
2640,0.9428571428571428,1.0,1.0,0.0,0.0,0.6666666666666666,0.3092105263157895,0.5943942864843013,0.0,1.0,1.0,0.0,0.0,0.5,0.04905256938680771,0.943661971830986,0.5714285714285714,0.16890029100934292
2641,0.8857142857142858,0.0,0.0,1.0,0.0,1.0,0.6447368421052632,0.9970354399676593,1.0,0.0,1.0,0.0,0.0,0.5,0.09770656613257933,0.8873239436619719,0.42857142857142855,0.3542751569918824
2642,0.6714285714285715,0.0,0.0,1.0,0.0,0.3333333333333333,0.5657894736842105,0.6747069128149844,0.0,1.0,1.0,0.0,0.0,1.0,0.08539506754633994,0.676056338028169,0.42857142857142855,0.23978595497013325
2643,0.8857142857142858,1.0,0.0,0.0,0.5,0.3333333333333333,0.4605263157894737,0.7597358846516642,1.0,0.0,0.0,1.0,0.0,0.5,0.07136124949508549,0.07042253521126761,0.42857142857142855,0.26998774697503447
2644,0.15714285714285714,1.0,1.0,0.0,1.0,0.6666666666666666,0.256578947368421,0.09203611373130305,0.0,0.0,0.0,0.0,0.0,0.5,0.04154885328306629,0.0,0.2857142857142857,0.04394496349619646
2645,0.3857142857142857,1.0,1.0,0.0,0.0,0.3333333333333333,0.4407894736842105,0.3239455598975879,0.0,1.0,1.0,0.0,0.0,0.5,0.0681971186212468,0.3943661971830986,0.5714285714285714,0.09205085005360698
2646,0.6142857142857143,0.0,1.0,1.0,0.0,1.0,0.35526315789473684,0.43390378655167766,0.0,1.0,1.0,1.0,0.0,0.5,0.056079170593779454,0.619718309859155,0.7142857142857142,0.10265737478940114
2647,0.6,0.0,1.0,1.0,0.0,0.3333333333333333,0.1644736842105263,0.2581862282711225,1.0,0.0,0.0,0.0,0.0,0.0,0.02910812528768384,0.6056338028169014,0.42857142857142855,0.09184025118701179
2648,0.22857142857142856,1.0,1.0,1.0,0.0,1.0,0.30263157894736836,0.14728473251583343,1.0,1.0,0.0,0.0,0.0,0.5,0.048178743693518884,0.23943661971830987,0.7142857142857142,0.03478710369122377
2649,0.5571428571428572,1.0,1.0,0.0,0.0,0.0,0.14473684210526314,0.2213987333243498,1.0,1.0,1.0,0.0,0.0,0.5,0.025848256361922714,0.5633802816901409,0.7142857142857142,0.052337009240823
2650,0.6857142857142857,1.0,0.0,1.0,0.0,0.0,0.3355263157894737,0.45869828864034495,0.0,0.0,0.0,0.0,0.0,1.0,0.05254957779530285,0.6901408450704225,0.2857142857142857,0.2175933016796855
2651,0.8,1.0,1.0,1.0,0.0,1.0,0.48026315789473684,0.7048915240533621,0.0,0.0,1.0,1.0,0.0,0.0,0.07353208657836864,0.8028169014084507,0.7142857142857142,0.1668262112625721
2652,0.9,1.0,1.0,1.0,0.0,0.0,0.02631578947368421,0.20334186767282036,0.0,1.0,0.0,0.0,0.0,0.5,0.009233623939679546,0.9014084507042254,0.5714285714285714,0.05778067085311687
2653,0.8,1.0,0.0,1.0,0.0,0.6666666666666666,0.506578947368421,0.7395229753402506,1.0,1.0,0.0,1.0,0.0,0.5,0.0777816359938489,0.8028169014084507,0.7142857142857142,0.1750268034921121
2654,0.9857142857142858,1.0,1.0,0.0,0.5,0.6666666666666666,0.013157894736842118,0.2038808785877914,1.0,1.0,1.0,0.0,0.0,0.5,0.007365019523360709,0.07042253521126761,0.7142857142857142,0.04818884974728136
2655,0.6,1.0,1.0,1.0,1.0,1.0,0.3421052631578947,0.41315186632529305,1.0,0.0,0.0,1.0,0.0,0.0,0.05431470968590403,0.014084507042253521,0.7142857142857142,0.09774340123551337
2656,0.3142857142857143,0.0,1.0,0.0,1.0,0.3333333333333333,0.381578947368421,0.2381080716884517,1.0,0.0,1.0,1.0,0.0,0.5,0.05978773101667828,0.0,0.5714285714285714,0.06765967223158217
2657,0.3714285714285714,0.0,1.0,1.0,0.5,1.0,0.506578947368421,0.34510173831020075,0.0,0.0,0.0,1.0,0.0,0.5,0.07669214926519356,0.028169014084507043,0.42857142857142855,0.12271213049471588
2658,0.8142857142857143,1.0,1.0,1.0,0.0,0.0,0.506578947368421,0.7474733863360733,0.0,0.0,0.0,1.0,0.0,0.0,0.07717182878871591,0.8169014084507042,0.5714285714285714,0.21239852963700415
2659,0.5142857142857143,0.0,1.0,1.0,0.5,0.0,0.2763157894736842,0.30871850154965635,0.0,0.0,0.0,0.0,0.0,0.5,0.0455205441067835,0.04225352112676056,0.2857142857142857,0.1465640475825803
2660,0.07142857142857142,1.0,1.0,1.0,0.0,0.6666666666666666,0.04605263157894737,0.02034766204015631,1.0,1.0,1.0,0.0,0.0,0.5,0.012723845428840714,0.08450704225352113,0.8571428571428571,0.003976763013368925
2661,0.9142857142857143,1.0,1.0,1.0,0.5,0.6666666666666666,0.4605263157894737,0.7827786012666756,1.0,1.0,0.0,0.0,0.0,0.5,0.0712390342927572,0.07042253521126761,0.7142857142857142,0.18526956654924184
2662,0.07142857142857142,0.0,1.0,0.0,0.5,0.0,0.3421052631578947,0.056865651529443464,1.0,0.0,0.0,1.0,1.0,0.5,0.055293748036443616,0.0,0.42857142857142855,0.020332363302190227
2663,0.7000000000000001,0.0,0.0,0.0,0.5,0.3333333333333333,0.2236842105263158,0.3579032475407627,0.0,1.0,0.0,0.0,0.0,0.0,0.03713477851083883,0.056338028169014086,0.14285714285714285,0.2550543727982846
2664,0.3,0.0,1.0,1.0,1.0,0.6666666666666666,0.15789473684210528,0.12666756501819162,0.0,1.0,1.0,0.0,0.0,0.5,0.027675434838488562,0.0,0.5714285714285714,0.035993260836268956
2665,0.34285714285714286,1.0,0.0,1.0,0.5,1.0,0.07894736842105263,0.10645465570677805,1.0,1.0,1.0,0.0,0.0,1.0,0.01711592836946277,0.028169014084507043,0.7142857142857142,0.025118701179353654
2666,0.7142857142857143,1.0,1.0,0.0,0.5,0.6666666666666666,0.19736842105263155,0.34038539280420427,1.0,0.0,0.0,0.0,0.0,0.5,0.03374544916930014,0.056338028169014086,0.42857142857142855,0.12103691223770868
2667,0.6714285714285715,0.0,1.0,1.0,0.0,0.6666666666666666,0.30263157894736836,0.4252796119121412,0.0,1.0,0.0,1.0,0.0,0.5,0.04904963870562363,0.676056338028169,0.5714285714285714,0.12084545872262215
2668,0.9857142857142858,1.0,0.0,1.0,1.0,0.6666666666666666,0.3157894736842105,0.6375151596819835,0.0,1.0,0.0,1.0,0.0,0.5,0.050693415914905074,0.028169014084507043,0.5714285714285714,0.1811533159748813
2669,0.9142857142857143,0.0,1.0,1.0,0.0,1.0,0.38815789473684215,0.6834658401832636,1.0,0.0,0.0,0.0,0.0,0.5,0.06055245414340607,0.9154929577464789,0.42857142857142855,0.24289707459028947
2670,0.8428571428571429,0.0,1.0,0.0,1.0,0.6666666666666666,0.24342105263157895,0.4535776849481202,0.0,1.0,1.0,0.0,0.0,0.5,0.03989946591266101,0.028169014084507043,0.42857142857142855,0.16124215040588147
2671,0.6428571428571429,1.0,1.0,1.0,0.0,0.6666666666666666,0.6052631578947368,0.6916857566365718,1.0,0.0,0.0,0.0,0.0,1.0,0.0922632463221735,0.647887323943662,0.5714285714285714,0.1965461785878389
2672,0.49999999999999994,1.0,1.0,1.0,0.0,0.0,0.32894736842105265,0.33647756367066434,0.0,1.0,1.0,1.0,0.0,1.0,0.05254476908576815,0.5070422535211268,0.8571428571428571,0.06814104106951403
2673,0.8142857142857143,0.0,0.0,1.0,1.0,0.3333333333333333,0.2828947368421052,0.48470556528769704,1.0,0.0,0.0,0.0,0.0,0.5,0.04548409113068348,0.028169014084507043,0.2857142857142857,0.22991014448358607
2674,0.5285714285714286,1.0,0.0,1.0,0.0,0.6666666666666666,0.032894736842105254,0.12478102681579299,1.0,1.0,0.0,0.0,0.0,0.5,0.01011954958083238,0.5352112676056339,0.5714285714285714,0.03545719099402665
2675,0.14285714285714285,1.0,1.0,1.0,1.0,0.0,0.39473684210526316,0.11521358307505726,1.0,0.0,0.0,0.0,1.0,0.5,0.06126295947219604,0.0,0.5714285714285714,0.032738551079797826
2676,0.15714285714285714,1.0,1.0,0.0,0.0,0.6666666666666666,0.4013157894736842,0.12747608139064814,1.0,0.0,1.0,0.0,0.0,0.5,0.06220546654099905,0.16901408450704225,0.5714285714285714,0.0362230050543728
2677,0.5857142857142857,0.0,1.0,0.0,1.0,0.3333333333333333,0.38815789473684215,0.4406414229888155,0.0,0.0,0.0,1.0,0.0,0.5,0.0604999775593555,0.014084507042253521,0.2857142857142857,0.20904171133915353
2678,0.5428571428571429,1.0,0.0,1.0,0.5,0.0,0.5855263157894737,0.5720253335130036,0.0,0.0,1.0,1.0,0.0,0.0,0.08973150631963073,0.04225352112676056,0.5714285714285714,0.1625440343084699
2679,1.0,1.0,0.0,1.0,0.5,0.3333333333333333,0.506578947368421,0.9182050936531464,1.0,1.0,1.0,0.0,0.0,0.0,0.07744487661122247,0.07042253521126761,0.7142857142857142,0.2173380303262368
2680,0.14285714285714285,1.0,0.0,0.0,0.0,0.6666666666666666,0.5723684210526315,0.1568521762565692,0.0,0.0,1.0,0.0,1.0,0.0,0.08773883985948076,0.15492957746478875,0.2857142857142857,0.07464134374840456
2681,0.49999999999999994,0.0,1.0,0.0,0.0,1.0,0.0394736842105263,0.12275973588465165,1.0,0.0,1.0,1.0,0.0,0.0,0.011022096554613045,0.5070422535211268,0.5714285714285714,0.03488283044876704
2682,0.7285714285714286,1.0,0.0,1.0,1.0,1.0,0.21052631578947364,0.36127206575933163,1.0,0.0,0.0,1.0,0.0,1.0,0.03565214239106793,0.028169014084507043,0.5714285714285714,0.10265737478940114
2683,0.42857142857142855,0.0,1.0,1.0,0.0,0.6666666666666666,0.21052631578947364,0.215200107802183,0.0,0.0,0.0,0.0,0.0,0.5,0.03578486516068225,0.4366197183098592,0.2857142857142857,0.10227446775922806
2684,0.45714285714285713,1.0,1.0,1.0,0.0,0.6666666666666666,0.4342105263157895,0.37676862956474866,0.0,1.0,0.0,1.0,0.0,0.5,0.06706080598634793,0.4647887323943662,0.7142857142857142,0.08912799305661918
2685,0.17142857142857143,1.0,0.0,1.0,0.5,1.0,0.29605263157894735,0.10995822665408973,1.0,0.0,1.0,0.0,0.0,0.0,0.04698035235264264,0.014084507042253521,0.5714285714285714,0.031245213662122837
2686,0.24285714285714283,1.0,1.0,1.0,0.0,0.0,0.5131578947368421,0.2339307370974262,1.0,1.0,1.0,0.0,0.0,0.5,0.0784375327259399,0.2535211267605634,0.8571428571428571,0.047327308929391944
2687,0.5714285714285715,1.0,0.0,0.0,0.0,0.6666666666666666,0.256578947368421,0.31936396712033416,0.0,0.0,1.0,0.0,0.0,0.5,0.041608238891059975,0.5774647887323944,0.2857142857142857,0.1516056568131924
2688,0.8142857142857143,1.0,1.0,1.0,0.0,1.0,0.1513157894736842,0.3278533890311279,1.0,1.0,1.0,0.0,0.0,0.5,0.0265689492671195,0.8169014084507042,0.8571428571428571,0.06639060893157998
2689,0.7857142857142857,1.0,0.0,0.0,0.0,0.0,0.19736842105263155,0.3690877240264115,0.0,1.0,0.0,1.0,0.0,0.5,0.0331392217584489,0.7887323943661972,0.42857142857142855,0.13123181191606678
2690,0.32857142857142857,1.0,1.0,0.0,1.0,0.6666666666666666,0.12499999999999997,0.12046893949602477,0.0,0.0,1.0,0.0,0.0,0.5,0.022463085139805217,0.014084507042253521,0.42857142857142855,0.04292387808240159
2691,0.42857142857142855,0.0,1.0,0.0,0.0,0.0,0.13157894736842105,0.16453308179490633,1.0,0.0,0.0,1.0,0.0,0.5,0.024353166519716633,0.4366197183098592,0.42857142857142855,0.05857520294072599
2692,0.7714285714285715,1.0,1.0,1.0,1.0,0.6666666666666666,0.14473684210526314,0.30656245788977227,1.0,0.0,1.0,0.0,0.0,0.5,0.026030331591123293,0.028169014084507043,0.7142857142857142,0.07250344616327156
2693,0.12857142857142856,1.0,1.0,1.0,0.0,1.0,0.013157894736842118,0.02722005120603692,0.0,0.0,1.0,0.0,0.0,0.5,0.007163053722902924,0.14084507042253522,0.5714285714285714,0.007734722009496094
2694,0.8428571428571429,1.0,1.0,0.0,0.0,0.6666666666666666,0.4736842105263158,0.7380406953240802,1.0,0.0,1.0,1.0,0.0,1.0,0.07306000628338045,0.8450704225352113,0.7142857142857142,0.17467580538112013
2695,0.014285714285714285,1.0,1.0,0.0,0.0,0.0,0.26315789473684215,0.014957552890446032,1.0,0.0,0.0,1.0,0.0,0.5,0.04571159283694628,0.028169014084507043,0.5714285714285714,0.004250268034921121
2696,0.19999999999999998,1.0,1.0,0.0,0.0,1.0,0.019736842105263164,0.04541166958630912,0.0,1.0,1.0,1.0,0.0,0.0,0.00885956644674835,0.2112676056338028,0.7142857142857142,0.01066396079032011
2697,0.028571428571428574,1.0,1.0,1.0,0.5,0.3333333333333333,0.24342105263157895,0.02223420024255491,0.0,0.0,0.0,0.0,0.0,1.0,0.04304115614200439,0.0,0.42857142857142855,0.008031474957880227
2698,0.6,1.0,1.0,1.0,1.0,0.6666666666666666,0.5986842105263158,0.6406144724430669,1.0,0.0,0.0,1.0,0.0,1.0,0.0913135918286829,0.014084507042253521,0.7142857142857142,0.1516056568131924
2699,0.42857142857142855,1.0,1.0,0.0,0.0,0.0,0.3421052631578947,0.2933566904729821,0.0,0.0,1.0,0.0,0.0,0.5,0.05341886838344835,0.4366197183098592,0.42857142857142855,0.10433259304640834
2700,0.9857142857142858,0.0,0.0,1.0,0.5,0.6666666666666666,0.6513157894736842,0.9999999999999999,0.0,0.0,0.0,0.0,0.0,0.5,0.08691261613033525,0.07042253521126761,0.14285714285714285,0.711192372491959
2701,0.9428571428571428,0.0,0.0,1.0,0.0,1.0,0.35526315789473684,0.6670260072766473,1.0,0.0,1.0,0.0,0.0,0.5,0.056634827746282715,0.943661971830986,0.42857142857142855,0.2370577423801501
2702,0.7857142857142857,0.0,1.0,1.0,0.0,1.0,0.6381578947368421,0.8776445223015765,1.0,1.0,1.0,0.0,0.0,1.0,0.09665746600242359,0.7887323943661972,0.7142857142857142,0.20773344565272883
2703,0.8857142857142858,0.0,1.0,1.0,0.0,0.6666666666666666,0.13815789473684212,0.34011588734671877,0.0,0.0,0.0,1.0,0.0,0.5,0.024774471522822132,0.8873239436619719,0.42857142857142855,0.12094118548016541
2704,0.19999999999999998,1.0,0.0,1.0,1.0,1.0,0.19078947368421054,0.09580919013610024,1.0,1.0,0.0,0.0,0.0,0.5,0.032359409362236885,0.0,0.5714285714285714,0.02722468984530556
2705,0.12857142857142856,0.0,1.0,1.0,0.0,0.6666666666666666,0.4605263157894737,0.1188519067511117,1.0,0.0,0.0,1.0,1.0,0.5,0.071253534401508,0.14084507042253522,0.5714285714285714,0.033772400061265126
2706,0.5285714285714286,1.0,1.0,1.0,1.0,0.6666666666666666,0.6513157894736842,0.6063872793424067,0.0,1.0,1.0,1.0,0.0,0.5,0.09876481968351604,0.014084507042253521,0.8571428571428571,0.12292409688641884
2707,0.6571428571428571,0.0,1.0,0.0,0.0,0.6666666666666666,0.5460526315789473,0.6473521088802048,0.0,0.0,1.0,0.0,0.0,0.5,0.08342190226001163,0.6619718309859155,0.2857142857142857,0.3069382753867361
2708,0.8,1.0,1.0,1.0,0.0,0.0,0.368421052631579,0.5760679153752863,0.0,0.0,1.0,0.0,0.0,0.5,0.057724424161251384,0.8028169014084507,0.5714285714285714,0.16369275539898911
2709,0.7000000000000001,0.0,1.0,1.0,0.0,0.0,0.05921052631578946,0.19000134752728742,0.0,0.0,0.0,1.0,0.0,0.0,0.01364750235626767,0.7042253521126761,0.42857142857142855,0.06762138152856487
2710,1.0,1.0,1.0,0.0,1.0,0.0,0.24342105263157895,0.5382023985985716,1.0,0.0,0.0,0.0,0.0,0.0,0.04001008880806042,0.028169014084507043,0.42857142857142855,0.19130035227446776
2711,0.19999999999999998,1.0,1.0,1.0,0.5,1.0,0.05921052631578946,0.0545748551408166,1.0,1.0,0.0,1.0,0.0,0.5,0.013132265158655357,0.014084507042253521,0.8571428571428571,0.010923790560794696
2712,0.24285714285714283,1.0,1.0,1.0,0.0,0.6666666666666666,0.21052631578947364,0.1235682522571082,0.0,0.0,0.0,0.0,0.0,0.0,0.03555346109540266,0.2535211267605634,0.42857142857142855,0.04402473579414918
2713,0.014285714285714285,1.0,1.0,0.0,1.0,0.6666666666666666,0.17105263157894737,0.00997170192696402,0.0,0.0,1.0,0.0,0.0,1.0,0.028275212064090477,0.0,0.42857142857142855,0.00367590748966151
2714,0.6,0.0,1.0,0.0,0.0,0.0,0.256578947368421,0.3391726182455195,0.0,1.0,1.0,0.0,0.0,0.5,0.04228130548188414,0.6056338028169014,0.42857142857142855,0.12060614182876397
2715,0.35714285714285715,1.0,1.0,1.0,1.0,0.0,0.5526315789473684,0.36302385123298747,1.0,1.0,1.0,0.0,0.0,0.0,0.0849706372797796,0.014084507042253521,0.8571428571428571,0.07352908999409229
2716,1.0,0.0,1.0,1.0,1.0,0.6666666666666666,0.10526315789473684,0.33324349818083815,0.0,1.0,0.0,0.0,0.0,0.5,0.01981919793975919,0.028169014084507043,0.42857142857142855,0.11850015316281207
2717,0.5285714285714286,0.0,0.0,0.0,0.5,0.6666666666666666,0.20394736842105263,0.2585904864573507,1.0,0.0,0.0,0.0,0.0,0.5,0.0347487474577112,0.04225352112676056,0.14285714285714285,0.1845037524888957
2718,0.5857142857142857,0.0,1.0,1.0,1.0,0.3333333333333333,0.1776315789473684,0.25778197008489423,1.0,0.0,1.0,0.0,0.0,0.5,0.030048022979219963,0.014084507042253521,0.5714285714285714,0.07325011487210904
2719,0.05714285714285714,0.0,1.0,0.0,0.0,0.6666666666666666,0.19736842105263155,0.03220590216951893,1.0,0.0,1.0,0.0,0.0,0.0,0.034495758718190384,0.07042253521126761,0.42857142857142855,0.011573364986981161
2720,0.14285714285714285,0.0,1.0,0.0,0.5,0.6666666666666666,0.24342105263157895,0.08246866999056729,1.0,0.0,0.0,1.0,0.0,0.5,0.04044212149772941,0.0,0.42857142857142855,0.029426405268800734
2721,0.9142857142857143,1.0,1.0,0.0,0.0,0.0,0.1644736842105263,0.38620132057674167,0.0,1.0,0.0,1.0,0.0,0.0,0.02856521423910679,0.9154929577464789,0.5714285714285714,0.10974115484760301
2722,0.4714285714285714,0.0,1.0,1.0,0.0,1.0,0.625,0.5214930602344697,1.0,0.0,0.0,1.0,0.0,0.5,0.09447247324943173,0.47887323943661975,0.5714285714285714,0.1481850206769796
2723,0.0,1.0,1.0,1.0,0.0,1.0,0.2828947368421052,0.00633337825090958,1.0,1.0,1.0,0.0,0.0,0.5,0.04429783223374175,0.014084507042253521,0.8571428571428571,0.00113231078922609
2724,0.014285714285714285,1.0,0.0,0.0,0.0,0.3333333333333333,0.07894736842105263,0.006872389165880609,1.0,1.0,0.0,1.0,0.0,0.5,0.017436380772855795,0.028169014084507043,0.5714285714285714,0.0019528258538826775
2725,0.2714285714285714,0.0,1.0,1.0,0.0,0.6666666666666666,0.3092105263157895,0.1788168710416386,0.0,1.0,0.0,1.0,0.0,0.5,0.04999999999999999,0.28169014084507044,0.5714285714285714,0.05081176290396692
2726,0.8571428571428572,1.0,0.0,1.0,0.0,0.0,0.12499999999999997,0.31289583614068184,0.0,1.0,1.0,1.0,0.0,0.5,0.022898286491247047,0.8591549295774648,0.7142857142857142,0.07400316536478276
2727,0.2857142857142857,1.0,1.0,0.0,0.0,0.6666666666666666,0.14473684210526314,0.11588734671877104,0.0,1.0,0.0,0.0,0.0,0.0,0.02603114761455949,0.29577464788732394,0.42857142857142855,0.041296523204166026
2728,0.9571428571428572,1.0,0.0,1.0,0.0,0.0,0.19078947368421054,0.4446840048510982,1.0,1.0,1.0,0.0,0.0,0.5,0.032738260242834175,0.9577464788732395,0.7142857142857142,0.1052100883238883
2729,0.15714285714285714,0.0,0.0,1.0,1.0,0.3333333333333333,0.08552631578947367,0.05214930602344697,0.0,1.0,1.0,0.0,0.0,0.0,0.018300345585925228,0.0,0.42857142857142855,0.01865714504518303
2730,0.3,0.0,0.0,0.0,0.0,1.0,0.48026315789473684,0.27233526478911196,1.0,1.0,0.0,1.0,0.0,0.5,0.07398680490103676,0.3098591549295775,0.42857142857142855,0.09686590595803339
2731,0.2714285714285714,0.0,1.0,1.0,0.5,0.0,0.5263157894736842,0.26519337016574585,1.0,0.0,0.0,0.0,0.0,0.5,0.08020735155513666,0.014084507042253521,0.42857142857142855,0.09432914688313677
2732,0.0,1.0,1.0,1.0,0.0,0.3333333333333333,0.26315789473684215,0.009028432825764722,0.0,1.0,0.0,0.0,0.0,0.5,0.06314797360980207,0.014084507042253521,0.5714285714285714,0.002565477102159596
2733,0.41428571428571426,1.0,0.0,1.0,0.0,0.6666666666666666,0.45394736842105265,0.35898126937070474,1.0,1.0,1.0,0.0,0.0,0.5,0.07093936537857366,0.4225352112676056,0.7142857142857142,0.08491601572471537
2734,0.32857142857142857,1.0,0.0,0.0,0.0,0.0,0.256578947368421,0.18865382023985985,1.0,1.0,0.0,0.0,0.0,0.5,0.042334275840402134,0.3380281690140845,0.42857142857142855,0.06714274774084852
2735,0.1857142857142857,0.0,0.0,1.0,0.0,0.3333333333333333,0.11184210526315788,0.067106858913893,1.0,0.0,1.0,0.0,0.0,0.0,0.021273730981553787,0.1971830985915493,0.42857142857142855,0.02396998008883443
2736,0.49999999999999994,1.0,1.0,1.0,0.5,1.0,1.0,0.287292817679558,1.0,0.0,1.0,0.0,0.0,1.0,0.04298879463818201,0.04225352112676056,0.7142857142857142,0.06794047072037576
2737,0.9714285714285714,0.0,0.0,0.0,0.5,0.6666666666666666,0.368421052631579,0.7026007276647351,1.0,0.0,1.0,0.0,0.0,0.5,0.05821688590200658,0.07042253521126761,0.2857142857142857,0.3331035891152295
2738,0.32857142857142857,1.0,1.0,0.0,0.0,0.6666666666666666,0.032894736842105254,0.07694380811211425,1.0,0.0,0.0,0.0,0.0,1.0,0.00977851083883129,0.3380281690140845,0.42857142857142855,0.027464006739163733
2739,0.8428571428571429,0.0,1.0,1.0,0.0,0.6666666666666666,0.4342105263157895,0.6900687238916587,1.0,1.0,1.0,1.0,0.0,1.0,0.06746779767514922,0.8450704225352113,0.8571428571428571,0.13990875872481018
2740,0.7714285714285715,1.0,1.0,0.0,1.0,0.6666666666666666,0.493421052631579,0.6965368548713111,0.0,1.0,0.0,1.0,0.0,0.0,0.07562333990232199,0.028169014084507043,0.5714285714285714,0.19792464389646192
2741,0.32857142857142857,0.0,1.0,1.0,0.0,1.0,0.5657894736842105,0.33903786551677667,0.0,1.0,1.0,0.0,0.0,0.5,0.08616085453974238,0.3380281690140845,0.5714285714285714,0.09633940879154541
2742,0.32857142857142857,0.0,0.0,0.0,0.0,0.6666666666666666,0.07236842105263158,0.09648295377981403,0.0,0.0,0.0,0.0,0.0,0.5,0.015472824379516179,0.3380281690140845,0.0,0.1392249961709297
2743,0.7571428571428571,0.0,1.0,1.0,0.5,0.6666666666666666,0.006578947368421045,0.14472443066972107,0.0,0.0,0.0,0.0,0.0,0.0,0.0057946730896778036,0.056338028169014086,0.2857142857142857,0.06889773829580845
2744,0.35714285714285715,1.0,1.0,1.0,0.0,1.0,0.05263157894736842,0.09257512464627407,0.0,1.0,0.0,0.0,0.0,0.5,0.012216341622562167,0.36619718309859156,0.5714285714285714,0.02630571297289018
2745,0.9285714285714286,0.0,1.0,0.0,1.0,1.0,0.6118421052631579,0.9978439563401158,1.0,1.0,0.0,0.0,0.0,0.0,0.0927512638162968,0.028169014084507043,0.42857142857142855,0.3545623372645122
2746,0.5285714285714286,1.0,1.0,1.0,0.5,1.0,0.506578947368421,0.49440776175717555,1.0,1.0,1.0,1.0,0.0,0.5,0.07815367825785009,0.04225352112676056,1.0,0.08760434216572216
2747,0.9142857142857143,1.0,1.0,1.0,0.0,0.0,0.5526315789473684,0.9035170462201859,0.0,1.0,0.0,1.0,0.0,0.0,0.084231131733488,0.9154929577464789,0.7142857142857142,0.21385995813549802
2748,0.7142857142857143,1.0,1.0,1.0,0.0,0.6666666666666666,0.3421052631578947,0.4904999326236356,1.0,0.0,0.0,0.0,0.0,0.5,0.054332760436879735,0.7183098591549296,0.5714285714285714,0.13937815898299893
2749,0.4857142857142857,1.0,1.0,0.0,0.0,0.6666666666666666,0.3486842105263158,0.34294569465031666,1.0,0.0,1.0,0.0,0.0,0.5,0.05571563215295543,0.49295774647887325,0.5714285714285714,0.09744983917904733
2750,0.6,0.0,0.0,1.0,0.0,0.6666666666666666,0.19736842105263155,0.287292817679558,1.0,0.0,0.0,0.0,0.0,0.0,0.033842579400740855,0.6056338028169014,0.2857142857142857,0.13641701128299383
2751,0.39999999999999997,1.0,0.0,1.0,1.0,1.0,0.5592105263157895,0.4049319498719849,0.0,1.0,1.0,0.0,0.0,0.5,0.08492313692352692,0.014084507042253521,0.5714285714285714,0.11506356256700873
2752,0.5142857142857143,0.0,1.0,1.0,0.5,0.6666666666666666,0.5460526315789473,0.5116561110362484,0.0,1.0,1.0,0.0,0.0,0.5,0.08388312912346842,0.04225352112676056,0.5714285714285714,0.1453897993567162
2753,0.8142857142857143,1.0,1.0,1.0,0.0,0.0,0.26315789473684215,0.46220185958765664,1.0,0.0,0.0,0.0,0.0,0.0,0.04277032077740583,0.8169014084507042,0.5714285714285714,0.13133711134936438
2754,0.7571428571428571,0.0,1.0,1.0,0.0,0.6666666666666666,0.21710526315789472,0.38310200781565823,0.0,0.0,0.0,1.0,0.0,1.0,0.0366705065102803,0.7605633802816901,0.42857142857142855,0.13620960330831675
2755,0.5428571428571429,1.0,0.0,1.0,0.0,0.3333333333333333,0.48684210526315785,0.49211696536854865,0.0,1.0,1.0,0.0,0.0,0.0,0.07540056550424128,0.5492957746478874,0.5714285714285714,0.13983764741920662
2756,0.5857142857142857,1.0,1.0,1.0,0.0,1.0,0.019736842105263164,0.12653281228944885,1.0,0.0,0.0,1.0,0.0,0.5,0.008190835240788116,0.5915492957746479,0.7142857142857142,0.02987313013733599
2757,0.3857142857142857,1.0,1.0,1.0,0.5,1.0,0.5657894736842105,0.39846381889233257,1.0,0.0,0.0,0.0,0.0,0.5,0.08681163323010636,0.028169014084507043,0.5714285714285714,0.11322560882217798
2758,0.39999999999999997,0.0,1.0,0.0,0.5,0.0,0.29605263157894735,0.2515833445627274,1.0,1.0,0.0,0.0,0.0,0.5,0.0479378595339465,0.028169014084507043,0.42857142857142855,0.08949494562720171
2759,0.6,1.0,0.0,0.0,0.0,0.0,0.29605263157894735,0.36935722948389704,0.0,0.0,0.0,0.0,0.0,0.0,0.04719110974727659,0.6056338028169014,0.14285714285714285,0.2631911471894624
2760,0.028571428571428574,0.0,1.0,0.0,0.0,0.0,0.4407894736842105,0.03207114944077617,1.0,1.0,1.0,0.0,1.0,0.5,0.06597549481621112,0.04225352112676056,0.5714285714285714,0.00911318731811916
2761,0.12857142857142856,1.0,1.0,1.0,0.5,0.3333333333333333,0.4276315789473685,0.11278803395768763,1.0,0.0,0.0,0.0,1.0,0.5,0.06701225259189443,0.0,0.5714285714285714,0.03204931842548629
2762,0.8285714285714286,1.0,0.0,0.0,0.0,1.0,0.1776315789473684,0.3685487131114405,1.0,1.0,1.0,0.0,0.0,0.5,0.030719340564545762,0.8309859154929577,0.5714285714285714,0.10472507275233572
2763,0.1857142857142857,1.0,1.0,1.0,0.5,0.3333333333333333,0.625,0.2133135695997844,0.0,0.0,0.0,1.0,0.0,0.5,0.09431802881378752,0.014084507042253521,0.5714285714285714,0.06061418287639761
2764,0.6571428571428571,1.0,0.0,0.0,0.0,0.6666666666666666,0.6513157894736842,0.7501684409109284,0.0,1.0,1.0,0.0,0.0,0.5,0.09872260212164358,0.6619718309859155,0.42857142857142855,0.2665894470822484
2765,0.5857142857142857,1.0,1.0,1.0,0.5,0.3333333333333333,0.3486842105263158,0.4107263172079234,1.0,1.0,0.0,1.0,0.0,0.0,0.0555181544813967,0.04225352112676056,0.8571428571428571,0.08321116775704003
2766,0.44285714285714284,1.0,0.0,1.0,1.0,0.6666666666666666,0.375,0.3262363562862148,0.0,0.0,1.0,0.0,0.0,0.5,0.05852379830348728,0.014084507042253521,0.42857142857142855,0.11601125746668708
2767,0.44285714285714284,1.0,1.0,1.0,1.0,0.6666666666666666,0.368421052631579,0.3234065489826169,1.0,0.0,0.0,0.0,0.0,0.5,0.0579052780395853,0.014084507042253521,0.5714285714285714,0.09189768724153775
2768,0.5857142857142857,1.0,0.0,1.0,1.0,0.3333333333333333,0.3223684210526315,0.3847190405605713,1.0,0.0,1.0,0.0,0.0,0.5,0.05118711009380189,0.014084507042253521,0.5714285714285714,0.10931995711441261
2769,0.44285714285714284,1.0,1.0,0.0,1.0,0.6666666666666666,0.625,0.4917127071823204,0.0,0.0,0.0,0.0,0.0,0.0,0.09469250706880301,0.014084507042253521,0.2857142857142857,0.23322867207841935
2770,0.35714285714285715,0.0,0.0,0.0,0.5,0.6666666666666666,0.1644736842105263,0.1542918744104568,0.0,0.0,1.0,1.0,0.0,0.5,0.02881896614224607,0.028169014084507043,0.2857142857142857,0.07342880481952314
2771,0.0,0.0,1.0,0.0,1.0,0.6666666666666666,0.07236842105263158,0.0022907963886268693,1.0,0.0,0.0,1.0,0.0,0.5,0.01602262016965127,0.0,0.42857142857142855,0.0009476948996783581
2772,0.7857142857142857,1.0,1.0,0.0,1.0,0.0,0.6118421052631579,0.8500202129093114,1.0,1.0,1.0,0.0,0.0,0.5,0.09320721691126968,0.028169014084507043,0.7142857142857142,0.2011921172206055
2773,0.014285714285714285,0.0,0.0,1.0,0.5,0.3333333333333333,0.14473684210526314,0.010241207384449535,0.0,1.0,0.0,0.0,0.0,0.5,0.029217719132893498,0.0,0.2857142857142857,0.005207535610353806
2774,0.41428571428571426,1.0,1.0,1.0,0.0,0.0,0.493421052631579,0.3820239859857162,0.0,1.0,0.0,1.0,0.0,0.0,0.07631165567075086,0.4225352112676056,0.7142857142857142,0.09037244090468168
2775,1.0,1.0,1.0,0.0,0.0,0.3333333333333333,0.13815789473684212,0.38808785877914026,0.0,1.0,0.0,1.0,0.0,0.5,0.025222020151066622,1.0,0.5714285714285714,0.1102772246898453
2776,0.7285714285714286,0.0,1.0,1.0,1.0,1.0,0.6381578947368421,0.8114809324888829,0.0,1.0,0.0,0.0,0.0,0.5,0.09620822156166171,0.028169014084507043,0.42857142857142855,0.28836728442334203
2777,0.11428571428571427,1.0,0.0,0.0,0.0,0.6666666666666666,0.5263157894736842,0.11467457216008622,0.0,0.0,1.0,1.0,1.0,0.0,0.0773903026494921,0.1267605633802817,0.42857142857142855,0.04086575279522132
2778,0.3,1.0,1.0,1.0,1.0,0.6666666666666666,0.6052631578947368,0.32839239994609887,0.0,0.0,1.0,1.0,0.0,0.5,0.09180875674749378,0.0,0.7142857142857142,0.07767269107060806
2779,0.4714285714285714,1.0,0.0,1.0,0.0,1.0,0.631578947368421,0.5262094057404663,0.0,0.0,0.0,0.0,0.0,0.0,0.095442701114376,0.47887323943661975,0.2857142857142857,0.24956603869913718
2780,0.6857142857142857,1.0,1.0,0.0,0.0,0.6666666666666666,0.05921052631578946,0.18515024929254817,0.0,0.0,0.0,0.0,0.0,0.0,0.013502856373463618,0.6901408450704225,0.2857142857142857,0.08804308980446215
2781,0.0,0.0,1.0,1.0,0.5,0.6666666666666666,0.2894736842105263,0.00592912006468131,1.0,1.0,0.0,0.0,0.0,1.0,0.0414703110273327,0.0,0.5714285714285714,0.0016847909327615256
2782,0.7428571428571429,0.0,1.0,1.0,1.0,1.0,0.4276315789473685,0.6022099447513811,1.0,1.0,1.0,0.0,0.0,0.5,0.06652677253569968,0.028169014084507043,0.7142857142857142,0.14251161484658192
2783,0.5571428571428572,1.0,1.0,1.0,0.0,0.0,0.5328947368421053,0.537932893141086,1.0,0.0,0.0,0.0,0.0,0.5,0.08119698397737983,0.5633802816901409,0.5714285714285714,0.15285648644509114
2784,0.6285714285714286,0.0,1.0,0.0,1.0,0.0,0.1644736842105263,0.26613663926694514,0.0,0.0,0.0,0.0,0.0,0.0,0.028463713477851087,0.014084507042253521,0.14285714285714285,0.18986445091131873
2785,0.9571428571428572,1.0,1.0,1.0,0.5,0.3333333333333333,0.6052631578947368,0.9999999999999999,1.0,1.0,1.0,1.0,0.0,0.5,0.08985696069191107,0.07042253521126761,1.0,0.17739604074130802
2786,0.11428571428571427,1.0,1.0,1.0,0.0,0.0,0.1513157894736842,0.04783721870367875,1.0,0.0,1.0,1.0,0.0,0.5,0.025447690857681435,0.1267605633802817,0.8571428571428571,0.009556265453033718
2787,0.3,1.0,0.0,1.0,0.0,0.0,0.5723684210526315,0.3153213852580515,1.0,1.0,0.0,1.0,0.0,0.0,0.08765315739868049,0.3098591549295775,0.7142857142857142,0.07457752591004237
2788,0.24285714285714283,1.0,1.0,1.0,0.0,0.3333333333333333,0.3421052631578947,0.1693841800296456,1.0,1.0,1.0,1.0,0.0,0.5,0.053356372395015186,0.2535211267605634,1.0,0.02988110736713126
2789,0.6,1.0,1.0,1.0,0.0,0.6666666666666666,0.3421052631578947,0.4132866190540358,0.0,1.0,0.0,0.0,0.0,0.5,0.05433662845494597,0.6056338028169014,0.5714285714285714,0.1174375861540818
2790,0.5428571428571429,1.0,1.0,1.0,0.0,0.0,0.24999999999999997,0.3002290796388627,1.0,1.0,0.0,0.0,0.0,0.0,0.040986974068972185,0.5492957746478874,0.7142857142857142,0.07100372696176036
2791,0.07142857142857142,1.0,1.0,0.0,0.0,0.3333333333333333,0.07236842105263158,0.02142568387009837,1.0,0.0,0.0,0.0,0.0,0.5,0.01398052152057807,0.08450704225352113,0.42857142857142855,0.007744294685250421
2792,0.6714285714285715,1.0,1.0,0.0,0.0,1.0,0.2302631578947368,0.3506266001886538,0.0,1.0,0.0,0.0,0.0,1.0,0.038171536286522145,0.676056338028169,0.42857142857142855,0.12467452902435289
2793,0.0857142857142857,1.0,1.0,1.0,1.0,0.0,0.2828947368421052,0.05780892063064277,0.0,0.0,0.0,0.0,0.0,1.0,0.046452134105291504,0.0,0.42857142857142855,0.020667406953591667
2794,0.9714285714285714,0.0,0.0,0.0,0.0,1.0,0.3157894736842105,0.6287562323137043,1.0,1.0,1.0,0.0,0.0,0.0,0.05073146744252756,0.971830985915493,0.42857142857142855,0.223464542809006
2795,0.21428571428571427,1.0,1.0,1.0,0.5,1.0,0.48684210526315785,0.2003773076404797,1.0,0.0,1.0,1.0,0.0,0.5,0.07522384542884071,0.014084507042253521,0.8571428571428571,0.04051703389274227
2796,0.0,0.0,1.0,1.0,0.0,0.6666666666666666,0.23684210526315788,0.006602883708395095,0.0,0.0,0.0,0.0,0.0,0.5,0.046182846371347785,0.014084507042253521,0.2857142857142857,0.003484453974574973
2797,0.5142857142857143,1.0,1.0,1.0,1.0,0.3333333333333333,0.26973684210526316,0.30130710146880474,1.0,0.0,0.0,0.0,0.0,0.5,0.04411952008558983,0.014084507042253521,0.5714285714285714,0.08561801194669934
2798,0.5142857142857143,1.0,1.0,1.0,1.0,0.3333333333333333,0.5986842105263158,0.5484436059830211,0.0,1.0,0.0,1.0,0.0,0.0,0.09083730290139337,0.014084507042253521,0.7142857142857142,0.1297799560933272
2799,0.9,1.0,1.0,1.0,0.0,0.3333333333333333,0.5,0.819700848942191,1.0,0.0,0.0,1.0,0.0,0.0,0.07659342601319509,0.9014084507042254,0.7142857142857142,0.19401261040486037
2800,0.8714285714285714,0.0,1.0,1.0,1.0,0.0,0.019736842105263164,0.1831289583614068,1.0,0.0,1.0,1.0,0.0,0.5,0.007676872092669727,0.028169014084507043,0.7142857142857142,0.04327487619339358
2801,0.8571428571428572,1.0,1.0,0.0,1.0,0.6666666666666666,0.5394736842105263,0.8312895836140681,1.0,1.0,1.0,0.0,0.0,0.5,0.08233803556805364,0.028169014084507043,0.7142857142857142,0.19675677745443407
2802,0.45714285714285713,0.0,1.0,1.0,0.5,0.6666666666666666,0.6513157894736842,0.5294434712302923,1.0,1.0,1.0,1.0,0.0,0.5,0.0994202153485848,0.028169014084507043,0.8571428571428571,0.10730696015578847
2803,0.9285714285714286,0.0,0.0,0.0,0.5,0.3333333333333333,0.618421052631579,0.9999999999999999,0.0,1.0,0.0,0.0,0.0,0.5,0.09297975037843087,0.07042253521126761,0.14285714285714285,0.711192372491959
2804,0.41428571428571426,0.0,1.0,1.0,0.0,0.6666666666666666,0.5526315789473684,0.41692494273009023,0.0,1.0,0.0,0.0,0.0,0.5,0.08444863336475023,0.4225352112676056,0.42857142857142855,0.14822331137999695
2805,0.2714285714285714,1.0,1.0,1.0,0.0,0.6666666666666666,0.4144736842105263,0.22288101334052013,0.0,1.0,1.0,1.0,0.0,1.0,0.06540999057492931,0.28169014084507044,0.8571428571428571,0.04508456775266394
2806,0.8428571428571429,0.0,1.0,1.0,0.0,1.0,0.18421052631578946,0.3848537932893141,0.0,0.0,0.0,0.0,0.0,0.5,0.03188815582783538,0.8450704225352113,0.2857142857142857,0.1826211262572114
2807,0.32857142857142857,1.0,1.0,1.0,0.0,1.0,0.4342105263157895,0.2752998248214526,0.0,1.0,0.0,0.0,0.0,1.0,0.0675856110587496,0.3380281690140845,0.5714285714285714,0.078227906264359
2808,0.04285714285714286,1.0,1.0,0.0,0.0,0.0,0.4605263157894737,0.04648969141625118,0.0,0.0,0.0,1.0,1.0,0.5,0.07139491046182846,0.056338028169014086,0.42857142857142855,0.01664688313677439
2809,0.5142857142857143,1.0,1.0,0.0,1.0,1.0,0.19078947368421054,0.23689529712976687,0.0,0.0,0.0,0.0,0.0,0.5,0.03194334768321573,0.014084507042253521,0.2857142857142857,0.11254913973553887
2810,0.04285714285714286,1.0,0.0,1.0,0.0,0.0,0.17105263157894737,0.022907963886268694,1.0,0.0,1.0,1.0,0.0,0.5,0.030160226201696512,0.056338028169014086,0.7142857142857142,0.005335171287078164
2811,0.24285714285714283,1.0,1.0,0.0,1.0,0.3333333333333333,0.26315789473684215,0.14445492521223555,1.0,1.0,0.0,0.0,0.0,1.0,0.043669494187873074,0.0,0.5714285714285714,0.04104763363455353
2812,0.9285714285714286,0.0,1.0,0.0,0.0,0.6666666666666666,0.4276315789473685,0.7466648699636167,0.0,0.0,0.0,0.0,0.0,0.5,0.0661325793276783,0.9295774647887324,0.14285714285714285,0.5312260683106141
2813,0.6714285714285715,1.0,1.0,0.0,0.0,0.6666666666666666,0.19736842105263155,0.31936396712033416,0.0,1.0,0.0,1.0,0.0,1.0,0.03361608545397424,0.676056338028169,0.5714285714285714,0.09074896615101853
2814,0.45714285714285713,1.0,1.0,1.0,0.0,1.0,0.368421052631579,0.33189597089341055,0.0,1.0,0.0,0.0,0.0,0.5,0.05755005283751749,0.4647887323943662,0.5714285714285714,0.09431000153162812
2815,0.8142857142857143,1.0,1.0,0.0,0.0,0.3333333333333333,0.5921052631578947,0.8578358711763913,0.0,1.0,0.0,1.0,0.0,0.0,0.09048067860508953,0.8169014084507042,0.5714285714285714,0.2437586154081789
2816,0.3857142857142857,1.0,1.0,1.0,1.0,0.6666666666666666,0.19736842105263155,0.1840722274626061,1.0,0.0,0.0,1.0,0.0,0.5,0.03325703514204928,0.014084507042253521,0.7142857142857142,0.0434982386276612
2817,0.4857142857142857,1.0,1.0,0.0,1.0,0.6666666666666666,0.6381578947368421,0.5469613259668508,0.0,0.0,0.0,1.0,0.0,0.5,0.09648579507203446,0.014084507042253521,0.42857142857142855,0.194411471894624
2818,0.12857142857142856,0.0,1.0,1.0,0.0,0.0,0.3157894736842105,0.09068858644387548,0.0,1.0,1.0,1.0,0.0,0.5,0.05155513666352497,0.14084507042253522,0.7142857142857142,0.02138535763516618
2819,0.9142857142857143,0.0,1.0,1.0,1.0,1.0,0.07236842105263158,0.26142029376094866,1.0,1.0,1.0,0.0,0.0,0.5,0.015138113535851518,0.028169014084507043,0.7142857142857142,0.06181395823760658
2820,0.5857142857142857,0.0,0.0,1.0,0.5,0.3333333333333333,0.0394736842105263,0.1420293760948659,0.0,1.0,1.0,0.0,0.0,0.0,0.010771509357748753,0.04225352112676056,0.42857142857142855,0.050582018685863074
2821,0.11428571428571427,0.0,1.0,1.0,0.0,0.3333333333333333,0.2236842105263158,0.06400754615280958,0.0,0.0,1.0,0.0,0.0,0.5,0.03801445177505498,0.1267605633802817,0.42857142857142855,0.022869122377086843
2822,0.8428571428571429,0.0,1.0,0.0,0.5,1.0,0.17105263157894737,0.3662579167228136,0.0,0.0,1.0,1.0,0.0,0.5,0.02972038956958844,0.07042253521126761,0.42857142857142855,0.13022668096186246
2823,0.19999999999999998,0.0,0.0,1.0,0.5,0.0,0.5592105263157895,0.2110227732111575,0.0,1.0,0.0,0.0,0.0,0.0,0.08608231228400878,0.014084507042253521,0.2857142857142857,0.1002961147700005
2824,0.8,0.0,0.0,1.0,0.0,0.6666666666666666,0.48684210526315785,0.7209270987737502,1.0,1.0,1.0,1.0,0.0,0.0,0.0754997767746416,0.8028169014084507,0.7142857142857142,0.17062337264512176
2825,0.9714285714285714,1.0,0.0,0.0,0.5,0.0,0.5855263157894737,0.9999999999999999,1.0,0.0,0.0,0.0,0.0,0.5,0.08836345258096681,0.07042253521126761,0.2857142857142857,0.4739495583805586
2826,0.3,1.0,1.0,1.0,0.0,0.0,0.38815789473684215,0.23271796253874139,0.0,1.0,0.0,0.0,0.0,0.5,0.06139148316339646,0.3098591549295775,0.5714285714285714,0.06612804411088988
2827,0.9,0.0,0.0,1.0,0.0,0.6666666666666666,0.2894736842105263,0.5460180568656515,1.0,1.0,0.0,1.0,0.0,0.5,0.046683553251649385,0.9014084507042254,0.5714285714285714,0.1551539286261296
2828,0.5714285714285715,1.0,1.0,1.0,0.0,0.0,0.18421052631578946,0.25670394825495213,1.0,0.0,0.0,0.0,0.0,0.5,0.030918829452196497,0.5774647887323944,0.5714285714285714,0.0729437892479706
2829,1.0,1.0,1.0,1.0,1.0,0.3333333333333333,0.38815789473684215,0.7489556663522435,1.0,1.0,1.0,0.0,0.0,0.5,0.060771793816622635,0.028169014084507043,0.8571428571428571,0.15186092816664115
2830,0.7857142857142857,0.0,1.0,1.0,0.5,1.0,0.4078947368421053,0.6166284867268562,0.0,0.0,0.0,0.0,0.0,0.0,0.06405681971186211,0.056338028169014086,0.2857142857142857,0.2923878082401593
2831,0.3142857142857143,0.0,0.0,1.0,0.0,0.0,0.26315789473684215,0.18258994744643578,1.0,1.0,1.0,0.0,0.0,0.5,0.04290456091464164,0.323943661971831,0.5714285714285714,0.051883902588451526
2832,0.34285714285714286,1.0,1.0,0.0,0.0,0.3333333333333333,0.618421052631579,0.38148497507074514,1.0,0.0,0.0,0.0,0.0,0.5,0.094062205466541,0.35211267605633806,0.42857142857142855,0.13563524276305713
2833,0.07142857142857142,0.0,1.0,0.0,0.0,1.0,0.42105263157894735,0.06656784799892197,0.0,0.0,0.0,0.0,1.0,0.0,0.0666038328620798,0.08450704225352113,0.14285714285714285,0.04809312298973809
2834,0.4714285714285714,1.0,1.0,1.0,0.5,0.3333333333333333,0.5526315789473684,0.47284732515833444,0.0,0.0,1.0,0.0,0.0,0.0,0.084465265842435,0.028169014084507043,0.5714285714285714,0.13436207688773166
2835,0.8857142857142858,0.0,1.0,1.0,0.0,0.6666666666666666,0.4144736842105263,0.6980191348874815,0.0,0.0,1.0,1.0,0.0,0.0,0.0645093727091842,0.8873239436619719,0.5714285714285714,0.19834584162965233
2836,0.11428571428571427,1.0,0.0,1.0,1.0,0.0,0.21052631578947364,0.06036922247675515,0.0,1.0,0.0,0.0,0.0,0.5,0.035186930568645934,0.0,0.42857142857142855,0.021576811150252718
2837,0.8428571428571429,1.0,1.0,0.0,1.0,0.6666666666666666,0.48684210526315785,0.7548847864169249,1.0,1.0,0.0,1.0,0.0,0.5,0.07502356267672007,0.028169014084507043,0.7142857142857142,0.17866442027875631
2838,0.6857142857142857,0.0,1.0,1.0,0.5,1.0,0.15789473684210528,0.2837892467322463,1.0,1.0,0.0,0.0,0.0,1.0,0.027582757891092345,0.056338028169014086,0.5714285714285714,0.08064022055444939
2839,0.7142857142857143,1.0,0.0,0.0,0.0,0.3333333333333333,0.39473684210526316,0.5456137986794232,1.0,1.0,1.0,0.0,0.0,1.0,0.06189129751806473,0.7183098591549296,0.5714285714285714,0.15503905651707767
2840,0.8428571428571429,1.0,1.0,1.0,0.0,1.0,0.26973684210526316,0.4852445762026681,0.0,1.0,0.0,0.0,0.0,0.5,0.043590951932139486,0.8450704225352113,0.5714285714285714,0.13788482156532395
2841,0.9857142857142858,1.0,1.0,0.0,0.0,0.3333333333333333,0.09868421052631579,0.9999999999999999,1.0,0.0,1.0,0.0,0.0,0.5,0.08691261613033525,0.9859154929577465,0.5714285714285714,0.2841553070914382
2842,0.5142857142857143,1.0,0.0,1.0,0.5,0.3333333333333333,0.2763157894736842,0.3048106724161164,0.0,1.0,0.0,0.0,0.0,0.5,0.04478182235015411,0.04225352112676056,0.42857142857142855,0.10840098024199725
2843,0.42857142857142855,1.0,0.0,0.0,0.5,0.3333333333333333,0.21052631578947364,0.21237030049858507,1.0,1.0,0.0,1.0,0.0,1.0,0.03514639263020279,0.028169014084507043,0.5714285714285714,0.06034614795527646
2844,0.5714285714285715,1.0,0.0,1.0,0.0,0.3333333333333333,0.07894736842105263,0.16871041638593182,1.0,0.0,1.0,0.0,0.0,0.5,0.01590768028321188,0.5774647887323944,0.5714285714285714,0.04793996017766886
2845,0.8714285714285714,0.0,1.0,0.0,0.0,0.6666666666666666,0.5460526315789473,0.8540627947715941,0.0,0.0,1.0,0.0,0.0,0.5,0.08336627040831839,0.8732394366197184,0.2857142857142857,0.4048348394343187
2846,0.8142857142857143,0.0,1.0,1.0,1.0,0.3333333333333333,0.32894736842105265,0.5427839913758253,0.0,1.0,0.0,0.0,0.0,0.5,0.052487893659202436,0.028169014084507043,0.42857142857142855,0.19292770715270333
2847,0.1857142857142857,0.0,1.0,1.0,0.0,0.6666666666666666,0.2302631578947368,0.1006602883708395,1.0,1.0,1.0,1.0,0.0,0.5,0.038036892419550286,0.1971830985915493,0.8571428571428571,0.02027766229787979
2848,0.49999999999999994,0.0,1.0,1.0,0.0,0.6666666666666666,0.3355263157894737,0.34038539280420427,1.0,1.0,0.0,0.0,0.0,1.0,0.0533040108911928,0.5070422535211268,0.5714285714285714,0.09672231582171849
2849,0.49999999999999994,0.0,1.0,0.0,0.5,1.0,0.5,0.46125859048645734,1.0,1.0,0.0,0.0,0.0,0.0,0.07678814535553462,0.04225352112676056,0.42857142857142855,0.1639703629958646
2850,0.09999999999999999,1.0,1.0,0.0,0.0,0.6666666666666666,0.013157894736842118,0.022638458428783183,1.0,0.0,1.0,1.0,0.0,0.5,0.00824693685202639,0.11267605633802817,0.7142857142857142,0.005271353448715985
2851,0.35714285714285715,1.0,0.0,1.0,0.5,0.6666666666666666,1.0,0.9999999999999999,0.0,1.0,1.0,1.0,0.0,1.0,0.2563256724425433,0.028169014084507043,0.7142857142857142,0.23670674426915814
2852,0.49999999999999994,0.0,1.0,1.0,1.0,1.0,0.3157894736842105,0.32879665813232717,1.0,0.0,0.0,1.0,0.0,0.5,0.05105246622683003,0.014084507042253521,0.5714285714285714,0.09342931536223005
2853,0.6714285714285715,1.0,1.0,1.0,0.5,0.6666666666666666,0.5921052631578947,0.7034092440371917,1.0,0.0,0.0,1.0,0.0,0.0,0.08957744266415332,0.056338028169014086,0.7142857142857142,0.16647521315158015
2854,0.3857142857142857,0.0,1.0,0.0,0.0,1.0,0.368421052631579,0.2866190540358442,0.0,0.0,0.0,0.0,0.0,0.5,0.05887303083344553,0.3943661971830986,0.14285714285714285,0.20441491805789555
2855,0.9571428571428572,1.0,1.0,0.0,0.0,1.0,0.09210526315789472,0.307236221533486,0.0,1.0,1.0,0.0,0.0,1.0,0.01860065421078893,0.9577464788732395,0.5714285714285714,0.08730280287946086
2856,0.8714285714285714,1.0,0.0,0.0,0.0,0.0,0.256578947368421,0.4917127071823204,1.0,0.0,1.0,1.0,0.0,1.0,0.042488826730716606,0.8732394366197184,0.5714285714285714,0.1397227753101547
2857,0.7142857142857143,1.0,1.0,1.0,0.0,0.0,0.4144736842105263,0.5590890715536989,1.0,0.0,0.0,0.0,0.0,0.5,0.06373935059414906,0.7183098591549296,0.5714285714285714,0.1588681268188084
2858,0.5857142857142857,1.0,1.0,0.0,1.0,0.6666666666666666,0.032894736842105254,0.1370435251313839,1.0,0.0,0.0,0.0,0.0,0.5,0.009941205511422288,0.014084507042253521,0.42857142857142855,0.048811073671312606
2859,0.39999999999999997,1.0,1.0,0.0,0.5,1.0,0.5855263157894737,0.42002425549117367,1.0,0.0,1.0,1.0,0.0,0.5,0.08856316422373169,0.028169014084507043,0.7142857142857142,0.09937075611374892
2860,0.12857142857142856,0.0,1.0,0.0,0.0,0.6666666666666666,0.04605263157894737,0.03314917127071823,0.0,0.0,1.0,0.0,0.0,0.5,0.011310084825636193,0.14084507042253522,0.2857142857142857,0.016056568131924236
2861,0.5428571428571429,1.0,1.0,1.0,1.0,1.0,0.02631578947368421,0.11939091766608272,0.0,0.0,0.0,0.0,0.0,0.5,0.00855506416298122,0.014084507042253521,0.42857142857142855,0.04254097105222852
2862,0.0,0.0,0.0,0.0,0.5,0.6666666666666666,0.006578947368421045,0.0004042581862282713,1.0,0.0,0.0,1.0,0.0,1.0,0.002827521206409049,0.0,0.2857142857142857,0.0005488334099147394
2863,0.5428571428571429,1.0,1.0,1.0,0.0,0.6666666666666666,0.45394736842105265,0.4643579032475407,0.0,0.0,1.0,1.0,0.0,0.5,0.07042219483312791,0.5492957746478874,0.7142857142857142,0.10986879052432735
2864,0.2857142857142857,1.0,1.0,1.0,0.0,0.6666666666666666,0.30263157894736836,0.1862282711224902,1.0,0.0,0.0,0.0,0.0,0.5,0.04945918046766304,0.29577464788732394,0.5714285714285714,0.05291775156991882
2865,0.9142857142857143,1.0,1.0,1.0,0.0,0.6666666666666666,0.07236842105263158,0.2620940574046624,1.0,0.0,1.0,0.0,0.0,0.5,0.015210614079605597,0.9154929577464789,0.7142857142857142,0.06197350283351202
2866,0.19999999999999998,1.0,0.0,1.0,1.0,0.3333333333333333,0.5657894736842105,0.2110227732111575,0.0,0.0,1.0,0.0,0.0,0.5,0.08608231228400878,0.0,0.42857142857142855,0.07508806861693981
2867,0.04285714285714286,0.0,0.0,1.0,0.0,0.3333333333333333,0.13815789473684212,0.018461123837757713,1.0,0.0,0.0,0.0,0.0,0.5,0.02238454288407163,0.056338028169014086,0.2857142857142857,0.009100423750446725
2868,0.8428571428571429,1.0,1.0,1.0,1.0,0.3333333333333333,0.21710526315789472,0.4252796119121412,1.0,1.0,0.0,0.0,0.0,0.0,0.036600691171850455,0.028169014084507043,0.7142857142857142,0.10061520396181141
2869,0.8571428571428572,0.0,1.0,1.0,0.0,0.0,0.11842105263157895,0.3088532542783991,0.0,0.0,1.0,0.0,0.0,1.0,0.022434758424622614,0.8591549295774648,0.42857142857142855,0.10983688160514628
2870,0.2714285714285714,0.0,0.0,0.0,1.0,0.6666666666666666,0.6118421052631579,0.30184611238377573,1.0,0.0,1.0,1.0,0.0,0.5,0.09302544769085769,0.0,0.42857142857142855,0.1073479859090213
2871,0.12857142857142856,1.0,0.0,1.0,0.0,0.3333333333333333,0.5,0.12774558684813367,1.0,0.0,1.0,0.0,1.0,0.5,0.07747408105560792,0.14084507042253522,0.5714285714285714,0.036299586460407415
2872,0.4714285714285714,0.0,0.0,1.0,1.0,0.0,0.48026315789473684,0.4211022773211157,0.0,0.0,0.0,0.0,0.0,0.0,0.07382048012418917,0.014084507042253521,0.14285714285714285,0.2999502220860775
2873,0.6714285714285715,1.0,0.0,1.0,1.0,0.0,0.032894736842105254,0.15483088532542783,0.0,1.0,1.0,1.0,0.0,0.5,0.009641061891297518,0.028169014084507043,0.7142857142857142,0.036574003165364785
2874,0.45714285714285713,0.0,1.0,0.0,0.0,1.0,0.3486842105263158,0.31963347257781966,0.0,1.0,1.0,0.0,0.0,0.0,0.05495101819324251,0.4647887323943662,0.42857142857142855,0.11366595190687702
2875,0.8571428571428572,1.0,1.0,0.0,0.5,1.0,0.381578947368421,0.6352243632933566,1.0,0.0,1.0,0.0,0.0,0.0,0.05985692433676859,0.07042253521126761,0.5714285714285714,0.18050237402358707
2876,0.12857142857142856,0.0,0.0,1.0,0.5,0.6666666666666666,0.256578947368421,0.07707856084085701,1.0,0.0,0.0,1.0,0.0,1.0,0.04203581526861452,0.0,0.42857142857142855,0.027511870117935367
2877,0.7571428571428571,1.0,0.0,0.0,1.0,0.6666666666666666,0.21710526315789472,0.3756906077348066,1.0,1.0,0.0,0.0,0.0,0.5,0.03571054560686982,0.028169014084507043,0.42857142857142855,0.13357711747587686
2878,0.9142857142857143,1.0,1.0,1.0,0.0,0.3333333333333333,0.5657894736842105,0.9198221263980595,0.0,0.0,1.0,1.0,0.0,0.5,0.08598564489233669,0.9154929577464789,0.7142857142857142,0.21772093735640988
2879,0.0,1.0,1.0,0.0,0.0,0.3333333333333333,0.019736842105263164,0.00026950545748551406,1.0,0.0,0.0,1.0,0.0,0.0,0.0018850141376060316,0.014084507042253521,0.5714285714285714,7.658140603461483e-05
2880,0.05714285714285714,1.0,0.0,1.0,1.0,0.6666666666666666,0.4144736842105263,0.05403584422584557,0.0,0.0,1.0,0.0,1.0,1.0,0.06503298774740811,0.0,0.42857142857142855,0.01932723234798591
2881,0.19999999999999998,0.0,1.0,1.0,0.5,0.0,0.26315789473684215,0.11952567039482548,1.0,0.0,0.0,1.0,0.0,0.5,0.043418158969525604,0.014084507042253521,0.5714285714285714,0.03396385357635166
2882,0.3857142857142857,0.0,0.0,1.0,0.0,0.0,0.4407894736842105,0.32421506535507344,1.0,1.0,1.0,0.0,0.0,0.5,0.06826444055473273,0.3943661971830986,0.5714285714285714,0.0921274314596416
2883,0.3142857142857143,1.0,1.0,1.0,1.0,0.6666666666666666,0.13157894736842105,0.12316399407087993,1.0,0.0,1.0,1.0,0.0,0.5,0.02483301233454903,0.0,0.8571428571428571,0.02484519615780146
2884,0.22857142857142856,1.0,1.0,1.0,0.0,1.0,0.15789473684210528,0.09634820105107127,0.0,0.0,1.0,1.0,0.0,0.5,0.027221821810722406,0.23943661971830987,0.7142857142857142,0.02272553224077194
2885,0.17142857142857143,1.0,1.0,0.0,0.5,1.0,0.38815789473684215,0.13812154696132597,0.0,0.0,0.0,1.0,0.0,0.5,0.06213296599724498,0.014084507042253521,0.42857142857142855,0.04919398070148568
2886,0.1857142857142857,1.0,1.0,0.0,0.0,0.0,0.6447368421052632,0.22247675515429186,0.0,0.0,0.0,0.0,0.0,0.0,0.09889592029083075,0.1971830985915493,0.2857142857142857,0.10572063103078573
2887,0.14285714285714285,1.0,1.0,1.0,0.0,0.3333333333333333,0.6447368421052632,0.17113596550330143,1.0,1.0,0.0,1.0,1.0,0.5,0.09682118070430983,0.15492957746478875,0.8571428571428571,0.03458197492505962
2888,0.3857142857142857,1.0,1.0,1.0,0.0,0.6666666666666666,0.1644736842105263,0.16641961999730495,1.0,0.0,1.0,0.0,0.0,0.0,0.028847448498720882,0.3943661971830986,0.7142857142857142,0.039318170214938476
2889,0.5857142857142857,0.0,0.0,1.0,0.0,1.0,0.07236842105263158,0.16736288909850425,1.0,0.0,1.0,0.0,0.0,1.0,0.014990350522867017,0.5915492957746479,0.42857142857142855,0.05958033389493031
2890,0.8571428571428572,0.0,0.0,1.0,0.0,0.0,0.39473684210526316,0.6491038943538606,0.0,0.0,0.0,0.0,0.0,0.5,0.06144837069884582,0.8591549295774648,0.14285714285714285,0.4619198958492878
2891,0.9,0.0,1.0,0.0,0.0,0.0,0.2763157894736842,0.532408031262633,1.0,0.0,0.0,0.0,0.0,0.5,0.04519615928369462,0.9014084507042254,0.2857142857142857,0.2525016592637974
2892,0.42857142857142855,1.0,1.0,1.0,0.0,0.6666666666666666,0.506578947368421,0.39940708799353186,1.0,0.0,0.0,0.0,0.0,0.5,0.07734638654951202,0.4366197183098592,0.5714285714285714,0.11349364374329914
2893,0.12857142857142856,1.0,1.0,0.0,0.0,1.0,0.3486842105263158,0.09473116830615819,1.0,0.0,0.0,0.0,1.0,0.5,0.05438265786993403,0.14084507042253522,0.42857142857142855,0.03378197273701945
2894,0.09999999999999999,0.0,1.0,1.0,0.5,0.3333333333333333,0.3421052631578947,0.07721331356959978,1.0,0.0,1.0,0.0,1.0,1.0,0.05596135721017907,0.0,0.5714285714285714,0.02194057282891714
2895,0.2857142857142857,0.0,1.0,1.0,0.0,0.6666666666666666,0.4276315789473685,0.23635628621479585,1.0,0.0,0.0,0.0,0.0,0.5,0.0661550199721736,0.29577464788732394,0.42857142857142855,0.08408638382600704
2896,0.8285714285714286,1.0,1.0,1.0,0.0,1.0,0.08552631578947367,0.2576472173561514,1.0,1.0,1.0,0.0,0.0,0.0,0.017572165689547753,0.8309859154929577,0.8571428571428571,0.05214099730871059
2897,0.7000000000000001,1.0,1.0,1.0,0.5,0.3333333333333333,0.44736842105263164,0.589543188249562,1.0,1.0,0.0,0.0,0.0,0.5,0.06953817153628652,0.056338028169014086,0.7142857142857142,0.1395121764435595
2898,0.9714285714285714,0.0,1.0,1.0,1.0,0.6666666666666666,0.3223684210526315,0.6377846651394691,1.0,0.0,1.0,0.0,0.0,1.0,0.05164665546585802,0.028169014084507043,0.5714285714285714,0.1812298973809159
2899,0.9857142857142858,1.0,1.0,0.0,0.5,0.3333333333333333,0.5460526315789473,0.9595741813771728,0.0,0.0,1.0,1.0,0.0,0.5,0.08287330012117948,0.07042253521126761,0.5714285714285714,0.272668096186246
2900,0.41428571428571426,1.0,0.0,1.0,0.0,0.6666666666666666,0.09210526315789472,0.1346179760140143,0.0,1.0,1.0,0.0,0.0,0.5,0.01863022306000628,0.4225352112676056,0.5714285714285714,0.03825241231429009
2901,0.22857142857142856,0.0,1.0,1.0,1.0,0.6666666666666666,0.20394736842105263,0.11359655033014417,1.0,0.0,0.0,0.0,0.0,0.5,0.03431834562288629,0.0,0.42857142857142855,0.04048284576504824
2902,0.2714285714285714,0.0,0.0,0.0,1.0,0.6666666666666666,0.631578947368421,0.3076404797197143,0.0,0.0,0.0,0.0,0.0,0.0,0.09505183788878416,0.0,0.0,0.4392326543115332
2903,0.6714285714285715,0.0,0.0,1.0,0.0,0.6666666666666666,0.368421052631579,0.4875353725912949,1.0,0.0,0.0,0.0,0.0,0.5,0.05812126924285266,0.676056338028169,0.2857142857142857,0.23125031908919183
2904,0.014285714285714285,0.0,0.0,0.0,1.0,0.6666666666666666,0.6118421052631579,0.027624309392265192,1.0,1.0,0.0,0.0,1.0,0.0,0.09000942507068803,0.0,0.2857142857142857,0.013440036759074897
2905,0.5142857142857143,1.0,0.0,1.0,0.0,0.0,0.45394736842105265,0.4423932084624713,0.0,1.0,0.0,0.0,0.0,0.5,0.07078992281631302,0.5211267605633803,0.42857142857142855,0.15726948996783582
2906,0.0,1.0,1.0,1.0,0.0,0.6666666666666666,0.6118421052631579,0.011049723756906077,0.0,0.0,1.0,1.0,1.0,0.5,0.07728557964184732,0.014084507042253521,0.7142857142857142,0.0025271863991422885
2907,0.04285714285714286,1.0,1.0,0.0,0.0,0.3333333333333333,0.21052631578947364,0.02506400754615281,0.0,1.0,0.0,0.0,0.0,0.0,0.033930254476908575,0.056338028169014086,0.42857142857142855,0.009036605912084546
2908,0.7571428571428571,0.0,1.0,0.0,0.5,1.0,0.06578947368421054,0.20846247136504514,1.0,0.0,0.0,0.0,0.0,1.0,0.014050336859007924,0.056338028169014086,0.2857142857142857,0.09908357584111911
2909,0.34285714285714286,0.0,0.0,1.0,0.0,1.0,0.5328947368421053,0.3343215200107802,0.0,0.0,0.0,0.0,0.0,1.0,0.08086710650329877,0.35211267605633806,0.14285714285714285,0.23830219022821258
2910,0.028571428571428574,0.0,0.0,1.0,0.0,1.0,0.5328947368421053,0.0392130440641423,1.0,0.0,1.0,0.0,1.0,0.5,0.08262645303173108,0.04225352112676056,0.42857142857142855,0.014062260683106141
2911,0.11428571428571427,0.0,0.0,0.0,0.0,0.0,0.4078947368421053,0.09729147015227056,1.0,0.0,1.0,0.0,1.0,0.5,0.06388103466331552,0.1267605633802817,0.2857142857142857,0.04643385919232144
2912,0.4714285714285714,1.0,1.0,1.0,0.0,1.0,0.381578947368421,0.35224363293356686,1.0,1.0,1.0,1.0,0.0,0.5,0.059655153296002655,0.47887323943661975,1.0,0.0623564098636851
2913,0.6,0.0,0.0,1.0,0.0,0.6666666666666666,0.6052631578947368,0.6469478506939765,0.0,1.0,0.0,0.0,0.0,0.5,0.09234377397365365,0.6056338028169014,0.2857142857142857,0.3067468218716496
2914,0.3,1.0,1.0,0.0,0.0,0.3333333333333333,0.11842105263157895,0.11009297938283248,1.0,0.0,0.0,0.0,0.0,0.0,0.0224059634992717,0.3098591549295775,0.42857142857142855,0.03923839791698576
2915,0.9857142857142858,1.0,1.0,0.0,0.0,1.0,0.4078947368421053,0.7683600592912005,0.0,0.0,1.0,1.0,0.0,0.5,0.06376733539787263,0.9859154929577465,0.5714285714285714,0.2183335886046868
2916,0.014285714285714285,0.0,0.0,0.0,1.0,0.6666666666666666,0.032894736842105254,0.006737636437137852,0.0,1.0,0.0,1.0,0.0,0.5,0.016965127238454288,0.0,0.2857142857142857,0.003548271812937152
2917,0.9285714285714286,0.0,1.0,0.0,0.0,1.0,0.09868421052631579,0.3026546287562323,1.0,1.0,1.0,0.0,0.0,0.5,0.019078627938194384,0.9295774647887324,0.5714285714285714,0.08600091897687241
2918,0.44285714285714284,0.0,0.0,0.0,0.0,0.0,0.2894736842105263,0.27260477024659746,0.0,1.0,1.0,1.0,0.0,0.5,0.04680136663524976,0.4507042253521127,0.42857142857142855,0.09696163271557666
2919,0.21428571428571427,0.0,1.0,0.0,0.0,0.6666666666666666,0.5460526315789473,0.215739118717154,0.0,0.0,0.0,1.0,0.0,1.0,0.0819392082940622,0.22535211267605634,0.2857142857142857,0.10252973911267678
2920,0.0,1.0,0.0,0.0,0.0,0.3333333333333333,0.48684210526315785,0.011453981943134349,1.0,1.0,1.0,0.0,1.0,0.5,0.08011310084825636,0.014084507042253521,0.5714285714285714,0.0032547097564711294
2921,0.6714285714285715,1.0,1.0,1.0,0.0,0.0,0.6447368421052632,0.7563670664330953,1.0,1.0,1.0,0.0,0.0,0.0,0.09729421928997802,0.676056338028169,0.8571428571428571,0.15336520578517823
2922,0.7000000000000001,1.0,0.0,1.0,0.0,0.0,0.032894736842105254,0.16480258725239186,0.0,0.0,0.0,0.0,0.0,1.0,0.01012252591894439,0.7042253521126761,0.2857142857142857,0.07840659621177311
2923,0.17142857142857143,1.0,0.0,0.0,0.5,1.0,0.256578947368421,0.0990432556259264,1.0,1.0,0.0,0.0,0.0,0.5,0.04110780830856231,0.014084507042253521,0.42857142857142855,0.03531360085771175
2924,0.19999999999999998,1.0,0.0,0.0,0.0,0.3333333333333333,0.10526315789473684,0.07007141894623364,0.0,0.0,0.0,0.0,0.0,0.5,0.020358152686145145,0.2112676056338028,0.14285714285714285,0.050582018685863074
2925,0.7428571428571429,1.0,1.0,1.0,0.0,1.0,0.02631578947368421,0.1656111036248484,1.0,1.0,1.0,0.0,0.0,0.0,0.008909359273024737,0.7464788732394366,0.8571428571428571,0.03346060433669563
2926,0.6142857142857143,1.0,0.0,1.0,0.0,1.0,0.1776315789473684,0.2717962538741409,1.0,0.0,1.0,0.0,0.0,1.0,0.030310170508096985,0.619718309859155,0.5714285714285714,0.07723234798590901
2927,0.09999999999999999,0.0,1.0,0.0,1.0,0.6666666666666666,0.1644736842105263,0.04595068050128015,0.0,1.0,1.0,0.0,0.0,0.5,0.02862865221489161,0.0,0.42857142857142855,0.016455429621687855
2928,0.6428571428571429,0.0,1.0,1.0,0.5,0.0,0.2763157894736842,0.38215873871445893,0.0,1.0,0.0,1.0,0.0,1.0,0.04519936073433594,0.04225352112676056,0.5714285714285714,0.10859243375708379
2929,0.9714285714285714,1.0,1.0,1.0,0.0,0.6666666666666666,0.09868421052631579,0.3137043525131384,1.0,0.0,1.0,0.0,0.0,0.5,0.01879550328511522,0.971830985915493,0.7142857142857142,0.07419461887986929
2930,0.2571428571428571,1.0,0.0,0.0,0.0,0.6666666666666666,0.3223684210526315,0.1771998382967255,0.0,1.0,1.0,0.0,0.0,0.0,0.05273079021776873,0.26760563380281693,0.42857142857142855,0.06307436054525961
2931,0.5285714285714286,1.0,1.0,0.0,1.0,0.3333333333333333,0.6118421052631579,0.5725643444279747,1.0,0.0,1.0,0.0,0.0,0.0,0.09253931246589613,0.014084507042253521,0.5714285714285714,0.16269719712053915
2932,0.14285714285714285,1.0,0.0,0.0,0.0,1.0,0.493421052631579,0.13879531060503975,0.0,1.0,0.0,1.0,1.0,0.5,0.07625739011224401,0.15492957746478875,0.42857142857142855,0.04943329759534385
2933,0.6,1.0,0.0,0.0,0.0,0.6666666666666666,0.5592105263157895,0.5983021156178412,0.0,1.0,1.0,0.0,0.0,0.5,0.08443109834951669,0.6056338028169014,0.42857142857142855,0.21264741920661664
2934,0.2714285714285714,1.0,1.0,1.0,0.0,0.0,0.5328947368421053,0.27004446840048507,1.0,0.0,1.0,0.0,0.0,0.0,0.0819038642789821,0.28169014084507044,0.7142857142857142,0.0638561290651963
2935,0.2714285714285714,1.0,0.0,0.0,0.0,0.0,0.256578947368421,0.16116426357633742,1.0,0.0,0.0,1.0,0.0,0.0,0.04382657869934024,0.28169014084507044,0.42857142857142855,0.05737861847143513
2936,0.2857142857142857,1.0,1.0,1.0,1.0,0.6666666666666666,0.4671052631578947,0.25522166823878184,1.0,1.0,1.0,0.0,0.0,0.5,0.07243840043086038,0.0,0.8571428571428571,0.051648688269916636
2937,0.8,1.0,0.0,0.0,1.0,0.6666666666666666,0.5,0.7300902843282576,1.0,0.0,1.0,0.0,0.0,1.0,0.07662417117251186,0.028169014084507043,0.42857142857142855,0.25945780364527493
2938,0.7000000000000001,1.0,1.0,1.0,0.5,0.3333333333333333,0.13815789473684212,0.27166150114539817,1.0,0.0,1.0,1.0,0.0,0.5,0.02507068803016023,0.056338028169014086,0.8571428571428571,0.05498544953285343
2939,0.35714285714285715,1.0,1.0,1.0,0.0,1.0,0.5723684210526315,0.36774019673898395,0.0,1.0,0.0,0.0,0.0,1.0,0.08623939679547596,0.36619718309859156,0.5714285714285714,0.1044953285342319
2940,0.41428571428571426,1.0,1.0,1.0,0.0,0.6666666666666666,0.30263157894736836,0.2646543592507748,1.0,0.0,1.0,0.0,0.0,0.5,0.04894753377316997,0.4225352112676056,0.7142857142857142,0.06257977229795272
2941,0.42857142857142855,1.0,1.0,1.0,0.0,0.3333333333333333,0.013157894736842118,0.09055383371513272,1.0,1.0,1.0,0.0,0.0,0.5,0.007661670365753548,0.4366197183098592,0.8571428571428571,0.018226374636238322
2942,0.5857142857142857,1.0,1.0,0.0,1.0,1.0,0.4276315789473685,0.4745991106319903,0.0,1.0,1.0,0.0,0.0,0.5,0.0661550199721736,0.014084507042253521,0.5714285714285714,0.13485985602695666
2943,0.9571428571428572,1.0,1.0,0.0,0.5,0.6666666666666666,0.44736842105263164,0.8007007141894623,1.0,1.0,0.0,0.0,0.0,0.0,0.06935743194544547,0.07042253521126761,0.5714285714285714,0.22752335732884058
2944,0.8571428571428572,1.0,1.0,0.0,0.0,0.6666666666666666,0.368421052631579,0.6160894758118851,1.0,0.0,1.0,0.0,0.0,0.5,0.0576628914880796,0.8591549295774648,0.5714285714285714,0.17506509419512944
2945,0.8571428571428572,0.0,1.0,0.0,0.0,1.0,0.14473684210526314,0.33647756367066434,1.0,1.0,0.0,0.0,0.0,0.5,0.02560220021322291,0.8591549295774648,0.42857142857142855,0.11964887425333129
2946,0.9857142857142858,1.0,1.0,1.0,0.0,0.3333333333333333,0.3223684210526315,0.6396712033418677,0.0,0.0,0.0,1.0,0.0,0.0,0.05090884610206005,0.9859154929577465,0.5714285714285714,0.18176596722315824
2947,0.9571428571428572,0.0,0.0,0.0,1.0,0.6666666666666666,0.26973684210526316,0.5475003368818219,1.0,1.0,1.0,0.0,0.0,0.0,0.043313743970726834,0.028169014084507043,0.42857142857142855,0.19460292540971053
2948,0.22857142857142856,1.0,1.0,0.0,0.0,0.6666666666666666,0.6447368421052632,0.2665408974531734,0.0,1.0,1.0,0.0,0.0,0.5,0.09724455286355824,0.23943661971830987,0.5714285714285714,0.07573901056823402
2949,0.2571428571428571,1.0,0.0,0.0,0.0,0.3333333333333333,0.5460526315789473,0.26236356286214796,1.0,0.0,0.0,1.0,0.0,1.0,0.08408155166426906,0.26760563380281693,0.42857142857142855,0.09332401592893246
2950,0.7142857142857143,0.0,1.0,1.0,0.0,0.6666666666666666,0.506578947368421,0.6608273817544805,0.0,0.0,0.0,1.0,0.0,0.0,0.07769215131858587,0.7183098591549296,0.42857142857142855,0.23485602695665492
2951,0.9857142857142858,0.0,1.0,0.0,0.0,0.0,0.12499999999999997,0.3595202802856758,0.0,1.0,0.0,0.0,0.0,1.0,0.022916386158610476,0.9859154929577465,0.2857142857142857,0.17062337264512176
2952,0.8857142857142858,1.0,1.0,0.0,1.0,0.6666666666666666,0.2236842105263158,0.4500741140008085,0.0,1.0,0.0,0.0,0.0,0.5,0.03698218212827072,0.028169014084507043,0.42857142857142855,0.15999770255781898
2953,0.41428571428571426,1.0,1.0,1.0,1.0,0.0,0.24999999999999997,0.23285271526748416,1.0,0.0,1.0,1.0,0.0,0.0,0.041533144831919576,0.014084507042253521,0.8571428571428571,0.04710850491215019
2954,0.34285714285714286,1.0,1.0,0.0,1.0,0.6666666666666666,0.32894736842105265,0.23029241342137177,1.0,1.0,0.0,1.0,0.0,0.5,0.05176248821866164,0.014084507042253521,0.7142857142857142,0.054442997906774905
2955,1.0,0.0,1.0,0.0,0.5,0.6666666666666666,0.02631578947368421,0.220185958765665,0.0,0.0,1.0,1.0,0.0,0.5,0.008681684830946092,0.07042253521126761,0.42857142857142855,0.07834277837341094
2956,0.35714285714285715,1.0,0.0,1.0,0.0,1.0,0.39473684210526316,0.27651259938013745,1.0,0.0,0.0,0.0,0.0,0.5,0.061697962734720516,0.36619718309859156,0.42857142857142855,0.09834967069995405
2957,0.7857142857142857,1.0,0.0,0.0,0.0,0.0,0.23684210526315788,0.4174639536450613,1.0,0.0,0.0,1.0,0.0,0.5,0.03918136528881109,0.7887323943661972,0.42857142857142855,0.14841476489508348
2958,0.3,0.0,1.0,0.0,0.0,0.0,0.375,0.9999999999999999,0.0,0.0,1.0,1.0,0.0,1.0,0.30532944906177706,0.3098591549295775,0.42857142857142855,0.35532815132485834
2959,0.2571428571428571,1.0,0.0,0.0,0.5,0.3333333333333333,0.006578947368421045,0.04999326236356286,0.0,0.0,1.0,1.0,0.0,0.0,0.005903070588818889,0.014084507042253521,0.42857142857142855,0.017891330984836883
2960,0.42857142857142855,1.0,1.0,1.0,0.0,1.0,0.21710526315789472,0.21317881687104162,1.0,1.0,1.0,0.0,0.0,0.5,0.035328813353196924,0.4366197183098592,0.8571428571428571,0.04311533159748813
2961,0.35714285714285715,1.0,1.0,0.0,0.5,1.0,0.506578947368421,0.3380945964155774,0.0,1.0,0.0,1.0,0.0,0.5,0.07826433698252735,0.028169014084507043,0.5714285714285714,0.09607137387042426
2962,0.5857142857142857,0.0,1.0,1.0,0.0,0.0,0.3355263157894737,0.3933432152001078,0.0,1.0,0.0,1.0,0.0,0.0,0.05262331134150172,0.5915492957746479,0.5714285714285714,0.1117705621075203
2963,0.5714285714285715,1.0,0.0,1.0,0.0,0.0,0.5197368421052632,0.5434577550195391,1.0,1.0,0.0,1.0,0.0,0.5,0.07983724512080181,0.5774647887323944,0.7142857142857142,0.1285993260836269
2964,0.3142857142857143,1.0,0.0,0.0,1.0,0.0,0.4605263157894737,0.2769168575663657,0.0,0.0,0.0,1.0,0.0,0.5,0.0715895586608204,0.0,0.2857142857142857,0.13150303772910604
2965,0.6571428571428571,1.0,0.0,0.0,1.0,1.0,0.5657894736842105,0.666082738175448,0.0,1.0,1.0,1.0,0.0,0.0,0.08620931678264182,0.014084507042253521,0.5714285714285714,0.18927094501455047
2966,0.17142857142857143,0.0,1.0,0.0,0.0,0.6666666666666666,0.006578947368421045,0.033553429456946504,0.0,0.0,1.0,0.0,0.0,0.0,0.00587254404408033,0.18309859154929578,0.2857142857142857,0.016248021647010773
2967,0.9285714285714286,0.0,1.0,1.0,0.0,0.6666666666666666,0.1776315789473684,0.4104568117504379,1.0,0.0,1.0,0.0,0.0,0.5,0.03050295604489761,0.9295774647887324,0.5714285714285714,0.11663348139071833
2968,0.9285714285714286,1.0,0.0,1.0,1.0,0.6666666666666666,0.36184210526315785,0.6620401563131653,0.0,0.0,1.0,1.0,0.0,0.5,0.05716448176391627,0.028169014084507043,0.5714285714285714,0.18812222392403125
2969,0.21428571428571427,1.0,1.0,0.0,0.5,0.3333333333333333,0.625,0.2421506535507344,1.0,0.0,0.0,0.0,0.0,0.5,0.09348491988689915,0.014084507042253521,0.42857142857142855,0.08614450911318731
2970,0.3857142857142857,1.0,1.0,1.0,0.0,0.0,0.44736842105263164,0.3308179490634685,1.0,0.0,0.0,0.0,0.0,0.5,0.069913827925138,0.3943661971830986,0.5714285714285714,0.09400367590748966
2971,0.4857142857142857,1.0,1.0,0.0,0.0,1.0,0.30263157894736836,0.3069667160760005,0.0,1.0,0.0,1.0,0.0,0.5,0.048525649656658135,0.49295774647887325,0.5714285714285714,0.08722622147342625
2972,0.5714285714285715,1.0,1.0,0.0,0.0,0.6666666666666666,0.09210526315789472,0.17962538741409512,1.0,0.0,0.0,1.0,0.0,0.5,0.017769706443530032,0.5774647887323944,0.5714285714285714,0.051041507122070756
2973,0.42857142857142855,1.0,1.0,0.0,0.0,0.6666666666666666,0.32894736842105265,0.2863495485783587,1.0,1.0,1.0,0.0,0.0,0.0,0.051837888784165884,0.4366197183098592,0.7142857142857142,0.06771710828610814
2974,0.44285714285714284,0.0,1.0,1.0,1.0,0.3333333333333333,0.29605263157894735,0.2750303193639671,1.0,0.0,1.0,0.0,0.0,0.5,0.04733152686145146,0.014084507042253521,0.5714285714285714,0.0781513248583244
2975,0.7571428571428571,1.0,1.0,0.0,0.0,0.3333333333333333,0.5131578947368421,0.7104163859318151,1.0,1.0,1.0,1.0,0.0,0.5,0.07906587077180856,0.7605633802816901,0.8571428571428571,0.14403868455024835
2976,0.8285714285714286,1.0,1.0,0.0,0.0,0.6666666666666666,0.2763157894736842,0.48591833984638183,1.0,1.0,0.0,1.0,0.0,0.5,0.044633300851451306,0.8309859154929577,0.7142857142857142,0.11497421759330169
2977,0.5714285714285715,1.0,1.0,1.0,0.0,0.0,1.0,0.2840587521897318,1.0,1.0,0.0,0.0,0.0,0.5,0.035585388841635826,0.5774647887323944,0.7142857142857142,0.06717465666002961
2978,0.9285714285714286,0.0,1.0,1.0,0.0,1.0,0.05921052631578946,0.25481741005255354,0.0,0.0,1.0,0.0,0.0,0.5,0.014009082340844827,0.9295774647887324,0.42857142857142855,0.09064366671772094
2979,0.7571428571428571,1.0,1.0,1.0,0.0,0.6666666666666666,0.032894736842105254,0.17733459102546825,1.0,0.0,0.0,0.0,0.0,0.0,0.01001850106468391,0.7605633802816901,0.5714285714285714,0.05039056517077654
2980,0.5571428571428572,0.0,1.0,1.0,0.0,0.0,0.2894736842105263,0.3440237164802587,0.0,1.0,0.0,0.0,0.0,0.5,0.04729029217719132,0.5633802816901409,0.42857142857142855,0.12232922346454281
2981,0.3857142857142857,0.0,1.0,0.0,0.0,0.0,0.2302631578947368,0.20657593316264652,0.0,1.0,1.0,1.0,0.0,0.5,0.03887841658812441,0.3943661971830986,0.5714285714285714,0.05869964772553224
2982,0.5142857142857143,0.0,1.0,0.0,0.0,1.0,0.368421052631579,0.3762296186497776,1.0,1.0,0.0,1.0,0.0,0.5,0.05828259928165677,0.5211267605633803,0.5714285714285714,0.10690764282432226
2983,0.9142857142857143,1.0,0.0,0.0,0.0,0.6666666666666666,0.4736842105263158,0.7976014014283789,0.0,1.0,0.0,0.0,0.0,0.5,0.07283404625534692,0.9154929577464789,0.2857142857142857,0.3780951651605657
2984,0.7714285714285715,1.0,0.0,1.0,0.0,1.0,0.02631578947368421,0.17733459102546825,0.0,0.0,1.0,0.0,0.0,1.0,0.009596435609630711,0.7746478873239436,0.42857142857142855,0.06312222392403125
2985,0.04285714285714286,1.0,1.0,0.0,0.5,0.6666666666666666,0.32894736842105265,0.034092440371917526,0.0,1.0,0.0,1.0,0.0,0.5,0.04971724787935909,0.0,0.5714285714285714,0.00968754786337877
2986,0.12857142857142856,1.0,1.0,1.0,0.0,0.6666666666666666,0.5723684210526315,0.14027759062121006,1.0,0.0,1.0,0.0,1.0,1.0,0.08623939679547596,0.14084507042253522,0.7142857142857142,0.03312783989380712
2987,0.6571428571428571,1.0,0.0,0.0,0.0,1.0,0.30263157894736836,0.41382562996900685,0.0,1.0,0.0,0.0,0.0,0.5,0.048669460765636594,0.6619718309859155,0.2857142857142857,0.19634196150507988
2988,0.1857142857142857,1.0,1.0,0.0,0.0,0.6666666666666666,0.3486842105263158,0.13407896509904324,1.0,0.0,0.0,1.0,0.0,0.5,0.05473273192406085,0.1971830985915493,0.5714285714285714,0.038099249502220864
2989,0.5285714285714286,0.0,1.0,0.0,1.0,1.0,0.3223684210526315,0.9999999999999999,1.0,1.0,0.0,0.0,0.0,0.5,0.1712138498933479,0.014084507042253521,0.42857142857142855,0.35532815132485834
2990,0.15714285714285714,0.0,1.0,0.0,1.0,0.6666666666666666,0.256578947368421,0.09486592103490095,0.0,0.0,1.0,0.0,0.0,1.0,0.04319824065347157,0.0,0.2857142857142857,0.045285138101802215
2991,0.6285714285714286,1.0,1.0,0.0,0.0,0.0,0.07894736842105263,0.18730629295243229,1.0,0.0,1.0,0.0,0.0,0.5,0.016211121583411873,0.6338028169014085,0.5714285714285714,0.053224077194057286
2992,0.22857142857142856,1.0,1.0,0.0,0.5,0.0,0.08552631578947367,0.7311683061581996,0.0,1.0,1.0,0.0,0.0,1.0,0.2884071630537229,0.014084507042253521,0.5714285714285714,0.20776535457190995
2993,0.4857142857142857,0.0,0.0,0.0,0.0,0.0,0.11842105263157895,0.17693033283923998,0.0,1.0,1.0,1.0,0.0,1.0,0.022539383331089263,0.49295774647887325,0.42857142857142855,0.06297863378771634
2994,0.9285714285714286,1.0,0.0,1.0,0.0,0.6666666666666666,0.5263157894736842,0.8796658132327179,0.0,1.0,0.0,0.0,0.0,1.0,0.08022734412932339,0.9295774647887324,0.42857142857142855,0.31258615408178897
2995,0.5714285714285715,0.0,1.0,0.0,0.0,0.6666666666666666,0.18421052631578946,0.2596685082872928,1.0,1.0,1.0,0.0,0.0,0.5,0.03142456495252983,0.5774647887323944,0.5714285714285714,0.07378618471435136
2996,0.9428571428571428,0.0,1.0,0.0,0.0,0.6666666666666666,0.625,0.9999999999999999,0.0,1.0,1.0,1.0,0.0,0.5,0.0913950511345253,0.943661971830986,0.5714285714285714,0.2841553070914382
2997,0.39999999999999997,0.0,1.0,1.0,0.0,0.6666666666666666,0.5394736842105263,0.3930737097426223,0.0,1.0,0.0,0.0,0.0,0.5,0.08206311547336605,0.4084507042253521,0.42857142857142855,0.13975149333741768
2998,0.24285714285714283,1.0,1.0,1.0,0.5,0.6666666666666666,0.45394736842105265,0.21034900956744373,1.0,1.0,0.0,1.0,0.0,0.5,0.06927426955702168,0.014084507042253521,0.8571428571428571,0.04254097105222852
2999,0.2714285714285714,1.0,1.0,0.0,0.5,0.6666666666666666,0.48026315789473684,0.24673224632798813,1.0,1.0,1.0,1.0,0.0,0.5,0.073751178133836,0.014084507042253521,0.8571428571428571,0.0499256066341378
3000,0.1857142857142857,1.0,1.0,1.0,0.0,0.0,0.032894736842105254,0.04675919687373669,0.0,1.0,0.0,0.0,0.0,1.0,0.0111081190251784,0.1971830985915493,0.5714285714285714,0.013286873947005668
3001,0.4714285714285714,1.0,1.0,1.0,0.0,0.3333333333333333,0.375,0.3508961056461393,0.0,1.0,0.0,1.0,0.0,0.0,0.05937794533459001,0.47887323943661975,0.7142857142857142,0.08300148057385
3002,0.6857142857142857,1.0,1.0,0.0,0.0,0.6666666666666666,0.625,0.7516507209270987,0.0,1.0,1.0,0.0,0.0,0.5,0.09436611590913463,0.6901408450704225,0.5714285714285714,0.21358554143054068
3003,0.7571428571428571,1.0,1.0,0.0,0.0,0.3333333333333333,0.02631578947368421,0.17423527826438484,0.0,0.0,0.0,0.0,0.0,1.0,0.009617062868712254,0.7605633802816901,0.2857142857142857,0.08287384489712565
3004,0.42857142857142855,0.0,0.0,0.0,1.0,0.6666666666666666,0.19736842105263155,0.20374612585904864,1.0,0.0,0.0,1.0,0.0,0.5,0.033200571584932045,0.014084507042253521,0.2857142857142857,0.09684995149844285
3005,0.8142857142857143,1.0,1.0,1.0,0.5,0.0,0.0394736842105263,0.19363967120334186,1.0,0.0,0.0,0.0,0.0,0.5,0.01038382787870909,0.056338028169014086,0.5714285714285714,0.05502374023587073
3006,0.5857142857142857,0.0,0.0,1.0,1.0,0.0,0.375,0.43390378655167766,1.0,1.0,1.0,0.0,0.0,0.0,0.05937794533459001,0.014084507042253521,0.5714285714285714,0.12329606371572982
3007,0.8142857142857143,0.0,1.0,1.0,0.5,0.3333333333333333,0.07894736842105263,0.24794502088667295,0.0,1.0,1.0,0.0,0.0,0.5,0.01693262699470246,0.056338028169014086,0.5714285714285714,0.07045489355184562
3008,0.41428571428571426,1.0,1.0,1.0,0.0,0.6666666666666666,0.3157894736842105,0.2712572429591699,1.0,1.0,0.0,0.0,0.0,0.5,0.05048696198554822,0.4225352112676056,0.7142857142857142,0.06414330933782611
3009,0.34285714285714286,1.0,1.0,1.0,0.0,0.6666666666666666,0.4736842105263158,0.30615819970354397,1.0,0.0,0.0,0.0,0.0,1.0,0.07298774740810555,0.35211267605633806,0.5714285714285714,0.0869964772553224
3010,0.8857142857142858,1.0,1.0,0.0,0.0,0.6666666666666666,0.11184210526315788,0.3083142433634281,1.0,0.0,0.0,1.0,0.0,0.5,0.02124381012222671,0.8873239436619719,0.5714285714285714,0.08760912850359932
3011,0.2571428571428571,0.0,1.0,1.0,0.0,1.0,0.5,0.24255491173696267,0.0,1.0,0.0,1.0,0.0,1.0,0.07678952328984573,0.26760563380281693,0.5714285714285714,0.06892326543115332
3012,0.09999999999999999,0.0,0.0,1.0,1.0,0.3333333333333333,0.04605263157894737,0.02546826573238108,0.0,0.0,0.0,0.0,0.0,0.0,0.010721017907634307,0.0,0.14285714285714285,0.018896461939041202
3013,0.028571428571428574,1.0,0.0,1.0,0.0,0.0,0.09868421052631579,0.010645465570677805,1.0,0.0,0.0,1.0,0.0,0.5,0.01602262016965127,0.04225352112676056,0.5714285714285714,0.003024965538367285
3014,0.9428571428571428,1.0,1.0,1.0,0.0,0.0,0.19078947368421054,0.4290526883169384,0.0,0.0,0.0,0.0,0.0,1.0,0.03179202948499726,0.943661971830986,0.42857142857142855,0.15253101546944403
3015,0.22857142857142856,1.0,1.0,1.0,0.5,1.0,0.5263157894736842,0.22436329335669047,1.0,1.0,0.0,0.0,0.0,0.5,0.07989133447912623,0.014084507042253521,0.7142857142857142,0.05303900546280696
3016,0.1857142857142857,0.0,1.0,1.0,1.0,0.3333333333333333,0.5657894736842105,0.1984907694380811,1.0,1.0,1.0,1.0,0.0,0.5,0.08691261613033525,0.0,0.8571428571428571,0.040134126862569196
3017,0.11428571428571427,1.0,1.0,0.0,0.0,1.0,0.1513157894736842,0.04918474599110632,1.0,1.0,0.0,1.0,0.0,0.5,0.02649492093412923,0.1267605633802817,0.7142857142857142,0.011557410527390616
3018,0.8714285714285714,0.0,1.0,1.0,0.5,0.6666666666666666,0.06578947368421054,0.24268966446570542,1.0,1.0,1.0,1.0,0.0,0.5,0.014396035389620261,0.07042253521126761,0.8571428571428571,0.049105091569481216
3019,0.2857142857142857,0.0,1.0,1.0,0.0,0.3333333333333333,0.5592105263157895,0.2963212505053227,1.0,0.0,1.0,0.0,0.0,0.5,0.08612719357299942,0.29577464788732394,0.5714285714285714,0.08420125593505898
3020,0.5142857142857143,1.0,1.0,1.0,0.0,0.6666666666666666,0.4276315789473685,0.4233930737097426,0.0,1.0,0.0,0.0,0.0,0.5,0.06719820668925286,0.5211267605633803,0.5714285714285714,0.12030938888037986
3021,0.14285714285714285,1.0,1.0,1.0,0.0,0.6666666666666666,0.10526315789473684,0.05282306966716076,0.0,0.0,1.0,1.0,0.0,0.5,0.021591980121669088,0.15492957746478875,0.7142857142857142,0.012418951345280033
3022,0.2714285714285714,1.0,1.0,1.0,0.0,0.0,0.368421052631579,0.20185958765665005,0.0,1.0,1.0,1.0,0.0,0.5,0.058058435438265776,0.28169014084507044,0.8571428571428571,0.04081788941644968
3023,0.4857142857142857,0.0,1.0,1.0,0.5,0.0,0.5789473684210527,0.5035709473116831,0.0,1.0,0.0,1.0,0.0,0.5,0.08781473003904673,0.028169014084507043,0.5714285714285714,0.14309235717567775
3024,0.7428571428571429,1.0,1.0,1.0,0.0,0.0,0.04605263157894737,0.19080986389974397,0.0,1.0,0.0,1.0,0.0,0.0,0.012234808742197643,0.7464788732394366,0.7142857142857142,0.04509368458671568
3025,0.6571428571428571,1.0,0.0,0.0,0.5,0.6666666666666666,0.05921052631578946,0.1797601401428379,1.0,1.0,0.0,0.0,0.0,0.5,0.013836805903703852,0.04225352112676056,0.42857142857142855,0.06398376474192066
3026,0.7285714285714286,1.0,1.0,1.0,1.0,0.0,0.18421052631578946,0.32933566904729816,0.0,0.0,0.0,0.0,0.0,0.0,0.0313564851736388,0.028169014084507043,0.42857142857142855,0.11711211517843467
3027,0.09999999999999999,1.0,0.0,1.0,0.0,0.0,0.4342105263157895,0.08907155369896239,0.0,0.0,1.0,1.0,1.0,0.5,0.06632893496701225,0.11267605633802817,0.5714285714285714,0.02531015469444019
3028,0.04285714285714286,1.0,0.0,1.0,0.5,0.3333333333333333,0.11842105263157895,0.01953914566769977,0.0,0.0,1.0,0.0,0.0,0.5,0.024269557021677664,0.0,0.42857142857142855,0.007074207382447541
3029,0.3714285714285714,1.0,0.0,1.0,0.0,1.0,0.5394736842105263,0.36962673494138254,1.0,0.0,1.0,1.0,0.0,0.5,0.08304534506231019,0.38028169014084506,0.7142857142857142,0.08743682034002144
3030,0.6142857142857143,0.0,0.0,1.0,0.0,0.0,0.5,0.5616493733998114,1.0,1.0,0.0,1.0,0.0,1.0,0.07638591380344444,0.619718309859155,0.5714285714285714,0.15959565017613722
3031,0.5571428571428572,1.0,1.0,1.0,0.5,0.6666666666666666,0.375,0.4092440371917531,0.0,0.0,0.0,1.0,0.0,0.5,0.05869462770970782,0.04225352112676056,0.5714285714285714,0.11628886506356258
3032,0.6571428571428571,1.0,0.0,1.0,0.5,0.6666666666666666,0.07894736842105263,0.1984907694380811,0.0,1.0,0.0,0.0,0.0,1.0,0.01662422042633405,0.04225352112676056,0.42857142857142855,0.07063677439117783
3033,0.6142857142857143,1.0,1.0,1.0,0.0,0.6666666666666666,0.6513157894736842,0.7023312222072496,1.0,0.0,1.0,0.0,0.0,0.5,0.09874903607231598,0.619718309859155,0.7142857142857142,0.1662199417981314
3034,0.6714285714285715,0.0,1.0,1.0,1.0,1.0,0.3223684210526315,0.4433364775636706,0.0,0.0,1.0,1.0,0.0,0.5,0.05168080427269871,0.028169014084507043,0.5714285714285714,0.12597641292694134
3035,0.7285714285714286,1.0,0.0,1.0,0.0,0.6666666666666666,0.30263157894736836,0.4535776849481202,1.0,1.0,0.0,1.0,0.0,1.0,0.048067860508953814,0.7323943661971831,0.7142857142857142,0.1073160769898402
3036,0.9571428571428572,0.0,0.0,1.0,1.0,0.6666666666666666,0.6578947368421053,0.9999999999999999,0.0,1.0,1.0,1.0,0.0,0.5,0.08985696069191107,0.028169014084507043,0.5714285714285714,0.2841553070914382
3037,0.14285714285714285,0.0,0.0,0.0,0.0,1.0,0.5723684210526315,0.15456137986794233,1.0,0.0,0.0,1.0,1.0,0.5,0.0862822380258761,0.15492957746478875,0.2857142857142857,0.07355644049624752
3038,0.04285714285714286,1.0,0.0,0.0,0.0,0.6666666666666666,0.30263157894736836,0.03395768764317477,1.0,1.0,1.0,0.0,0.0,1.0,0.04948162111215834,0.056338028169014086,0.5714285714285714,0.009649257160361465
3039,0.6714285714285715,0.0,0.0,0.0,0.0,0.6666666666666666,0.2763157894736842,0.4000808516372456,1.0,1.0,1.0,1.0,0.0,0.0,0.04537778825007854,0.676056338028169,0.5714285714285714,0.11368509725838567
3040,0.35714285714285715,1.0,0.0,0.0,0.0,1.0,0.06578947368421054,0.10214256838700982,1.0,1.0,1.0,0.0,0.0,0.5,0.014790110925831945,0.36619718309859156,0.5714285714285714,0.02902435288711901
3041,0.5428571428571429,1.0,0.0,0.0,0.0,0.0,0.6118421052631579,0.589004177334591,1.0,0.0,0.0,1.0,0.0,0.5,0.092776529157302,0.5492957746478874,0.42857142857142855,0.20934484607137388
3042,0.8142857142857143,1.0,1.0,0.0,0.5,0.3333333333333333,0.5592105263157895,0.8151192561649373,0.0,1.0,1.0,0.0,0.0,0.5,0.08532938997042477,0.056338028169014086,0.5714285714285714,0.23162046255169244
3043,0.2571428571428571,1.0,0.0,0.0,0.0,1.0,0.20394736842105263,0.12909311413556124,0.0,0.0,1.0,0.0,0.0,0.5,0.03502157845131207,0.26760563380281693,0.2857142857142857,0.06149486904579568
3044,0.8142857142857143,1.0,0.0,1.0,0.0,1.0,0.5,0.7439698153887616,1.0,0.0,0.0,0.0,0.0,0.0,0.07674932561994215,0.8169014084507042,0.42857142857142855,0.26438773165875323
3045,0.3857142857142857,1.0,0.0,1.0,0.0,0.6666666666666666,0.506578947368421,0.3607330548443606,0.0,0.0,0.0,1.0,0.0,0.5,0.07738656254207621,0.3943661971830986,0.42857142857142855,0.12826428243222546
3046,0.9285714285714286,0.0,1.0,0.0,0.0,0.6666666666666666,0.1513157894736842,0.38027220051206034,1.0,1.0,0.0,1.0,0.0,0.5,0.0273041441750207,0.9295774647887324,0.5714285714285714,0.10805636391484148
3047,0.12857142857142856,1.0,1.0,0.0,0.5,0.6666666666666666,0.4078947368421053,0.10928446301037595,1.0,0.0,1.0,1.0,1.0,0.5,0.0645617342130066,0.0,0.7142857142857142,0.025788788482156533
3048,0.8142857142857143,1.0,1.0,1.0,0.5,0.0,0.17105263157894737,0.35359116022099446,1.0,1.0,0.0,0.0,0.0,0.5,0.02967272254541909,0.056338028169014086,0.7142857142857142,0.0836396589574718
3049,0.1857142857142857,1.0,0.0,0.0,1.0,0.6666666666666666,0.5197368421052632,0.18595876566500472,1.0,0.0,1.0,1.0,0.0,0.5,0.0806516763161438,0.0,0.5714285714285714,0.05284117016388421
3050,0.19999999999999998,0.0,1.0,1.0,0.0,0.0,0.10526315789473684,0.0711494407761757,0.0,0.0,1.0,1.0,0.0,1.0,0.020860823122840086,0.2112676056338028,0.5714285714285714,0.020217491193138308
3051,0.45714285714285713,1.0,1.0,1.0,0.0,0.0,0.4407894736842105,0.3839105241881148,1.0,0.0,0.0,0.0,0.0,1.0,0.0685745294604861,0.4647887323943662,0.5714285714285714,0.10909021289630878
3052,0.22857142857142856,1.0,1.0,1.0,0.0,0.6666666666666666,0.21710526315789472,0.11858240129362618,0.0,0.0,1.0,1.0,0.0,0.5,0.03636968453733991,0.23943661971830987,0.7142857142857142,0.02799050390565171
3053,0.32857142857142857,1.0,0.0,1.0,1.0,0.6666666666666666,0.02631578947368421,0.07465301172348739,0.0,0.0,0.0,0.0,0.0,0.5,0.009110901665095823,0.014084507042253521,0.2857142857142857,0.03571246234747537
3054,0.41428571428571426,1.0,0.0,1.0,0.5,1.0,0.08552631578947367,0.12761083411939092,0.0,1.0,0.0,0.0,0.0,1.0,0.01699654414074772,0.028169014084507043,0.42857142857142855,0.04546063715729821
3055,0.8714285714285714,1.0,0.0,0.0,0.0,1.0,0.4342105263157895,0.7129766877779274,0.0,0.0,1.0,0.0,0.0,0.0,0.06745006232708035,0.8732394366197184,0.2857142857142857,0.33801756266911726
3056,0.17142857142857143,1.0,1.0,0.0,0.0,1.0,0.15789473684210528,0.07667430265462874,0.0,1.0,1.0,0.0,0.0,0.5,0.02907271804538534,0.18309859154929578,0.5714285714285714,0.02178741001684791
3057,0.8714285714285714,0.0,1.0,0.0,0.5,0.3333333333333333,0.42105263157894735,0.6922247675515428,0.0,1.0,0.0,1.0,0.0,0.5,0.06510899638198898,0.07042253521126761,0.42857142857142855,0.2460081942104457
3058,0.6571428571428571,1.0,1.0,1.0,0.5,0.3333333333333333,0.2763157894736842,0.3879531060503975,1.0,1.0,0.0,1.0,0.0,0.0,0.04481921912286682,0.04225352112676056,0.8571428571428571,0.07858893289280791
3059,0.21428571428571427,0.0,1.0,0.0,1.0,0.3333333333333333,0.4605263157894737,0.1925616493733998,1.0,0.0,0.0,1.0,0.0,0.0,0.07180725730442979,0.0,0.42857142857142855,0.06853078572522592
3060,0.9285714285714286,1.0,0.0,1.0,0.0,0.6666666666666666,0.32894736842105265,0.613933432152001,0.0,1.0,0.0,1.0,0.0,1.0,0.052066375346299945,0.9295774647887324,0.5714285714285714,0.1744524429468525
3061,0.6,0.0,1.0,1.0,1.0,0.6666666666666666,0.20394736842105263,0.2933566904729821,0.0,0.0,0.0,1.0,0.0,0.5,0.034828924007627736,0.014084507042253521,0.42857142857142855,0.10433259304640834
3062,0.09999999999999999,0.0,1.0,0.0,0.0,0.6666666666666666,0.09868421052631579,0.034631451286888555,0.0,0.0,1.0,0.0,0.0,0.0,0.01873232799245994,0.11267605633802817,0.2857142857142857,0.016758564353908205
3063,0.028571428571428574,0.0,1.0,1.0,1.0,0.6666666666666666,0.2302631578947368,0.019269640210214257,1.0,0.0,0.0,1.0,0.0,0.0,0.03612943763744895,0.0,0.5714285714285714,0.005475570531474958
3064,0.15714285714285714,0.0,1.0,1.0,1.0,1.0,0.42105263157894735,0.133674706912815,1.0,0.0,1.0,1.0,0.0,0.0,0.06581841030474395,0.0,0.7142857142857142,0.03156430285393373
3065,0.21428571428571427,0.0,0.0,1.0,0.5,0.0,0.493421052631579,0.201320576741679,1.0,1.0,0.0,0.0,0.0,0.5,0.07563619227144204,0.014084507042253521,0.42857142857142855,0.07164190534538215
3066,0.8285714285714286,1.0,1.0,0.0,0.5,1.0,0.11184210526315788,0.2854062794771594,0.0,0.0,1.0,1.0,0.0,0.5,0.020862953082317608,0.056338028169014086,0.5714285714285714,0.08109970899065706
3067,0.6857142857142857,1.0,0.0,1.0,0.0,0.3333333333333333,0.4407894736842105,0.5689260207519202,1.0,0.0,0.0,1.0,0.0,0.5,0.06828367539287157,0.6901408450704225,0.5714285714285714,0.16166334813907185
3068,0.8857142857142858,0.0,1.0,0.0,0.0,0.3333333333333333,0.11842105263157895,0.3208462471365045,1.0,0.0,1.0,1.0,0.0,0.5,0.022635130080935928,0.8873239436619719,0.5714285714285714,0.09117016388420891
3069,0.8714285714285714,0.0,1.0,0.0,0.0,0.6666666666666666,0.1513157894736842,0.3527826438485379,1.0,1.0,0.0,0.0,0.0,0.5,0.026815846280137424,0.8732394366197184,0.42857142857142855,0.12544034308469904
3070,0.6857142857142857,0.0,1.0,0.0,0.0,0.3333333333333333,0.35526315789473684,0.4824147688990702,1.0,1.0,0.0,0.0,0.0,0.5,0.05593490930773817,0.6901408450704225,0.42857142857142855,0.17148491346301117
3071,0.7142857142857143,1.0,1.0,0.0,0.0,1.0,0.19078947368421054,0.33486053092575124,1.0,0.0,0.0,0.0,0.0,0.5,0.03298774740810556,0.7183098591549296,0.42857142857142855,0.11907451370807168
3072,0.45714285714285713,1.0,0.0,1.0,0.0,1.0,0.4407894736842105,0.3820239859857162,0.0,1.0,0.0,1.0,0.0,0.0,0.06817467797675149,0.4647887323943662,0.5714285714285714,0.10855414305406647
3073,0.41428571428571426,0.0,1.0,1.0,1.0,0.0,0.631578947368421,0.4650316668912545,1.0,1.0,0.0,0.0,0.0,0.5,0.09566446748350613,0.014084507042253521,0.5714285714285714,0.13214121611272783
3074,0.8285714285714286,1.0,1.0,1.0,0.0,0.6666666666666666,0.09868421052631579,0.2752998248214526,0.0,1.0,1.0,1.0,0.0,1.0,0.01966485087621208,0.8309859154929577,0.8571428571428571,0.055723913091044346
3075,0.19999999999999998,1.0,1.0,1.0,0.5,0.3333333333333333,0.381578947368421,0.15456137986794233,0.0,1.0,0.0,0.0,0.0,0.5,0.059754948162111216,0.014084507042253521,0.5714285714285714,0.043919436360851584
3076,0.3142857142857143,1.0,1.0,0.0,0.5,0.0,0.6118421052631579,0.34644926559762834,0.0,1.0,0.0,0.0,0.0,0.5,0.09273449985657502,0.014084507042253521,0.42857142857142855,0.12319076428243222
3077,0.6285714285714286,1.0,0.0,1.0,0.0,0.3333333333333333,0.11842105263157895,0.22759735884651663,0.0,0.0,1.0,0.0,0.0,0.5,0.02247355744056969,0.6338028169014085,0.42857142857142855,0.08097526420585083
3078,0.8714285714285714,1.0,1.0,1.0,0.0,0.3333333333333333,0.24342105263157895,0.4735210888020482,0.0,0.0,0.0,0.0,0.0,0.0,0.040436593597032625,0.8732394366197184,0.42857142857142855,0.1683259304640833
3079,1.0,0.0,1.0,0.0,0.0,1.0,0.08552631578947367,0.3076404797197143,1.0,1.0,0.0,1.0,0.0,0.5,0.01729699592465253,1.0,0.5714285714285714,0.08741767498851279
3080,0.19999999999999998,0.0,0.0,0.0,0.5,0.6666666666666666,0.4276315789473685,0.1656111036248484,0.0,1.0,0.0,1.0,0.0,1.0,0.06490732013823436,0.014084507042253521,0.2857142857142857,0.07878950324194618
3081,0.6428571428571429,1.0,1.0,0.0,0.0,0.6666666666666666,0.4407894736842105,0.5396846786147419,1.0,0.0,1.0,0.0,0.0,0.0,0.06915133385239519,0.647887323943662,0.5714285714285714,0.1533542655843161
3082,0.9,1.0,1.0,0.0,0.0,0.6666666666666666,0.4407894736842105,0.742622288101334,1.0,1.0,0.0,1.0,0.0,0.0,0.06816976908576815,0.9014084507042254,0.7142857142857142,0.1757607086332772
3083,0.6428571428571429,0.0,1.0,0.0,1.0,0.6666666666666666,0.36184210526315785,0.4584287831828594,1.0,0.0,1.0,0.0,0.0,0.5,0.05679629553743391,0.014084507042253521,0.42857142857142855,0.16296523204166027
3084,0.7857142857142857,0.0,1.0,0.0,0.0,0.3333333333333333,0.493421052631579,0.7132461932354129,1.0,1.0,0.0,0.0,0.0,0.5,0.07612427628921502,0.7887323943661972,0.42857142857142855,0.2534748812988207
3085,0.6142857142857143,0.0,0.0,1.0,0.5,0.6666666666666666,1.0,0.14000808516372457,1.0,1.0,0.0,0.0,0.0,0.5,0.009360808842429954,0.04225352112676056,0.42857142857142855,0.04986406800428856
3086,0.39999999999999997,1.0,1.0,0.0,0.0,0.3333333333333333,0.631578947368421,0.4529039213044064,0.0,0.0,0.0,0.0,0.0,0.5,0.09649322369917775,0.4084507042253521,0.2857142857142857,0.21484913463011182
3087,0.8714285714285714,0.0,0.0,1.0,0.5,0.0,0.1513157894736842,0.3503570947311683,0.0,0.0,0.0,1.0,0.0,0.5,0.02654221519564623,0.07042253521126761,0.2857142857142857,0.1662837596364936
3088,0.7285714285714286,0.0,1.0,1.0,1.0,0.6666666666666666,0.08552631578947367,0.225171809729147,0.0,0.0,1.0,1.0,0.0,0.0,0.017345755093163197,0.028169014084507043,0.5714285714285714,0.06398376474192066
3089,0.7571428571428571,0.0,0.0,1.0,0.5,1.0,0.625,0.8287292817679558,1.0,1.0,0.0,1.0,0.0,0.5,0.09439033755716131,0.056338028169014086,0.5714285714285714,0.2354878235564405
3090,0.8,0.0,1.0,0.0,0.0,1.0,0.5526315789473684,0.7932893141086106,0.0,1.0,1.0,1.0,0.0,0.5,0.08437918547547,0.8028169014084507,0.5714285714285714,0.22541736866288867
3091,0.9285714285714286,0.0,1.0,0.0,0.0,1.0,0.506578947368421,0.8578358711763913,1.0,0.0,1.0,0.0,0.0,0.5,0.077913917687716,0.9295774647887324,0.42857142857142855,0.3048322867207842
3092,0.3,0.0,1.0,1.0,1.0,1.0,0.07236842105263158,0.08826303732650585,1.0,0.0,1.0,1.0,0.0,0.5,0.01546568417444949,0.0,0.7142857142857142,0.02081099708990657
3093,0.2714285714285714,1.0,1.0,1.0,0.0,0.6666666666666666,0.5328947368421053,0.26869694111305753,0.0,1.0,1.0,0.0,0.0,0.5,0.0814326107445806,0.28169014084507044,0.7142857142857142,0.06353703987338541
3094,0.45714285714285713,0.0,0.0,0.0,0.0,0.0,0.4013157894736842,0.354399676593451,0.0,0.0,0.0,1.0,0.0,0.0,0.0623197098220661,0.4647887323943662,0.14285714285714285,0.2525654771021596
3095,0.34285714285714286,1.0,0.0,0.0,0.5,1.0,0.48684210526315785,0.3130305888694246,1.0,0.0,0.0,0.0,0.0,0.5,0.07491046182846371,0.028169014084507043,0.2857142857142857,0.14860621841017002
3096,0.6428571428571429,0.0,1.0,1.0,0.0,0.0,0.6447368421052632,0.7298207788707721,0.0,0.0,0.0,0.0,0.0,1.0,0.0980617137237225,0.647887323943662,0.2857142857142857,0.34599479246438963
3097,0.8,0.0,1.0,1.0,0.0,0.3333333333333333,0.13157894736842105,0.3021156178412613,0.0,1.0,1.0,0.0,0.0,0.5,0.024108338707277147,0.8028169014084507,0.5714285714285714,0.08584775616480318
3098,0.05714285714285714,1.0,1.0,0.0,1.0,0.6666666666666666,0.3355263157894737,0.042447109553968465,0.0,0.0,0.0,0.0,1.0,0.0,0.048821866163996225,0.0,0.2857142857142857,0.02045999897891459
3099,0.7714285714285715,0.0,0.0,1.0,0.0,0.6666666666666666,0.5,0.7031397385797062,1.0,1.0,0.0,0.0,0.0,0.5,0.07646302801816468,0.7746478873239436,0.42857142857142855,0.24988512789094808
3100,0.8571428571428572,0.0,0.0,0.0,0.0,0.0,0.2894736842105263,0.5197412747608139,1.0,0.0,0.0,0.0,0.0,0.5,0.04661547256686392,0.8591549295774648,0.14285714285714285,0.37002220860775004
3101,0.09999999999999999,1.0,1.0,1.0,0.5,0.3333333333333333,0.0394736842105263,0.028028567578493462,1.0,1.0,0.0,0.0,0.0,0.0,0.012959472196041471,0.0,0.7142857142857142,0.006547710215959565
3102,0.21428571428571427,1.0,0.0,1.0,1.0,1.0,0.07894736842105263,0.06522032071149439,1.0,0.0,0.0,0.0,0.0,1.0,0.01614043355325165,0.0,0.42857142857142855,0.02329989278603155
3103,0.6714285714285715,0.0,0.0,1.0,0.0,0.6666666666666666,0.4013157894736842,0.9999999999999999,1.0,1.0,0.0,0.0,0.0,0.0,0.1327953188815583,0.676056338028169,0.42857142857142855,0.35532815132485834
3104,0.8571428571428572,1.0,1.0,1.0,0.5,0.6666666666666666,0.19078947368421054,0.3954992588599919,0.0,1.0,1.0,0.0,0.0,0.5,0.032369709985939646,0.07042253521126761,0.7142857142857142,0.09356333282279063
3105,0.19999999999999998,0.0,0.0,1.0,0.5,0.6666666666666666,0.09210526315789472,0.06670260072766472,1.0,1.0,1.0,1.0,0.0,0.0,0.018787307571473448,0.014084507042253521,0.7142857142857142,0.01570557002093225
3106,0.9142857142857143,1.0,1.0,1.0,0.0,0.6666666666666666,0.2236842105263158,0.4706912814984503,0.0,1.0,0.0,0.0,0.0,0.5,0.03765678242586819,0.9154929577464789,0.5714285714285714,0.13374942563945474
3107,0.3,0.0,1.0,0.0,0.0,1.0,0.13815789473684212,0.11871715402236893,1.0,1.0,0.0,1.0,0.0,0.5,0.025147802244880467,0.3098591549295775,0.5714285714285714,0.03373410935824782
3108,0.028571428571428574,1.0,1.0,1.0,0.0,0.0,0.019736842105263164,0.0064681309796523374,0.0,1.0,0.0,1.0,0.0,0.5,0.006283380458686774,0.04225352112676056,0.7142857142857142,0.0014422831469852453
3109,0.7571428571428571,0.0,1.0,0.0,0.5,0.6666666666666666,0.10526315789473684,0.25643444279746663,0.0,0.0,0.0,1.0,0.0,0.5,0.020263901979264844,0.056338028169014086,0.2857142857142857,0.12180272629805483
3110,0.1857142857142857,1.0,1.0,1.0,1.0,0.6666666666666666,0.5855263157894737,0.20212909311413554,1.0,0.0,0.0,1.0,0.0,0.5,0.08873030833445536,0.0,0.7142857142857142,0.0477740337979272
3111,0.49999999999999994,0.0,1.0,0.0,0.0,0.6666666666666666,0.013157894736842118,0.09958226654089744,0.0,0.0,0.0,1.0,0.0,0.5,0.006519007225887528,0.5070422535211268,0.2857142857142857,0.04751876244447848
3112,0.9428571428571428,0.0,0.0,1.0,1.0,0.3333333333333333,0.5131578947368421,0.8760274895566634,1.0,1.0,1.0,0.0,0.0,0.5,0.07845316302558837,0.028169014084507043,0.5714285714285714,0.2489278603155154
3113,0.12857142857142856,1.0,1.0,1.0,0.5,1.0,0.5,0.12585904864573508,1.0,1.0,0.0,0.0,1.0,0.5,0.07615457115928369,0.0,0.7142857142857142,0.02971358554143054
3114,0.6857142857142857,0.0,1.0,1.0,0.0,0.3333333333333333,0.375,0.5033014418541976,1.0,1.0,1.0,1.0,0.0,0.5,0.05891630921925792,0.6901408450704225,0.8571428571428571,0.10200096273767587
3115,0.9142857142857143,1.0,0.0,1.0,0.5,1.0,0.13815789473684212,0.3550734402371648,1.0,0.0,1.0,0.0,0.0,0.0,0.02521568911766838,0.07042253521126761,0.5714285714285714,0.10089600245060498
3116,0.8,1.0,1.0,0.0,0.0,0.6666666666666666,0.5789473684210527,0.8250909580919012,0.0,1.0,0.0,1.0,0.0,0.5,0.08828149544454916,0.8028169014084507,0.5714285714285714,0.23445397457497322
3117,0.3714285714285714,1.0,1.0,0.0,1.0,0.6666666666666666,0.3157894736842105,0.24498046085433228,0.0,0.0,1.0,1.0,0.0,1.0,0.05075575103850315,0.014084507042253521,0.5714285714285714,0.06961249808546485
3118,0.05714285714285714,0.0,0.0,0.0,0.0,0.0,0.11842105263157895,0.019000134752728742,1.0,1.0,1.0,0.0,0.0,0.0,0.01602262016965127,0.07042253521126761,0.42857142857142855,0.006882753867361004
3119,1.0,1.0,0.0,1.0,0.5,1.0,0.2828947368421052,0.5993801374477833,0.0,0.0,1.0,0.0,0.0,1.0,0.046036824149420556,0.07042253521126761,0.42857142857142855,0.21303032623678972
3120,0.8,0.0,1.0,0.0,0.5,0.0,0.13157894736842105,0.29969006872389164,0.0,1.0,1.0,1.0,0.0,0.5,0.023810704896076194,0.056338028169014086,0.5714285714285714,0.08515852351049166
3121,0.19999999999999998,0.0,1.0,0.0,0.0,0.0,0.24999999999999997,0.11346179760140142,1.0,1.0,1.0,1.0,0.0,0.5,0.04059063776311656,0.2112676056338028,0.7142857142857142,0.026777964976770305
3122,0.41428571428571426,0.0,0.0,0.0,1.0,0.0,0.32894736842105265,0.9999999999999999,1.0,0.0,1.0,1.0,0.0,0.0,0.22038956958843858,0.014084507042253521,0.42857142857142855,0.35532815132485834
3123,0.2714285714285714,1.0,1.0,0.0,0.5,0.6666666666666666,0.23684210526315788,0.14876701253200378,1.0,0.0,0.0,0.0,0.0,0.0,0.03949104618284637,0.014084507042253521,0.42857142857142855,0.05297518762444479
3124,0.5142857142857143,1.0,1.0,1.0,1.0,0.3333333333333333,0.4342105263157895,0.4250101064546557,0.0,0.0,0.0,1.0,0.0,0.5,0.06750388465751331,0.014084507042253521,0.5714285714285714,0.12076887731658754
3125,0.028571428571428574,1.0,1.0,1.0,0.0,0.6666666666666666,0.618421052631579,0.04568117504379463,1.0,1.0,0.0,0.0,1.0,0.5,0.09770656613257933,0.04225352112676056,0.7142857142857142,0.01072777862868229
3126,0.5714285714285715,1.0,1.0,1.0,0.0,0.6666666666666666,0.2302631578947368,0.3010375960113192,1.0,0.0,0.0,0.0,0.0,0.0,0.03848187397990851,0.5774647887323944,0.5714285714285714,0.08554143054066474
3127,0.5428571428571429,0.0,0.0,0.0,1.0,1.0,0.23684210526315788,0.2926829268292683,0.0,0.0,0.0,0.0,0.0,0.5,0.039633630585562726,0.014084507042253521,0.0,0.4179813141369276
3128,0.35714285714285715,1.0,0.0,1.0,0.5,0.0,0.48684210526315785,0.3278533890311279,0.0,1.0,1.0,0.0,0.0,0.5,0.0755093163198724,0.028169014084507043,0.5714285714285714,0.0931612804411089
3129,0.014285714285714285,0.0,0.0,0.0,0.5,0.6666666666666666,0.35526315789473684,0.016574585635359115,1.0,1.0,1.0,0.0,1.0,0.5,0.05136663524976437,0.0,0.42857142857142855,0.006021213049471588
3130,0.3142857142857143,0.0,0.0,1.0,1.0,1.0,0.2828947368421052,0.19566096213448322,0.0,0.0,0.0,0.0,0.0,1.0,0.04687948203089784,0.0,0.14285714285714285,0.13979935671618932
3131,0.3142857142857143,1.0,1.0,1.0,0.0,0.6666666666666666,0.5394736842105263,0.3127610834119391,0.0,0.0,0.0,0.0,0.0,0.0,0.08248985780436831,0.323943661971831,0.42857142857142855,0.11122491958952367
3132,0.21428571428571427,1.0,1.0,1.0,0.0,0.6666666666666666,0.5921052631578947,0.23595202802856757,1.0,0.0,1.0,1.0,0.0,0.5,0.09077521206409048,0.22535211267605634,0.8571428571428571,0.04773756646172024
3133,0.11428571428571427,0.0,0.0,1.0,0.0,0.6666666666666666,0.39473684210526316,0.09365314647621613,0.0,0.0,1.0,0.0,1.0,0.5,0.061053513456906475,0.1267605633802817,0.2857142857142857,0.044710777556542604
3134,0.17142857142857143,0.0,1.0,0.0,0.5,0.6666666666666666,0.12499999999999997,0.06602883708395094,1.0,1.0,0.0,1.0,0.0,0.5,0.02334517508881316,0.014084507042253521,0.5714285714285714,0.018762444478480623
3135,0.3857142857142857,0.0,1.0,1.0,1.0,0.6666666666666666,0.3092105263157895,0.25010106454655706,1.0,0.0,0.0,0.0,0.0,0.5,0.04975090884610206,0.014084507042253521,0.42857142857142855,0.08896844846071374
3136,0.3714285714285714,0.0,0.0,0.0,1.0,0.6666666666666666,0.3355263157894737,0.25427839913758254,1.0,0.0,0.0,1.0,0.0,0.5,0.05316438021433309,0.014084507042253521,0.2857142857142857,0.12078164088425997
3137,0.7142857142857143,0.0,1.0,1.0,0.0,0.3333333333333333,1.0,0.4343080447379059,1.0,0.0,1.0,1.0,0.0,0.5,0.04662637910960803,0.7183098591549296,0.7142857142857142,0.1027531015469444
3138,0.9,1.0,1.0,1.0,0.5,0.6666666666666666,0.1776315789473684,0.3995418407222746,1.0,0.0,0.0,1.0,0.0,0.5,0.03067565975494816,0.07042253521126761,0.7142857142857142,0.09452060039822331
3139,0.7285714285714286,0.0,0.0,0.0,1.0,1.0,0.3157894736842105,0.4662444414499393,1.0,0.0,0.0,0.0,0.0,1.0,0.049771623287174646,0.028169014084507043,0.14285714285714285,0.3320186858630724
3140,0.5285714285714286,1.0,0.0,1.0,0.5,0.6666666666666666,0.29605263157894735,0.3302789381484975,0.0,1.0,0.0,1.0,0.0,1.0,0.047943846420953416,0.04225352112676056,0.5714285714285714,0.09385051309542043
3141,0.9142857142857143,0.0,1.0,0.0,0.0,0.0,0.13815789473684212,0.3556124511521358,0.0,1.0,0.0,1.0,0.0,0.5,0.025273689552671647,0.9154929577464789,0.42857142857142855,0.12644547403890335
3142,0.24285714285714283,1.0,0.0,0.0,0.5,0.0,0.5986842105263158,0.26236356286214796,1.0,1.0,0.0,1.0,0.0,0.5,0.08948581003246413,0.014084507042253521,0.5714285714285714,0.07455199877469751
3143,0.8857142857142858,1.0,1.0,0.0,1.0,0.6666666666666666,0.5855263157894737,0.9202263845842877,1.0,0.0,0.0,1.0,0.0,0.5,0.08917912122436156,0.028169014084507043,0.5714285714285714,0.2614872109051922
3144,0.7142857142857143,1.0,1.0,1.0,1.0,0.6666666666666666,0.5,0.6584018326371108,0.0,1.0,0.0,0.0,0.0,1.0,0.07735950176489069,0.028169014084507043,0.5714285714285714,0.18708837494256395
3145,0.11428571428571427,1.0,0.0,1.0,0.5,0.3333333333333333,0.26973684210526316,0.07195795714863225,1.0,0.0,1.0,1.0,0.0,0.0,0.04419310922609697,0.0,0.7142857142857142,0.016950017868994742
3146,0.17142857142857143,0.0,0.0,0.0,1.0,1.0,0.24999999999999997,0.09863899743969815,1.0,1.0,0.0,1.0,0.0,0.5,0.04089030667730008,0.0,0.42857142857142855,0.03517001072139685
3147,0.5571428571428572,1.0,1.0,0.0,0.0,0.3333333333333333,0.4736842105263158,0.4933297399272335,1.0,1.0,0.0,0.0,0.0,0.5,0.07339773798303487,0.5633802816901409,0.5714285714285714,0.1401822637463624
3148,0.7714285714285715,1.0,1.0,0.0,0.0,0.6666666666666666,0.4013157894736842,0.5962808246866999,0.0,0.0,0.0,0.0,0.0,0.5,0.06287378973524119,0.7746478873239436,0.2857142857142857,0.2827513146474703
3149,0.6,1.0,1.0,1.0,1.0,0.6666666666666666,0.4013157894736842,0.46247136504514214,0.0,0.0,0.0,0.0,0.0,0.5,0.06233697915525063,0.014084507042253521,0.42857142857142855,0.1644011334048093
3150,0.6142857142857143,1.0,1.0,1.0,0.0,0.6666666666666666,0.08552631578947367,0.191348874814715,0.0,1.0,0.0,0.0,0.0,0.5,0.01752206323365607,0.619718309859155,0.5714285714285714,0.05437279828457651
3151,0.9571428571428572,1.0,1.0,1.0,0.0,0.0,0.4078947368421053,0.7497641827247001,1.0,0.0,0.0,1.0,0.0,1.0,0.06411820147474635,0.9577464788732395,0.7142857142857142,0.1774518813498749
3152,0.45714285714285713,1.0,1.0,0.0,0.0,1.0,0.5986842105263158,0.4882091362350087,0.0,1.0,1.0,0.0,0.0,1.0,0.09068060434695685,0.4647887323943662,0.5714285714285714,0.1387272170317047
3153,0.32857142857142857,0.0,1.0,1.0,0.0,0.0,0.05921052631578946,0.0902843282576472,1.0,1.0,1.0,0.0,0.0,0.5,0.013666352497643731,0.3380281690140845,0.7142857142857142,0.021289630877622912
3154,0.49999999999999994,1.0,1.0,1.0,0.5,0.6666666666666666,0.2236842105263158,0.2596685082872928,1.0,1.0,0.0,0.0,0.0,0.5,0.03762174049638705,0.04225352112676056,0.7142857142857142,0.06139914228825241
3155,0.12857142857142856,1.0,1.0,0.0,0.0,1.0,0.3355263157894737,0.0921708664600458,0.0,0.0,1.0,0.0,1.0,1.0,0.052591894439208295,0.14084507042253522,0.42857142857142855,0.0328725685403584
3156,0.2714285714285714,0.0,0.0,1.0,1.0,0.6666666666666666,0.45394736842105265,0.2379733189597089,0.0,1.0,0.0,1.0,0.0,0.5,0.0706880301602262,0.0,0.42857142857142855,0.08466074437126665
3157,0.15714285714285714,0.0,1.0,1.0,1.0,0.6666666666666666,0.05921052631578946,0.042986120468939494,1.0,0.0,1.0,1.0,0.0,0.5,0.012959472196041471,0.0,0.7142857142857142,0.010089600245060499
3158,0.8714285714285714,0.0,1.0,1.0,0.0,0.0,0.5789473684210527,0.8950276243093922,1.0,0.0,0.0,0.0,0.0,1.0,0.0879875953908364,0.8732394366197184,0.42857142857142855,0.3180425792617553
3159,0.24285714285714283,1.0,0.0,1.0,0.0,0.6666666666666666,0.032894736842105254,0.05659614607195795,0.0,1.0,0.0,1.0,0.0,1.0,0.00952979369567494,0.2535211267605634,0.5714285714285714,0.016082095267269107
3160,0.8857142857142858,0.0,0.0,1.0,0.5,0.0,0.5657894736842105,0.8939496024794501,0.0,1.0,1.0,0.0,0.0,0.5,0.08626183743997126,0.07042253521126761,0.42857142857142855,0.3176596722315822
3161,0.34285714285714286,1.0,1.0,1.0,0.5,0.3333333333333333,0.019736842105263164,0.07290122624983154,0.0,1.0,0.0,0.0,0.0,1.0,0.007728557964184729,0.028169014084507043,0.5714285714285714,0.0207152703323633
3162,0.15714285714285714,1.0,1.0,1.0,0.0,0.6666666666666666,0.10526315789473684,0.054170596954588326,1.0,0.0,0.0,1.0,0.0,0.0,0.01947847942192899,0.16901408450704225,0.7142857142857142,0.012738040537090926
3163,0.2857142857142857,1.0,0.0,1.0,0.0,0.3333333333333333,0.5328947368421053,0.2808246866999057,0.0,0.0,1.0,1.0,0.0,1.0,0.08096584533907814,0.29577464788732394,0.5714285714285714,0.07979782508806862
3164,0.34285714285714286,1.0,1.0,1.0,0.0,0.6666666666666666,0.5723684210526315,0.35736423662579164,0.0,0.0,1.0,1.0,0.0,0.5,0.0873138548539114,0.35211267605633806,0.7142857142857142,0.0845331086945423
3165,0.14285714285714285,1.0,0.0,0.0,0.0,0.6666666666666666,0.6513157894736842,0.17329200916318555,0.0,1.0,0.0,1.0,1.0,0.5,0.09819210007711422,0.15492957746478875,0.42857142857142855,0.06168632256088222
3166,0.9,1.0,1.0,1.0,0.0,0.0,0.07894736842105263,0.27112249023042717,1.0,1.0,1.0,1.0,0.0,0.0,0.01664114043355325,0.9014084507042254,1.0,0.04794953285342319
3167,0.7000000000000001,0.0,1.0,1.0,0.5,1.0,0.3486842105263158,0.4894219107936935,1.0,1.0,0.0,1.0,0.0,0.0,0.05553251649387371,0.056338028169014086,0.7142857142857142,0.11580384949201
3168,0.8714285714285714,1.0,1.0,1.0,0.5,0.6666666666666666,0.05263157894736842,0.23123568252257107,1.0,1.0,1.0,1.0,0.0,0.5,0.013103888601745158,0.07042253521126761,1.0,0.04086575279522132
3169,0.6857142857142857,1.0,0.0,1.0,0.5,0.0,0.10526315789473684,0.23352647891119793,1.0,1.0,1.0,1.0,0.0,1.0,0.020408163265306124,0.056338028169014086,0.8571428571428571,0.04724525742292629
3170,0.1857142857142857,1.0,0.0,1.0,0.0,0.3333333333333333,0.11842105263157895,0.06791537528634954,1.0,0.0,1.0,1.0,0.0,1.0,0.021677662582469365,0.1971830985915493,0.7142857142857142,0.015992750293562057
3171,0.0,1.0,1.0,1.0,0.5,0.6666666666666666,0.04605263157894737,0.0024255491173696265,0.0,0.0,1.0,0.0,0.0,0.5,0.016965127238454288,0.0,0.5714285714285714,0.0006892326543115332
3172,0.34285714285714286,0.0,1.0,0.0,0.0,0.3333333333333333,0.5921052631578947,0.36544940035035706,1.0,0.0,1.0,0.0,0.0,0.5,0.08957587181903864,0.35211267605633806,0.42857142857142855,0.12993950068923266
3173,0.8285714285714286,1.0,1.0,1.0,0.0,1.0,0.08552631578947367,0.26007276647352107,0.0,1.0,0.0,1.0,0.0,0.0,0.01785971021901308,0.8309859154929577,0.7142857142857142,0.06149486904579568
3174,0.9714285714285714,0.0,1.0,0.0,0.5,0.3333333333333333,0.4144736842105263,0.770381350222342,1.0,1.0,1.0,1.0,0.0,1.0,0.0650876258383532,0.07042253521126761,0.7142857142857142,0.1823339459845816
3175,0.05714285714285714,1.0,0.0,1.0,0.5,0.3333333333333333,0.4144736842105263,0.05403584422584557,1.0,1.0,1.0,0.0,1.0,0.5,0.06503298774740811,0.0,0.7142857142857142,0.012706131617909839
3176,0.2571428571428571,1.0,1.0,1.0,0.0,0.0,0.13157894736842105,0.10092979382832501,0.0,1.0,1.0,1.0,0.0,0.0,0.024654000694478886,0.26760563380281693,0.8571428571428571,0.020332363302190227
3177,0.3142857142857143,1.0,0.0,1.0,0.5,0.6666666666666666,0.6578947368421053,0.36989624039886804,1.0,0.0,0.0,0.0,0.0,0.5,0.09986477072491087,0.014084507042253521,0.42857142857142855,0.1315189921886966
3178,0.11428571428571427,0.0,1.0,0.0,1.0,0.3333333333333333,0.2302631578947368,0.06400754615280958,1.0,1.0,0.0,1.0,0.0,0.0,0.03801445177505498,0.0,0.5714285714285714,0.018188083933221015
3179,0.7000000000000001,1.0,0.0,1.0,0.0,0.0,0.5986842105263158,0.7434308044737905,1.0,0.0,0.0,1.0,0.0,0.5,0.09106503298774742,0.7042253521126761,0.5714285714285714,0.21124980854648492
3180,0.21428571428571427,1.0,0.0,1.0,0.5,0.6666666666666666,0.625,0.24538471904056056,0.0,0.0,1.0,0.0,0.0,0.5,0.09489868049010368,0.014084507042253521,0.42857142857142855,0.08729323020370654
3181,0.45714285714285713,0.0,1.0,1.0,1.0,0.6666666666666666,0.625,0.5117908637649912,0.0,1.0,0.0,0.0,0.0,0.5,0.0956787478936395,0.014084507042253521,0.42857142857142855,0.18191913003522744
3182,0.014285714285714285,1.0,1.0,1.0,0.5,0.3333333333333333,0.5,0.022907963886268694,0.0,0.0,0.0,0.0,1.0,1.0,0.07351555136663525,0.0,0.42857142857142855,0.008270791851738398
3183,0.1857142857142857,1.0,1.0,0.0,0.0,0.0,0.17105263157894737,0.08448996092170866,0.0,0.0,0.0,1.0,0.0,0.0,0.029958260401238723,0.1971830985915493,0.42857142857142855,0.03014435595037525
3184,0.0,1.0,1.0,1.0,0.0,0.6666666666666666,0.08552631578947367,0.0014822800161703275,1.0,1.0,1.0,0.0,0.0,1.0,0.010367577756833175,0.014084507042253521,0.8571428571428571,0.0001476927116381857
3185,0.8142857142857143,1.0,1.0,0.0,0.0,1.0,0.375,0.5988411265328123,0.0,0.0,0.0,0.0,0.0,0.0,0.059247944359582694,0.8169014084507042,0.2857142857142857,0.2839638535763517
3186,0.21428571428571427,1.0,1.0,0.0,0.0,0.3333333333333333,0.23684210526315788,0.11656111036248483,0.0,1.0,1.0,0.0,0.0,0.0,0.03858388312912347,0.22535211267605634,0.5714285714285714,0.0331214581099709
3187,0.6571428571428571,1.0,0.0,1.0,0.5,0.6666666666666666,0.5526315789473684,0.651664196199973,0.0,0.0,1.0,0.0,0.0,0.5,0.08406360920047326,0.04225352112676056,0.42857142857142855,0.2316013172001838
3188,0.6142857142857143,1.0,1.0,1.0,0.0,0.6666666666666666,0.493421052631579,0.5577415442662713,0.0,1.0,1.0,0.0,0.0,0.5,0.07576471596264245,0.619718309859155,0.7142857142857142,0.13198167151682239
3189,0.1857142857142857,1.0,0.0,0.0,1.0,0.3333333333333333,0.18421052631578946,0.08947581188519066,0.0,1.0,0.0,0.0,0.0,0.5,0.032449171940218124,0.0,0.2857142857142857,0.042732424567315054
3190,0.32857142857142857,1.0,0.0,1.0,0.0,0.6666666666666666,0.013157894736842118,0.06885864438754884,1.0,1.0,1.0,1.0,0.0,1.0,0.007422243166823751,0.3380281690140845,0.8571428571428571,0.01382294378924797
3191,0.7714285714285715,0.0,0.0,1.0,0.5,0.6666666666666666,0.15789473684210528,0.3224632798814176,0.0,0.0,0.0,0.0,0.0,0.0,0.028052437666009768,0.056338028169014086,0.14285714285714285,0.22987823556440495
3192,0.19999999999999998,0.0,1.0,0.0,0.0,0.6666666666666666,0.375,0.15132731437811614,0.0,1.0,0.0,0.0,0.0,0.5,0.05824693685202638,0.2112676056338028,0.2857142857142857,0.07202481237555522
3193,0.4714285714285714,0.0,1.0,0.0,0.0,0.3333333333333333,0.05263157894736842,0.12680231774693437,0.0,1.0,0.0,0.0,0.0,1.0,0.013278261351666019,0.47887323943661975,0.2857142857142857,0.06040996579363864
3194,0.014285714285714285,1.0,1.0,0.0,1.0,0.6666666666666666,0.4342105263157895,0.02048241476889907,0.0,1.0,0.0,0.0,1.0,1.0,0.06503298774740811,0.0,0.42857142857142855,0.007409251033848981
3195,0.3714285714285714,1.0,1.0,0.0,0.0,0.0,0.44736842105263164,0.31343484705565283,0.0,1.0,0.0,1.0,0.0,0.5,0.06848884699968584,0.38028169014084506,0.5714285714285714,0.089064175218257
3196,0.3142857142857143,1.0,1.0,1.0,0.0,0.3333333333333333,0.11184210526315788,0.11319229214391589,0.0,0.0,0.0,0.0,0.0,0.5,0.021800598287095845,0.323943661971831,0.42857142857142855,0.04033925562873334
3197,0.9571428571428572,0.0,0.0,1.0,0.0,0.6666666666666666,0.39473684210526316,0.7261824551947177,1.0,0.0,1.0,1.0,0.0,0.5,0.06169263181238564,0.9577464788732395,0.5714285714285714,0.20634859856026955
3198,0.1857142857142857,0.0,1.0,1.0,0.0,0.3333333333333333,0.4013157894736842,0.14755423797331896,1.0,0.0,0.0,0.0,0.0,1.0,0.06146492527265382,0.1971830985915493,0.42857142857142855,0.05254441721550008
3199,0.8857142857142858,1.0,1.0,0.0,0.5,1.0,0.3157894736842105,0.5755289044603152,0.0,0.0,0.0,1.0,0.0,0.5,0.050910342145026405,0.07042253521126761,0.42857142857142855,0.20455850819421045
3200,0.9142857142857143,0.0,0.0,0.0,1.0,0.0,0.631578947368421,0.9999999999999999,0.0,0.0,1.0,0.0,0.0,1.0,0.09461320959907199,0.028169014084507043,0.14285714285714285,0.711192372491959
3201,0.9571428571428572,1.0,1.0,1.0,0.0,0.6666666666666666,0.07236842105263158,0.2782643848537933,0.0,0.0,1.0,0.0,0.0,0.0,0.015620668625602928,0.9577464788732395,0.5714285714285714,0.07907030173073978
3202,0.8857142857142858,1.0,1.0,1.0,0.0,0.0,0.26973684210526316,0.5117908637649912,0.0,0.0,1.0,0.0,0.0,0.5,0.04383405891417201,0.8873239436619719,0.5714285714285714,0.1454280900597335
3203,0.9,0.0,0.0,1.0,0.5,0.6666666666666666,0.5855263157894737,0.931141355612451,0.0,1.0,0.0,0.0,0.0,0.5,0.08877238454288407,0.07042253521126761,0.2857142857142857,0.4413386429774851
3204,0.44285714285714284,0.0,1.0,0.0,1.0,0.6666666666666666,0.256578947368421,0.2525266136639267,1.0,1.0,1.0,0.0,0.0,0.5,0.04241281809613572,0.014084507042253521,0.5714285714285714,0.07175677745443407
3205,0.17142857142857143,0.0,1.0,1.0,1.0,0.3333333333333333,0.2828947368421052,0.10537663387683599,1.0,0.0,1.0,1.0,0.0,1.0,0.04451533386500399,0.0,0.7142857142857142,0.024863429825904934
3206,0.9285714285714286,1.0,1.0,1.0,0.5,0.6666666666666666,0.4407894736842105,0.7686295647486862,0.0,0.0,0.0,0.0,0.0,0.5,0.06846028617941907,0.07042253521126761,0.42857142857142855,0.27314672997396233
3207,0.2571428571428571,1.0,0.0,0.0,0.0,0.3333333333333333,0.4407894736842105,0.2211292278668643,1.0,0.0,0.0,0.0,0.0,0.0,0.0689022272930205,0.26760563380281693,0.2857142857142857,0.10508245264716393
3208,0.32857142857142857,1.0,1.0,0.0,0.0,0.6666666666666666,0.019736842105263164,0.06966716076000538,0.0,1.0,1.0,0.0,0.0,0.0,0.007657869934024505,0.3380281690140845,0.5714285714285714,0.019796293459947926
3209,0.14285714285714285,1.0,1.0,1.0,0.0,0.6666666666666666,0.30263157894736836,0.09567443740735748,0.0,0.0,0.0,0.0,0.0,0.5,0.04883900265615628,0.15492957746478875,0.42857142857142855,0.03411701638842089
3210,0.8285714285714286,0.0,1.0,0.0,0.0,0.3333333333333333,1.0,0.42164128823608676,1.0,0.0,0.0,0.0,0.0,0.0,0.03701337082062014,0.8309859154929577,0.2857142857142857,0.2000433961300863
3211,0.19999999999999998,0.0,1.0,1.0,0.5,0.6666666666666666,0.4144736842105263,0.1681714054709608,0.0,1.0,0.0,1.0,0.0,0.5,0.06610116242538486,0.014084507042253521,0.5714285714285714,0.04778679736559963
3212,0.12857142857142856,0.0,1.0,1.0,0.5,0.3333333333333333,0.368421052631579,0.09823473925346987,1.0,1.0,0.0,0.0,1.0,0.0,0.056833176248821865,0.0,0.5714285714285714,0.02791392249961709
3213,0.5714285714285715,1.0,1.0,1.0,0.5,1.0,0.4342105263157895,0.46866999056730896,1.0,1.0,1.0,1.0,0.0,0.5,0.06707891772602928,0.04225352112676056,1.0,0.08303338949303109
3214,0.3714285714285714,1.0,1.0,0.0,0.0,0.6666666666666666,0.4342105263157895,0.3108745452095405,1.0,0.0,0.0,1.0,0.0,0.5,0.06782560128460223,0.38028169014084506,0.5714285714285714,0.08833665186092816
3215,0.8428571428571429,1.0,1.0,0.0,0.5,0.0,0.17105263157894737,0.36544940035035706,0.0,0.0,0.0,0.0,0.0,1.0,0.02962613886270813,0.07042253521126761,0.2857142857142857,0.17343135753305763
3216,0.7285714285714286,1.0,1.0,1.0,0.0,0.6666666666666666,0.1644736842105263,0.31006602883708395,1.0,0.0,0.0,0.0,0.0,0.5,0.028764590734430502,0.7323943661971831,0.5714285714285714,0.08810690764282432
3217,0.3857142857142857,0.0,1.0,0.0,0.0,0.6666666666666666,0.24999999999999997,0.21439159142972644,1.0,1.0,0.0,1.0,0.0,0.0,0.04083075265921637,0.3943661971830986,0.5714285714285714,0.06092050850053607
3218,0.9142857142857143,1.0,1.0,1.0,0.0,0.0,0.1644736842105263,0.38674033149171266,1.0,0.0,0.0,0.0,0.0,0.5,0.028623214674110053,0.9154929577464789,0.5714285714285714,0.10989431765967222
3219,0.22857142857142856,1.0,1.0,0.0,1.0,0.6666666666666666,0.45394736842105265,0.19929928581053766,1.0,1.0,1.0,1.0,0.0,0.5,0.0695791983145756,0.0,0.8571428571428571,0.04029822987550051
3220,0.6142857142857143,0.0,1.0,0.0,0.0,0.6666666666666666,0.4013157894736842,0.4762161433769034,0.0,1.0,1.0,0.0,0.0,0.0,0.06280524376660097,0.619718309859155,0.42857142857142855,0.169283198039516
3221,0.12857142857142856,1.0,0.0,1.0,1.0,0.3333333333333333,0.14473684210526314,0.05430534968333108,1.0,1.0,1.0,1.0,0.0,0.5,0.026107445805843545,0.0,0.8571428571428571,0.010869089556484256
3222,0.8857142857142858,1.0,0.0,1.0,0.0,0.3333333333333333,0.5855263157894737,0.9191483627543457,0.0,0.0,1.0,1.0,0.0,1.0,0.08905943778705325,0.8873239436619719,0.5714285714285714,0.26118088528105377
3223,0.6571428571428571,0.0,1.0,0.0,0.0,1.0,0.3092105263157895,0.4186767282037461,1.0,1.0,0.0,0.0,0.0,1.0,0.04939138107365591,0.6619718309859155,0.42857142857142855,0.1488455353040282
3224,0.5285714285714286,0.0,1.0,1.0,1.0,1.0,0.08552631578947367,0.16668912545479045,0.0,1.0,1.0,0.0,0.0,0.5,0.017833225854457062,0.014084507042253521,0.5714285714285714,0.04736559963240925
3225,0.9857142857142858,1.0,1.0,0.0,0.0,0.0,0.14473684210526314,0.38768360059291196,1.0,1.0,1.0,1.0,0.0,0.5,0.025730442978322332,0.9859154929577465,0.8571428571428571,0.07853423188849748
3226,0.7428571428571429,1.0,1.0,1.0,0.0,1.0,0.35526315789473684,0.5256703948254952,0.0,1.0,0.0,1.0,0.0,0.5,0.05642594206248999,0.7464788732394366,0.7142857142857142,0.12438734875172308
3227,0.6142857142857143,1.0,1.0,0.0,0.0,1.0,0.2236842105263158,0.32111575259399,1.0,0.0,0.0,1.0,0.0,0.5,0.03815011567132208,0.619718309859155,0.5714285714285714,0.09124674529024353
3228,0.7571428571428571,1.0,1.0,1.0,1.0,0.3333333333333333,0.5657894736842105,0.762026681040291,0.0,0.0,0.0,1.0,0.0,0.5,0.08575068942646699,0.028169014084507043,0.5714285714285714,0.21653392556287332
3229,0.2714285714285714,1.0,0.0,1.0,0.0,0.6666666666666666,0.32894736842105265,0.18582401293626194,0.0,0.0,0.0,1.0,0.0,0.5,0.05245051837888784,0.28169014084507044,0.42857142857142855,0.0661376167866442
3230,0.42857142857142855,0.0,1.0,1.0,0.0,1.0,0.6052631578947368,0.464762161433769,0.0,0.0,0.0,0.0,0.0,0.5,0.09209206165820437,0.4366197183098592,0.2857142857142857,0.22046510440598355
3231,0.0857142857142857,1.0,1.0,0.0,0.0,0.3333333333333333,0.07236842105263158,0.2903921304406414,0.0,0.0,0.0,0.0,0.0,0.5,0.27884744849872084,0.09859154929577466,0.2857142857142857,0.13788482156532395
3232,0.8142857142857143,1.0,0.0,1.0,0.0,0.0,0.4407894736842105,0.6799622692359519,1.0,0.0,0.0,0.0,0.0,1.0,0.06903051772888297,0.8169014084507042,0.42857142857142855,0.24165262674222698
3233,0.12857142857142856,1.0,1.0,1.0,0.0,0.3333333333333333,0.5855263157894737,0.1445896779409783,0.0,1.0,0.0,1.0,1.0,0.5,0.08925541941564562,0.14084507042253522,0.7142857142857142,0.03414892530760198
3234,0.12857142857142856,1.0,1.0,0.0,0.5,0.6666666666666666,0.19736842105263155,0.06441180433903786,1.0,0.0,1.0,0.0,0.0,0.5,0.033176248821866164,0.0,0.5714285714285714,0.018302956042272937
3235,0.5428571428571429,1.0,0.0,0.0,0.5,0.6666666666666666,0.09210526315789472,0.17666082738175448,0.0,1.0,0.0,0.0,0.0,0.5,0.01882597452814229,0.04225352112676056,0.2857142857142857,0.08402256598764488
3236,0.3857142857142857,0.0,0.0,1.0,0.0,0.3333333333333333,0.30263157894736836,0.24578897722678883,0.0,0.0,0.0,1.0,0.0,0.5,0.04867375791032718,0.3943661971830986,0.2857142857142857,0.11676111706744269
3237,0.41428571428571426,1.0,0.0,0.0,0.5,0.6666666666666666,0.6381578947368421,0.4688047432960517,0.0,0.0,0.0,0.0,0.0,0.0,0.09654414074772227,0.028169014084507043,0.14285714285714285,0.33383749425639453
3238,0.5142857142857143,1.0,1.0,0.0,1.0,0.0,0.42105263157894735,0.4139603826977496,1.0,1.0,0.0,1.0,0.0,0.5,0.06541508520773365,0.014084507042253521,0.7142857142857142,0.0979348547505999
3239,0.9428571428571428,0.0,1.0,1.0,1.0,0.6666666666666666,0.4276315789473685,0.76148767012532,1.0,1.0,0.0,1.0,0.0,0.5,0.06649598379450532,0.028169014084507043,0.7142857142857142,0.1802279573186297
3240,0.6,1.0,0.0,1.0,0.0,0.0,0.44736842105263164,0.504109958226654,1.0,1.0,0.0,1.0,0.0,0.5,0.0691098787892072,0.6056338028169014,0.7142857142857142,0.11928192168274877
3241,0.7285714285714286,0.0,1.0,0.0,0.0,1.0,0.02631578947368421,0.1656111036248484,1.0,1.0,1.0,0.0,0.0,0.0,0.00933444500833756,0.7323943661971831,0.5714285714285714,0.04705927400827079
3242,0.7857142857142857,1.0,0.0,0.0,1.0,0.6666666666666666,0.29605263157894735,0.48281902708529845,1.0,0.0,1.0,1.0,0.0,0.5,0.04734414972398007,0.028169014084507043,0.5714285714285714,0.1371955889110124
3243,0.9571428571428572,1.0,1.0,1.0,0.0,1.0,0.05263157894736842,0.2502358172752998,1.0,0.0,1.0,0.0,0.0,0.5,0.01273770582691135,0.9577464788732395,0.7142857142857142,0.059165517945576146
3244,0.11428571428571427,0.0,1.0,1.0,0.0,0.0,0.21052631578947364,0.05821317881687104,0.0,0.0,1.0,0.0,0.0,0.5,0.033511362446329455,0.1267605633802817,0.42857142857142855,0.02081099708990657
3245,0.3142857142857143,0.0,0.0,1.0,1.0,0.6666666666666666,0.5460526315789473,0.3146476216143377,0.0,0.0,1.0,0.0,0.0,0.5,0.08306355775929189,0.0,0.2857142857142857,0.14937203247051617
3246,0.8857142857142858,0.0,1.0,1.0,0.0,0.0,1.0,0.7220051206036922,0.0,1.0,0.0,1.0,0.0,0.5,0.0671723291892943,0.8873239436619719,0.5714285714285714,0.20516158676673305
3247,0.8571428571428572,1.0,1.0,1.0,0.0,1.0,0.6578947368421053,0.9807303597897856,1.0,1.0,0.0,0.0,0.0,0.0,0.09947312309760356,0.8591549295774648,0.7142857142857142,0.2321437688262623
3248,0.5571428571428572,0.0,1.0,1.0,0.0,0.6666666666666666,0.11842105263157895,0.19902978035305213,0.0,0.0,0.0,0.0,0.0,0.0,0.021936852026390195,0.5633802816901409,0.2857142857142857,0.09461632715576658
3249,0.6142857142857143,0.0,1.0,0.0,1.0,0.0,0.26315789473684215,0.35332165476350896,0.0,0.0,0.0,0.0,0.0,1.0,0.04326964270413846,0.014084507042253521,0.14285714285714285,0.25179966304181345
3250,0.32857142857142857,1.0,1.0,0.0,0.0,0.6666666666666666,0.5328947368421053,0.32542783991375823,0.0,0.0,0.0,0.0,0.0,0.0,0.08219447062519634,0.3380281690140845,0.2857142857142857,0.15447745953949046
3251,0.7142857142857143,0.0,1.0,1.0,1.0,0.6666666666666666,0.14473684210526314,0.28513677401967386,1.0,1.0,1.0,1.0,0.0,1.0,0.02616843155735433,0.028169014084507043,0.8571428571428571,0.05772049974837538
3252,0.8142857142857143,1.0,1.0,1.0,0.5,1.0,0.10526315789473684,0.27516507209270985,1.0,0.0,0.0,1.0,0.0,0.5,0.020215151613637107,0.056338028169014086,0.7142857142857142,0.0650686679940777
3253,0.45714285714285713,0.0,0.0,1.0,0.0,0.0,0.2828947368421052,0.27678210483762294,0.0,0.0,0.0,0.0,0.0,0.5,0.04586867734841344,0.4647887323943662,0.14285714285714285,0.19742686475723695
3254,0.21428571428571427,1.0,1.0,1.0,0.0,0.3333333333333333,0.256578947368421,0.1238377577145937,1.0,0.0,1.0,0.0,0.0,0.5,0.04176484448633365,0.22535211267605634,0.7142857142857142,0.029234951753714197
3255,0.3,1.0,0.0,0.0,0.0,0.6666666666666666,0.6513157894736842,0.3468535237838566,0.0,0.0,1.0,1.0,0.0,0.5,0.09767800531231258,0.3098591549295775,0.42857142857142855,0.12333435441874713
3256,0.8,1.0,1.0,0.0,0.5,0.6666666666666666,0.30263157894736836,0.5026276782104837,1.0,0.0,1.0,1.0,0.0,0.5,0.04871273376655588,0.056338028169014086,0.7142857142857142,0.11893092357175677
3257,0.8714285714285714,1.0,1.0,1.0,0.0,0.6666666666666666,0.5723684210526315,0.8823608678075731,1.0,1.0,0.0,1.0,0.0,0.5,0.08655863306071569,0.8732394366197184,0.8571428571428571,0.17893792530030853
3258,1.0,1.0,1.0,1.0,1.0,0.0,0.5855263157894737,0.9999999999999999,0.0,0.0,0.0,0.0,0.0,0.0,0.08550264831211586,0.028169014084507043,0.42857142857142855,0.35532815132485834
3259,0.9857142857142858,1.0,0.0,1.0,0.0,0.0,0.10526315789473684,0.33445627273952294,1.0,1.0,0.0,1.0,0.0,1.0,0.02041201023293389,0.9859154929577465,0.7142857142857142,0.07910859243375709
3260,0.41428571428571426,0.0,0.0,0.0,0.0,0.0,0.4736842105263158,0.36841396038269775,1.0,1.0,1.0,1.0,0.0,0.5,0.07313854853911403,0.4225352112676056,0.5714285714285714,0.10468678204931843
3261,0.3142857142857143,0.0,0.0,1.0,0.0,0.6666666666666666,0.18421052631578946,0.14661096887211966,1.0,0.0,1.0,0.0,0.0,0.5,0.031963283202884885,0.323943661971831,0.42857142857142855,0.05220937356409864
3262,0.44285714285714284,0.0,1.0,0.0,0.5,0.3333333333333333,0.06578947368421054,0.12680231774693437,0.0,1.0,1.0,0.0,0.0,0.0,0.014932846371347785,0.028169014084507043,0.42857142857142855,0.0451734568846684
3263,0.8,0.0,1.0,0.0,0.0,1.0,0.5789473684210527,0.8213178816871041,1.0,1.0,1.0,0.0,0.0,0.5,0.08781850951601436,0.8028169014084507,0.5714285714285714,0.23338183489048858
3264,0.11428571428571427,1.0,0.0,1.0,0.0,0.3333333333333333,0.19736842105263155,0.05740466244441449,0.0,1.0,1.0,0.0,0.0,0.5,0.03288302440046078,0.1267605633802817,0.5714285714285714,0.016311839485372952
3265,0.42857142857142855,1.0,0.0,0.0,1.0,0.6666666666666666,0.2302631578947368,0.2267888424740601,1.0,0.0,1.0,0.0,0.0,0.5,0.038399562190264816,0.014084507042253521,0.42857142857142855,0.08068808393322102
3266,1.0,1.0,0.0,0.0,0.0,0.3333333333333333,0.21710526315789472,0.5018191618380272,0.0,1.0,0.0,0.0,0.0,0.5,0.03642590699711938,1.0,0.2857142857142857,0.23801500995558278
3267,0.11428571428571427,0.0,1.0,0.0,0.0,0.0,0.13815789473684212,0.046624444144993935,0.0,1.0,1.0,1.0,0.0,0.0,0.024505183788878414,0.1267605633802817,0.5714285714285714,0.01324858324398836
3268,0.17142857142857143,1.0,0.0,0.0,0.5,0.0,0.2894736842105263,0.1084759466379194,1.0,1.0,0.0,0.0,0.0,0.5,0.046182846371347785,0.014084507042253521,0.42857142857142855,0.03866403737172615
3269,0.8142857142857143,1.0,1.0,1.0,0.5,0.6666666666666666,0.2828947368421052,0.4919822126398059,1.0,0.0,0.0,1.0,0.0,0.5,0.04636159771198284,0.056338028169014086,0.7142857142857142,0.11641011895645072
3270,0.028571428571428574,1.0,1.0,1.0,0.0,0.3333333333333333,0.26973684210526316,0.023851232987467996,1.0,1.0,0.0,1.0,0.0,0.5,0.04681118441721646,0.04225352112676056,0.8571428571428571,0.004687876069404634
3271,0.4857142857142857,1.0,1.0,0.0,0.0,0.6666666666666666,0.6052631578947368,0.5264789111979518,0.0,0.0,0.0,1.0,0.0,1.0,0.09239262151608994,0.49295774647887325,0.42857142857142855,0.18713623832133558
3272,0.2857142857142857,0.0,1.0,0.0,1.0,0.6666666666666666,0.2236842105263158,0.1493060234469748,1.0,1.0,1.0,0.0,0.0,0.0,0.0371617072842332,0.0,0.5714285714285714,0.0424260989431766
3273,0.9,1.0,0.0,0.0,0.0,1.0,0.02631578947368421,0.19754750033688181,1.0,0.0,0.0,0.0,0.0,0.5,0.008600377002827522,0.9014084507042254,0.2857142857142857,0.09391433093378261
3274,0.7285714285714286,1.0,0.0,1.0,0.5,1.0,0.11842105263157895,0.2618245519471769,1.0,1.0,0.0,0.0,0.0,0.5,0.022275792068440513,0.056338028169014086,0.5714285714285714,0.07439883596262827
3275,0.4714285714285714,0.0,0.0,0.0,0.0,0.0,0.48026315789473684,0.4186767282037461,1.0,0.0,1.0,0.0,0.0,0.5,0.0733215057936464,0.47887323943661975,0.2857142857142857,0.19863940368611832
3276,0.4857142857142857,0.0,1.0,1.0,0.0,0.6666666666666666,0.39473684210526316,0.37191753133000943,1.0,0.0,1.0,1.0,0.0,1.0,0.061505318432745384,0.49295774647887325,0.7142857142857142,0.08797927196609996
3277,0.19999999999999998,1.0,1.0,1.0,0.0,1.0,0.631578947368421,0.23190944616628487,0.0,1.0,0.0,1.0,0.0,0.5,0.0958215519949733,0.2112676056338028,0.7142857142857142,0.05482590493694798
3278,0.07142857142857142,0.0,0.0,1.0,0.0,1.0,0.4605263157894737,0.06980191348874813,0.0,0.0,0.0,0.0,1.0,0.5,0.07037386113729187,0.08450704225352113,0.14285714285714285,0.05039056517077654
3279,0.44285714285714284,1.0,1.0,1.0,0.5,0.3333333333333333,0.13157894736842105,0.17005794367335939,1.0,0.0,1.0,1.0,0.0,0.5,0.02438737040527804,0.028169014084507043,0.8571428571428571,0.03436317090781787
3280,0.7285714285714286,0.0,0.0,1.0,0.0,0.3333333333333333,0.08552631578947367,0.2223420024255491,0.0,1.0,1.0,1.0,0.0,0.5,0.016965127238454288,0.7323943661971831,0.5714285714285714,0.0631796599785572
3281,0.3857142857142857,1.0,1.0,0.0,0.0,0.3333333333333333,0.3486842105263158,0.2697749629429996,0.0,0.0,0.0,0.0,0.0,0.0,0.054665409990574926,0.3943661971830986,0.2857142857142857,0.12812069229591055
3282,0.9,0.0,1.0,1.0,1.0,1.0,0.4407894736842105,0.7443740735749899,0.0,0.0,1.0,0.0,0.0,0.0,0.06836121583411875,0.028169014084507043,0.42857142857142855,0.26453132179506816
3283,0.2571428571428571,1.0,1.0,1.0,0.0,0.6666666666666666,0.11184210526315788,0.09149710281633201,0.0,1.0,0.0,1.0,0.0,0.5,0.021181606230467782,0.26760563380281693,0.7142857142857142,0.021576811150252718
3284,0.19999999999999998,0.0,0.0,1.0,1.0,0.3333333333333333,0.4013157894736842,0.16197277994879394,0.0,1.0,1.0,0.0,0.0,0.5,0.06321080741438893,0.0,0.42857142857142855,0.05766579874406494
3285,0.07142857142857142,1.0,1.0,1.0,1.0,0.6666666666666666,0.5723684210526315,0.08287292817679556,0.0,0.0,0.0,0.0,1.0,0.5,0.08561105874960728,0.0,0.42857142857142855,0.029569995405115637
3286,0.5285714285714286,1.0,1.0,0.0,1.0,0.6666666666666666,0.48026315789473684,0.47217356151462064,0.0,0.0,1.0,1.0,0.0,0.5,0.074061213353837,0.014084507042253521,0.5714285714285714,0.13417062337264513
3287,0.35714285714285715,1.0,0.0,1.0,1.0,0.6666666666666666,0.4407894736842105,0.29942056326640615,1.0,0.0,1.0,1.0,0.0,1.0,0.06786050895381715,0.014084507042253521,0.7142857142857142,0.07081227344667382
3288,0.7142857142857143,0.0,1.0,1.0,0.0,0.6666666666666666,0.5197368421052632,0.6806360328796658,1.0,0.0,0.0,1.0,0.0,0.5,0.08040878934042986,0.7183098591549296,0.5714285714285714,0.19340634094041967
3289,0.7428571428571429,1.0,0.0,0.0,1.0,0.3333333333333333,0.07236842105263158,0.21493060234469746,1.0,1.0,1.0,1.0,0.0,1.0,0.015417992993438018,0.028169014084507043,0.7142857142857142,0.0508053811201307
3290,0.7857142857142857,1.0,1.0,0.0,1.0,1.0,0.13815789473684212,0.30184611238377573,0.0,1.0,1.0,1.0,0.0,0.5,0.02474081055607917,0.028169014084507043,0.7142857142857142,0.07138663399193343
3291,0.8285714285714286,0.0,1.0,0.0,1.0,0.3333333333333333,0.02631578947368421,0.18703678749494676,1.0,0.0,0.0,0.0,0.0,0.5,0.00920142494289046,0.028169014084507043,0.2857142857142857,0.08893653954153265
3292,0.9857142857142858,1.0,0.0,0.0,0.0,0.6666666666666666,0.09868421052631579,0.32475407627004443,0.0,0.0,1.0,0.0,0.0,0.0,0.019442574390736496,0.9859154929577465,0.2857142857142857,0.1541583703476796
3293,0.8142857142857143,1.0,1.0,0.0,1.0,1.0,0.6052631578947368,0.8691551003907828,1.0,1.0,1.0,0.0,0.0,0.5,0.09184568884266632,0.028169014084507043,0.7142857142857142,0.2057231837443202
3294,0.17142857142857143,1.0,1.0,1.0,0.5,0.3333333333333333,0.1513157894736842,0.07128419350491846,0.0,0.0,1.0,1.0,0.0,0.5,0.02617269629522221,0.014084507042253521,0.7142857142857142,0.016790473273089294
3295,0.6,1.0,1.0,0.0,0.5,0.3333333333333333,0.4407894736842105,0.49723756906077343,1.0,0.0,0.0,1.0,0.0,1.0,0.06799202156806873,0.04225352112676056,0.5714285714285714,0.1412926941338643
3296,0.7142857142857143,0.0,1.0,0.0,0.0,0.0,0.4605263157894737,0.608947581188519,0.0,0.0,0.0,0.0,0.0,0.0,0.07057714697566113,0.7183098591549296,0.14285714285714285,0.4333933221013938
3297,0.2571428571428571,0.0,1.0,1.0,0.0,0.6666666666666666,0.4276315789473685,0.21479584961595471,0.0,1.0,0.0,0.0,0.0,0.5,0.06657076243861303,0.26760563380281693,0.42857142857142855,0.07642824322254557
3298,0.2857142857142857,1.0,1.0,0.0,1.0,0.0,0.368421052631579,0.2133135695997844,1.0,1.0,0.0,0.0,0.0,0.5,0.058480319554777616,0.0,0.5714285714285714,0.06061418287639761
3299,0.32857142857142857,0.0,0.0,0.0,0.0,0.6666666666666666,0.3223684210526315,0.2192426896644657,1.0,0.0,1.0,1.0,0.0,0.5,0.05124882186616399,0.3380281690140845,0.42857142857142855,0.0780077347220095
3300,0.35714285714285715,1.0,0.0,1.0,0.0,1.0,0.2763157894736842,0.21627812963212503,0.0,0.0,1.0,0.0,0.0,0.5,0.04549409120568404,0.36619718309859156,0.42857142857142855,0.07695474038903355
3301,0.6285714285714286,1.0,1.0,1.0,1.0,0.0,0.6052631578947368,0.6747069128149844,1.0,1.0,0.0,0.0,0.0,0.5,0.0919677453136454,0.014084507042253521,0.7142857142857142,0.15967861336600808
3302,0.3857142857142857,1.0,1.0,0.0,0.0,0.0,0.006578947368421045,0.07573103355342944,0.0,0.0,0.0,1.0,0.0,0.5,0.006193617880705535,0.3943661971830986,0.42857142857142855,0.027033236330219024
3303,0.39999999999999997,1.0,1.0,1.0,0.0,0.0,0.0394736842105263,0.09809998652472711,0.0,1.0,0.0,0.0,0.0,0.5,0.010920081900614251,0.4084507042253521,0.5714285714285714,0.027875631796599788
3304,0.22857142857142856,0.0,1.0,1.0,0.0,0.0,0.32894736842105265,0.1599514890176526,0.0,1.0,0.0,0.0,0.0,0.5,0.05339025336807672,0.23943661971830987,0.42857142857142855,0.056947848062490425
3305,0.9571428571428572,0.0,1.0,0.0,0.0,0.6666666666666666,0.2236842105263158,0.48497507074518253,0.0,1.0,1.0,1.0,0.0,0.5,0.03688251926595332,0.9577464788732395,0.5714285714285714,0.13780824015928933
3306,0.6142857142857143,1.0,1.0,1.0,0.0,1.0,0.26973684210526316,0.3581727529982482,0.0,1.0,0.0,0.0,0.0,0.5,0.04404078485134093,0.619718309859155,0.5714285714285714,0.10177668862000307
3307,0.8571428571428572,0.0,1.0,1.0,0.0,0.6666666666666666,0.6578947368421053,0.9823473925346987,0.0,0.0,0.0,0.0,0.0,0.5,0.09965853432425334,0.8591549295774648,0.2857142857142857,0.46558942155511307
3308,0.9571428571428572,1.0,1.0,0.0,0.0,0.6666666666666666,0.5131578947368421,0.8942191079369357,0.0,0.0,1.0,1.0,0.0,0.5,0.07897654820646449,0.9577464788732395,0.5714285714285714,0.2540971052228519
3309,0.34285714285714286,0.0,1.0,0.0,0.5,0.6666666666666666,0.5789473684210527,0.3615415712168171,1.0,1.0,1.0,1.0,0.0,1.0,0.08848256361922714,0.028169014084507043,0.7142857142857142,0.08552228518915607
3310,0.9428571428571428,0.0,0.0,1.0,1.0,0.6666666666666666,0.24342105263157895,0.5104433364775637,1.0,0.0,0.0,1.0,0.0,0.5,0.040288660373908027,0.028169014084507043,0.42857142857142855,0.1814404962475111
3311,0.014285714285714285,1.0,0.0,0.0,0.0,1.0,0.15789473684210528,0.00997170192696402,1.0,0.0,0.0,1.0,0.0,0.5,0.028275212064090477,0.028169014084507043,0.42857142857142855,0.00367590748966151
3312,0.6857142857142857,1.0,1.0,1.0,0.0,0.3333333333333333,0.506578947368421,0.6376499124107263,0.0,1.0,0.0,0.0,0.0,0.0,0.07809344284367847,0.6901408450704225,0.5714285714285714,0.18119160667789863
3313,0.9857142857142858,0.0,0.0,1.0,0.0,0.6666666666666666,0.5328947368421053,0.9491982212639806,1.0,0.0,0.0,0.0,0.0,1.0,0.08183654234549616,0.9859154929577465,0.2857142857142857,0.44989023331801703
3314,0.35714285714285715,0.0,1.0,1.0,1.0,1.0,0.36184210526315785,0.26290257377711895,0.0,0.0,0.0,0.0,0.0,0.0,0.05803668527513957,0.014084507042253521,0.2857142857142857,0.12486598253943942
3315,0.3714285714285714,0.0,0.0,0.0,1.0,0.0,0.5921052631578947,0.3985985716210753,1.0,0.0,1.0,0.0,0.0,0.5,0.0905504939435194,0.014084507042253521,0.2857142857142857,0.18913054577015367
3316,0.24285714285714283,0.0,1.0,1.0,0.0,0.6666666666666666,0.6381578947368421,0.2816332030723622,0.0,0.0,0.0,1.0,0.0,0.0,0.09697350507906587,0.2535211267605634,0.42857142857142855,0.10016847909327616
3317,0.7571428571428571,1.0,0.0,1.0,0.0,0.3333333333333333,0.3157894736842105,0.48632259803261013,1.0,1.0,0.0,0.0,0.0,0.0,0.05004014381959716,0.7605633802816901,0.5714285714285714,0.1381911471894624
3318,0.0,1.0,1.0,0.0,0.5,0.6666666666666666,0.1513157894736842,0.004446840048510982,1.0,1.0,0.0,1.0,0.0,0.5,0.031102733270499526,0.0,0.7142857142857142,0.0009636493592689028
3319,0.8571428571428572,1.0,1.0,1.0,0.5,0.3333333333333333,0.3421052631578947,0.5868481336747069,1.0,0.0,0.0,1.0,0.0,0.0,0.05431003847282953,0.07042253521126761,0.7142857142857142,0.13887399805993772
3320,0.028571428571428574,1.0,1.0,0.0,0.0,0.6666666666666666,0.6513157894736842,0.04756771324619323,1.0,0.0,0.0,0.0,1.0,0.0,0.10210493245366006,0.04225352112676056,0.42857142857142855,0.017029790166947466
3321,0.9571428571428572,1.0,1.0,1.0,0.5,0.6666666666666666,0.19736842105263155,0.44953510308583744,1.0,1.0,1.0,0.0,0.0,0.5,0.03323723457337695,0.07042253521126761,0.8571428571428571,0.09108811237774325
3322,0.5714285714285715,1.0,1.0,0.0,0.5,0.6666666666666666,0.4078947368421053,0.45061312491577954,0.0,1.0,0.0,0.0,0.0,1.0,0.06399852876945358,0.04225352112676056,0.42857142857142855,0.16018915607290551
3323,0.5142857142857143,1.0,1.0,1.0,1.0,0.6666666666666666,0.4605263157894737,0.44616628486726856,1.0,0.0,0.0,0.0,0.0,0.0,0.07150317140892071,0.014084507042253521,0.5714285714285714,0.1267805176903048
3324,0.7142857142857143,1.0,0.0,1.0,0.0,0.3333333333333333,0.14473684210526314,0.28338498854601807,0.0,1.0,0.0,0.0,0.0,0.0,0.02592818465746336,0.7183098591549296,0.42857142857142855,0.1007907030173074
3325,0.19999999999999998,1.0,1.0,1.0,1.0,0.6666666666666666,0.38815789473684215,0.15793019808651124,1.0,1.0,1.0,0.0,0.0,0.5,0.061325793276782906,0.0,0.8571428571428571,0.0319016257138481
3326,0.09999999999999999,0.0,1.0,0.0,0.0,0.0,0.21052631578947364,0.05295782239590351,1.0,1.0,1.0,1.0,0.0,0.5,0.034754948162111214,0.11267605633802817,0.7142857142857142,0.01245086026446112
3327,0.5285714285714286,0.0,1.0,0.0,0.5,0.6666666666666666,0.5657894736842105,0.537932893141086,0.0,1.0,0.0,0.0,0.0,1.0,0.08616498834267572,0.04225352112676056,0.2857142857142857,0.25511819063664676
3328,0.7857142857142857,0.0,0.0,1.0,0.0,0.3333333333333333,0.4736842105263158,0.6869694111305753,1.0,1.0,0.0,1.0,0.0,1.0,0.07284233203177595,0.7887323943661972,0.5714285714285714,0.19520600398223312
3329,0.6571428571428571,1.0,0.0,0.0,0.0,0.0,0.5460526315789473,0.6488343888963751,0.0,0.0,0.0,1.0,0.0,0.5,0.08364248902079531,0.6619718309859155,0.2857142857142857,0.3076402716087201
3330,0.12857142857142856,0.0,0.0,1.0,0.5,1.0,0.13157894736842105,0.04918474599110632,0.0,1.0,0.0,1.0,0.0,0.5,0.022525918944392077,0.0,0.42857142857142855,0.017604150712207077
3331,0.6857142857142857,1.0,1.0,0.0,0.0,0.6666666666666666,0.02631578947368421,0.15442662713919955,1.0,0.0,0.0,1.0,0.0,0.0,0.009117313277808767,0.6901408450704225,0.5714285714285714,0.043881145657834277
3332,0.5714285714285715,1.0,1.0,0.0,0.0,0.0,0.5657894736842105,0.579571486322598,0.0,0.0,1.0,0.0,0.0,0.5,0.08599802303395325,0.5774647887323944,0.42857142857142855,0.20599440955735948
3333,0.41428571428571426,0.0,1.0,0.0,0.0,1.0,0.256578947368421,0.2355477698423393,1.0,0.0,1.0,1.0,0.0,1.0,0.04216148287778825,0.4225352112676056,0.5714285714285714,0.06693214887425333
3334,0.05714285714285714,0.0,1.0,0.0,0.0,0.6666666666666666,0.11842105263157895,0.023042716615011453,0.0,0.0,1.0,1.0,0.0,0.5,0.021677662582469365,0.07042253521126761,0.42857142857142855,0.008318655230510032
3335,1.0,1.0,1.0,0.0,0.0,0.0,0.06578947368421054,0.27745586848133674,0.0,0.0,1.0,0.0,0.0,0.5,0.014323452496316256,1.0,0.42857142857142855,0.0986847143513555
3336,0.42857142857142855,1.0,1.0,1.0,1.0,0.3333333333333333,0.3421052631578947,0.2951084759466379,0.0,1.0,0.0,0.0,0.0,0.0,0.053814113283268974,0.014084507042253521,0.5714285714285714,0.08385663960790321
3337,0.7285714285714286,0.0,1.0,0.0,0.0,0.3333333333333333,0.10526315789473684,0.244576202668104,1.0,1.0,0.0,0.0,0.0,0.5,0.019955774668310007,0.7323943661971831,0.42857142857142855,0.08700604993107673
3338,0.3142857142857143,1.0,1.0,0.0,0.0,1.0,0.375,0.2355477698423393,1.0,1.0,1.0,0.0,0.0,1.0,0.059009138220710564,0.323943661971831,0.7142857142857142,0.055687445754837396
3339,0.6714285714285715,1.0,1.0,0.0,0.0,1.0,0.48026315789473684,0.600053901091497,0.0,1.0,1.0,1.0,0.0,0.5,0.07451696512723845,0.676056338028169,0.7142857142857142,0.1420010721396845
3340,0.5571428571428572,1.0,0.0,1.0,0.0,0.3333333333333333,0.35526315789473684,0.3949602479450209,0.0,0.0,0.0,1.0,0.0,0.5,0.05619698397737982,0.5633802816901409,0.42857142857142855,0.14042158064022056
3341,0.07142857142857142,0.0,1.0,1.0,0.0,1.0,0.5986842105263158,0.08772402641153482,0.0,0.0,0.0,0.0,1.0,0.0,0.09126610116242538,0.08450704225352113,0.2857142857142857,0.04190279266860673
3342,0.5285714285714286,1.0,0.0,1.0,0.0,1.0,0.10526315789473684,0.18083816197277994,1.0,1.0,1.0,0.0,0.0,0.5,0.0204375217024654,0.5352112676056339,0.7142857142857142,0.042732424567315054
3343,0.5714285714285715,0.0,1.0,0.0,0.0,0.3333333333333333,0.32894736842105265,0.38027220051206034,0.0,0.0,0.0,1.0,0.0,0.5,0.05199880462518103,0.5774647887323944,0.2857142857142857,0.18045131975289733
3344,0.3714285714285714,1.0,1.0,1.0,0.0,0.6666666666666666,0.11184210526315788,0.12976687777927504,0.0,0.0,1.0,0.0,0.0,0.5,0.02090969385974098,0.38028169014084506,0.5714285714285714,0.03687394700566703
3345,0.9714285714285714,1.0,1.0,1.0,0.5,0.6666666666666666,0.5789473684210527,0.9987872254413152,1.0,1.0,1.0,0.0,0.0,0.0,0.08824051687634032,0.07042253521126761,0.8571428571428571,0.20256875916241823
3346,0.8,1.0,0.0,1.0,0.5,0.0,0.618421052631579,0.867403314917127,0.0,0.0,0.0,1.0,0.0,1.0,0.09347355192883246,0.056338028169014086,0.42857142857142855,0.3082305866135702
3347,0.22857142857142856,1.0,1.0,1.0,0.0,0.6666666666666666,0.26315789473684215,0.1348874814714998,1.0,0.0,0.0,0.0,0.0,1.0,0.043078117203526084,0.23943661971830987,0.5714285714285714,0.03832899372032471
3348,1.0,1.0,0.0,1.0,0.0,0.6666666666666666,0.20394736842105263,0.48160625252661365,1.0,1.0,0.0,0.0,0.0,0.5,0.03443469487992991,1.0,0.5714285714285714,0.13685097258385664
3349,0.6571428571428571,1.0,1.0,1.0,1.0,1.0,0.18421052631578946,0.30184611238377573,1.0,0.0,0.0,1.0,0.0,0.5,0.03200513365552369,0.014084507042253521,0.7142857142857142,0.07138663399193343
3350,0.17142857142857143,0.0,1.0,0.0,0.0,1.0,0.5657894736842105,0.186902034766204,0.0,0.0,1.0,1.0,0.0,0.5,0.08837816283622127,0.18309859154929578,0.42857142857142855,0.06652052381681728
3351,0.14285714285714285,1.0,0.0,0.0,1.0,0.3333333333333333,0.45394736842105265,0.12855410322059022,0.0,1.0,0.0,0.0,1.0,0.5,0.06974552309142318,0.0,0.2857142857142857,0.06123959769234697
3352,0.32857142857142857,1.0,1.0,1.0,0.0,0.6666666666666666,0.5855263157894737,0.34671877105511384,0.0,0.0,0.0,0.0,0.0,0.5,0.08839930882814954,0.3380281690140845,0.42857142857142855,0.1232864910399755
3353,0.04285714285714286,0.0,0.0,0.0,0.0,0.6666666666666666,0.07894736842105263,0.015092305619188787,1.0,0.0,0.0,1.0,0.0,0.5,0.01649387370405278,0.056338028169014086,0.2857142857142857,0.00750497779139225
3354,0.6428571428571429,1.0,1.0,0.0,0.5,0.6666666666666666,0.3157894736842105,0.4192157391187171,1.0,1.0,0.0,0.0,0.0,1.0,0.050833913863049626,0.04225352112676056,0.5714285714285714,0.11912237708684331
3355,0.24285714285714283,0.0,1.0,1.0,1.0,0.0,0.44736842105263164,0.21277455868481335,0.0,0.0,1.0,1.0,0.0,0.5,0.07021677662582469,0.0,0.5714285714285714,0.06046102006432839
3356,0.6,0.0,0.0,1.0,0.0,0.0,0.5921052631578947,0.6365718905807842,0.0,0.0,0.0,1.0,0.0,0.5,0.09065602875742498,0.6056338028169014,0.2857142857142857,0.30183284831776175
3357,0.45714285714285713,0.0,0.0,0.0,0.0,1.0,0.256578947368421,0.25710820644118043,0.0,0.0,0.0,1.0,0.0,0.5,0.04169879758946677,0.4647887323943662,0.14285714285714285,0.18345075815591974
3358,0.12857142857142856,1.0,1.0,1.0,0.0,0.6666666666666666,0.21052631578947364,0.06818488074383505,1.0,0.0,1.0,0.0,0.0,0.5,0.03581526861451461,0.14084507042253522,0.7142857142857142,0.016056568131924236
3359,0.8285714285714286,1.0,0.0,0.0,1.0,0.0,0.6052631578947368,0.8816871041638592,0.0,0.0,1.0,0.0,0.0,0.5,0.09155098324254382,0.028169014084507043,0.2857142857142857,0.41791749629856534
3360,0.42857142857142855,1.0,1.0,1.0,0.5,1.0,0.032894736842105254,0.10106454655706777,0.0,1.0,1.0,0.0,0.0,0.5,0.010033139764677266,0.028169014084507043,0.7142857142857142,0.023842344412110073
3361,0.3857142857142857,1.0,0.0,1.0,0.0,0.6666666666666666,0.3157894736842105,0.2530656245788977,0.0,0.0,0.0,0.0,0.0,0.5,0.05049145011444728,0.3943661971830986,0.2857142857142857,0.12020728033900036
3362,0.8428571428571429,1.0,1.0,0.0,0.0,1.0,0.30263157894736836,0.5313300094326909,0.0,0.0,1.0,0.0,0.0,0.5,0.04896324222431668,0.8450704225352113,0.42857142857142855,0.1888593199571144
3363,0.028571428571428574,1.0,1.0,1.0,0.0,1.0,0.09868421052631579,0.01226249831559089,0.0,1.0,1.0,1.0,0.0,0.0,0.019792648444863337,0.04225352112676056,0.8571428571428571,0.0023357328840557514
3364,0.7714285714285715,0.0,1.0,0.0,0.0,0.3333333333333333,0.26315789473684215,0.4394286484301307,0.0,0.0,0.0,0.0,0.0,0.5,0.04292691286093737,0.7746478873239436,0.14285714285714285,0.31296906111196204
3365,0.1857142857142857,0.0,1.0,1.0,0.0,0.3333333333333333,0.48026315789473684,0.17113596550330143,0.0,0.0,1.0,0.0,0.0,0.5,0.07324626363269152,0.1971830985915493,0.42857142857142855,0.06092050850053607
3366,0.8142857142857143,0.0,1.0,1.0,0.5,0.0,0.24342105263157895,0.4423932084624713,0.0,1.0,1.0,1.0,0.0,0.0,0.040381552861646464,0.056338028169014086,0.7142857142857142,0.10466763669780978
3367,0.19999999999999998,0.0,1.0,1.0,0.0,0.3333333333333333,0.20394736842105263,0.9959574181377172,1.0,0.0,0.0,1.0,0.0,1.0,0.45208922400251333,0.2112676056338028,0.5714285714285714,0.283006586000919
3368,0.014285714285714285,0.0,1.0,1.0,0.0,0.0,0.5197368421052632,0.024255491173696266,0.0,0.0,1.0,0.0,1.0,0.5,0.07822808671065033,0.028169014084507043,0.42857142857142855,0.00874942563945474
3369,0.32857142857142857,1.0,0.0,1.0,0.5,0.3333333333333333,0.6513157894736842,0.38242824417194443,0.0,0.0,1.0,1.0,0.0,0.5,0.09880615771284951,0.028169014084507043,0.5714285714285714,0.10866901516311839
3370,0.9,0.0,1.0,1.0,0.0,0.6666666666666666,0.5131578947368421,0.8400485109823473,1.0,1.0,1.0,1.0,0.0,1.0,0.07881715362865221,0.9014084507042254,0.8571428571428571,0.17034986762356957
3371,1.0,0.0,1.0,1.0,0.0,1.0,0.5592105263157895,0.9997304945425144,0.0,0.0,1.0,0.0,0.0,0.5,0.08547609881722,1.0,0.42857142857142855,0.3552324245673151
3372,0.32857142857142857,0.0,1.0,0.0,0.0,0.0,0.618421052631579,0.36652742218029916,0.0,0.0,0.0,0.0,0.0,0.0,0.09417216462456802,0.3380281690140845,0.14285714285714285,0.26118088528105377
3373,0.3714285714285714,1.0,0.0,1.0,0.0,1.0,0.5328947368421053,0.3634281094192157,1.0,0.0,0.0,1.0,0.0,0.5,0.08143959227842357,0.38028169014084506,0.5714285714285714,0.10327002603767806
3374,0.5142857142857143,1.0,1.0,0.0,1.0,0.6666666666666666,0.6513157894736842,0.5894084355208192,0.0,0.0,0.0,0.0,0.0,1.0,0.09858114476399113,0.014084507042253521,0.2857142857142857,0.27949660489099915
3375,0.5428571428571429,1.0,1.0,1.0,0.5,0.6666666666666666,0.493421052631579,0.4964290526883169,1.0,0.0,1.0,0.0,0.0,0.5,0.07617390463761811,0.04225352112676056,0.7142857142857142,0.11746311328942667
3376,0.8857142857142858,1.0,1.0,1.0,0.0,0.6666666666666666,0.4407894736842105,0.7308988007007141,0.0,1.0,1.0,0.0,0.0,0.5,0.06815971754708795,0.8873239436619719,0.7142857142857142,0.1729846326645224
3377,0.35714285714285715,0.0,1.0,0.0,0.0,0.6666666666666666,0.4605263157894737,0.3130305888694246,1.0,0.0,0.0,0.0,0.0,1.0,0.0715217864133981,0.36619718309859156,0.2857142857142857,0.14860621841017002
3378,0.9142857142857143,1.0,1.0,1.0,0.0,0.6666666666666666,0.5986842105263158,0.9624039886807707,0.0,1.0,1.0,0.0,0.0,0.5,0.09056767925759443,0.9154929577464789,0.7142857142857142,0.22780415581763416
3379,0.04285714285714286,1.0,1.0,1.0,0.0,1.0,0.45394736842105265,0.044603153213852574,0.0,1.0,1.0,0.0,1.0,0.5,0.0680961357210179,0.056338028169014086,0.7142857142857142,0.010472507275233573
3380,0.39999999999999997,1.0,1.0,1.0,0.0,0.3333333333333333,0.506578947368421,0.3716480258725239,0.0,1.0,0.0,0.0,0.0,0.0,0.07689557671682538,0.4084507042253521,0.5714285714285714,0.1056057589217338
3381,0.0,1.0,1.0,0.0,0.0,0.0,0.14473684210526314,0.004312087319768225,0.0,0.0,0.0,1.0,0.0,1.0,0.030160226201696512,0.014084507042253521,0.42857142857142855,0.001665645581252872
3382,0.7000000000000001,0.0,1.0,0.0,0.0,0.3333333333333333,0.6052631578947368,0.9999999999999999,1.0,1.0,0.0,1.0,0.0,0.0,0.12695570216776625,0.7042253521126761,0.5714285714285714,0.2841553070914382
3383,0.14285714285714285,0.0,1.0,1.0,0.0,0.3333333333333333,0.29605263157894735,0.09580919013610024,0.0,1.0,0.0,0.0,0.0,0.0,0.04892468511695656,0.15492957746478875,0.42857142857142855,0.03416487976719253
3384,0.8285714285714286,0.0,1.0,1.0,0.5,1.0,0.11184210526315788,0.28459776310470286,1.0,1.0,1.0,1.0,0.0,0.0,0.02076710490582917,0.056338028169014086,0.8571428571428571,0.05761109773975451
3385,0.8714285714285714,1.0,0.0,0.0,1.0,0.6666666666666666,0.5263157894736842,0.8334456272739522,0.0,0.0,0.0,1.0,0.0,0.0,0.0810404061901432,0.028169014084507043,0.2857142857142857,0.3950707101649053
3386,0.49999999999999994,1.0,0.0,1.0,1.0,0.6666666666666666,0.23684210526315788,0.2665408974531734,0.0,0.0,0.0,1.0,0.0,0.5,0.038956958843858,0.014084507042253521,0.42857142857142855,0.09480778067085312
3387,0.7857142857142857,0.0,1.0,1.0,0.0,0.3333333333333333,0.12499999999999997,0.2875623231370435,0.0,1.0,1.0,0.0,0.0,0.5,0.022956779318702027,0.7887323943661972,0.5714285714285714,0.081712360238934
3388,0.2857142857142857,1.0,1.0,1.0,0.5,0.6666666666666666,0.17105263157894737,0.12599380137447783,0.0,0.0,0.0,0.0,0.0,0.5,0.029397244288855977,0.014084507042253521,0.42857142857142855,0.044886276612038596
3389,0.17142857142857143,0.0,1.0,1.0,0.5,0.0,0.02631578947368421,0.03813502223420024,1.0,1.0,0.0,1.0,0.0,0.5,0.008337562531718988,0.014084507042253521,0.7142857142857142,0.008940879154541278
3390,0.11428571428571427,0.0,1.0,1.0,1.0,0.6666666666666666,0.06578947368421054,0.03341867672820374,1.0,1.0,0.0,0.0,0.0,0.5,0.01424232903969002,0.0,0.5714285714285714,0.009496094348292234
3391,0.14285714285714285,1.0,1.0,0.0,0.0,0.3333333333333333,0.39473684210526316,0.11480932488882899,0.0,1.0,1.0,1.0,1.0,0.5,0.06100591208979522,0.15492957746478875,0.7142857142857142,0.027097054168581203
3392,0.9857142857142858,1.0,1.0,1.0,0.5,1.0,0.5723684210526315,0.9999999999999999,0.0,1.0,0.0,0.0,0.0,0.0,0.08691261613033525,0.07042253521126761,0.5714285714285714,0.2841553070914382
3393,0.0,1.0,0.0,1.0,0.0,0.3333333333333333,0.29605263157894735,0.008085163724565423,1.0,0.0,1.0,0.0,0.0,0.0,0.056550424128180954,0.014084507042253521,0.5714285714285714,0.002297442181038444
3394,0.9857142857142858,0.0,0.0,0.0,0.5,0.6666666666666666,0.4144736842105263,0.7788707721331356,1.0,1.0,0.0,0.0,0.0,1.0,0.06481755756025313,0.07042253521126761,0.2857142857142857,0.3692244856282228
3395,0.7857142857142857,1.0,1.0,1.0,0.0,0.6666666666666666,0.5328947368421053,0.7600053901091497,0.0,0.0,1.0,1.0,0.0,0.5,0.08196445401911942,0.7887323943661972,0.7142857142857142,0.17987695920763774
3396,0.42857142857142855,1.0,1.0,1.0,0.5,1.0,0.23684210526315788,0.23096617706508554,1.0,0.0,0.0,0.0,0.0,1.0,0.03934206925906783,0.028169014084507043,0.5714285714285714,0.06563026497166488
3397,0.5142857142857143,1.0,0.0,1.0,1.0,0.3333333333333333,0.4342105263157895,0.42352782643848536,0.0,1.0,0.0,1.0,0.0,1.0,0.06722367985327457,0.014084507042253521,0.5714285714285714,0.12034767958339715
3398,0.6571428571428571,1.0,0.0,0.0,0.0,1.0,0.23684210526315788,0.3503570947311683,0.0,1.0,0.0,0.0,0.0,0.5,0.03922433673571701,0.6619718309859155,0.2857142857142857,0.1662837596364936
3399,0.6571428571428571,1.0,0.0,1.0,0.0,0.3333333333333333,0.4276315789473685,0.5317342676189193,0.0,0.0,1.0,0.0,0.0,0.5,0.06621613491888423,0.6619718309859155,0.42857142857142855,0.18900291009342932
3400,0.9714285714285714,0.0,1.0,1.0,0.0,0.0,0.14473684210526314,0.3856623096617706,1.0,1.0,0.0,0.0,0.0,0.5,0.02608968842628638,0.971830985915493,0.5714285714285714,0.10958799203553378
3401,0.8142857142857143,1.0,1.0,0.0,0.0,0.0,0.6447368421052632,0.9176660827381754,1.0,1.0,1.0,1.0,0.0,0.5,0.09769573271799539,0.8169014084507042,0.8571428571428571,0.18610375686497604
3402,0.49999999999999994,0.0,1.0,0.0,0.0,1.0,0.05263157894736842,0.13259668508287292,0.0,1.0,0.0,0.0,0.0,0.0,0.012933291444130274,0.5070422535211268,0.2857142857142857,0.06315413284321234
3403,0.44285714285714284,0.0,1.0,0.0,0.0,0.6666666666666666,0.3355263157894737,0.3041369087724026,0.0,0.0,0.0,1.0,0.0,0.0,0.05369344957587181,0.4507042253521127,0.2857142857142857,0.1443942410782662
3404,0.9,0.0,1.0,1.0,1.0,0.6666666666666666,0.19078947368421054,0.4190809863899744,1.0,0.0,0.0,1.0,0.0,0.0,0.032811027332704995,0.028169014084507043,0.5714285714285714,0.119084086383826
3405,1.0,0.0,1.0,1.0,0.0,0.3333333333333333,0.4013157894736842,0.7633742083277186,1.0,1.0,0.0,0.0,0.0,0.0,0.06219219179355112,1.0,0.5714285714285714,0.2169168325930464
3406,0.5857142857142857,0.0,0.0,1.0,0.5,0.3333333333333333,0.2828947368421052,0.3527826438485379,1.0,1.0,0.0,1.0,0.0,0.5,0.04586867734841344,0.04225352112676056,0.5714285714285714,0.10024506049931077
3407,0.6714285714285715,1.0,0.0,1.0,1.0,0.0,0.20394736842105263,0.3275838835736423,0.0,1.0,1.0,1.0,0.0,0.0,0.034813854853911405,0.028169014084507043,0.7142857142857142,0.07748123755552153
3408,0.41428571428571426,1.0,1.0,0.0,1.0,0.6666666666666666,0.1644736842105263,0.18299420563266405,0.0,1.0,0.0,1.0,0.0,1.0,0.02990889098334904,0.014084507042253521,0.5714285714285714,0.05199877469750344
3409,0.2857142857142857,1.0,0.0,1.0,0.5,0.6666666666666666,0.12499999999999997,0.10618515024929254,1.0,1.0,0.0,1.0,0.0,0.0,0.022799694807234865,0.014084507042253521,0.7142857142857142,0.02505488334099147
3410,0.8428571428571429,1.0,1.0,0.0,0.0,0.3333333333333333,0.5197368421052632,0.7945020886672954,1.0,0.0,1.0,1.0,0.0,0.5,0.07964184731385485,0.8450704225352113,0.7142857142857142,0.18804564251799663
3411,0.17142857142857143,1.0,0.0,1.0,1.0,0.6666666666666666,0.1513157894736842,0.0702061716749764,0.0,1.0,1.0,0.0,0.0,1.0,0.025592691945189587,0.0,0.5714285714285714,0.019949456272017153
3412,0.0,0.0,1.0,1.0,0.0,0.3333333333333333,0.5131578947368421,0.010106454655706778,1.0,1.0,0.0,0.0,1.0,0.5,0.0706880301602262,0.014084507042253521,0.5714285714285714,0.0028718027262980552
3413,0.9142857142857143,1.0,1.0,0.0,1.0,0.6666666666666666,0.3223684210526315,0.5968198356016708,0.0,1.0,0.0,0.0,0.0,0.5,0.05122888421663162,0.028169014084507043,0.42857142857142855,0.21212092204012867
3414,0.45714285714285713,0.0,1.0,1.0,0.5,1.0,0.05263157894736842,0.11979517585231099,0.0,1.0,1.0,1.0,0.0,0.5,0.012595321737640303,0.028169014084507043,0.7142857142857142,0.028277684178281512
3415,0.5285714285714286,1.0,1.0,0.0,0.5,0.3333333333333333,0.11184210526315788,0.18501549656380542,0.0,0.0,0.0,0.0,0.0,0.5,0.021206409048067858,0.04225352112676056,0.2857142857142857,0.08797927196609996
3416,0.34285714285714286,0.0,1.0,0.0,0.0,0.6666666666666666,0.5921052631578947,0.3666621749090419,0.0,1.0,1.0,0.0,0.0,0.5,0.08991517436380773,0.35211267605633806,0.42857142857142855,0.13037027109817736
3417,0.35714285714285715,1.0,1.0,1.0,0.0,0.6666666666666666,0.4013157894736842,0.2810941921573912,0.0,1.0,0.0,0.0,0.0,0.0,0.06293047197853985,0.36619718309859156,0.5714285714285714,0.07987440649410324
3418,0.8285714285714286,1.0,0.0,1.0,1.0,0.3333333333333333,0.12499999999999997,0.30278938148497503,0.0,1.0,0.0,0.0,0.0,0.0,0.022923688876819122,0.028169014084507043,0.42857142857142855,0.10768302956042274
3419,0.45714285714285713,0.0,1.0,1.0,1.0,0.0,0.4671052631578947,0.4002156043659884,1.0,1.0,1.0,0.0,0.0,0.5,0.07203038871276382,0.014084507042253521,0.7142857142857142,0.09468014499412876
3420,0.5714285714285715,1.0,1.0,0.0,0.0,0.6666666666666666,0.5460526315789473,0.5617841261285541,1.0,0.0,1.0,0.0,0.0,0.5,0.0829636100319533,0.5774647887323944,0.5714285714285714,0.15963394087915456
3421,0.41428571428571426,1.0,1.0,1.0,1.0,0.0,0.2236842105263158,0.2142568387009837,0.0,1.0,0.0,1.0,0.0,1.0,0.0371976123154257,0.014084507042253521,0.7142857142857142,0.050645836524225246
3422,0.8,0.0,1.0,0.0,0.0,0.6666666666666666,0.368421052631579,0.5807842608812828,1.0,1.0,0.0,1.0,0.0,0.5,0.058303156571919895,0.8028169014084507,0.5714285714285714,0.16503293000459487
3423,0.6857142857142857,1.0,1.0,1.0,0.5,0.6666666666666666,0.19736842105263155,0.32448457081255894,0.0,1.0,0.0,0.0,0.0,0.5,0.03339167900902114,0.056338028169014086,0.5714285714285714,0.09220401286567621
3424,0.6714285714285715,1.0,0.0,0.0,0.5,1.0,0.05921052631578946,0.17949063468535237,1.0,0.0,0.0,1.0,0.0,0.0,0.013234370091109018,0.056338028169014086,0.42857142857142855,0.0638880379843774
3425,0.6857142857142857,1.0,1.0,0.0,0.0,0.6666666666666666,0.26315789473684215,0.3933432152001078,0.0,0.0,0.0,1.0,0.0,0.5,0.04322068129796687,0.6901408450704225,0.42857142857142855,0.13984722009496095
3426,0.6571428571428571,1.0,1.0,1.0,0.0,1.0,0.5,0.5988411265328123,0.0,0.0,0.0,0.0,0.0,0.0,0.07620269917981831,0.6619718309859155,0.42857142857142855,0.21283887272170318
3427,0.7857142857142857,1.0,0.0,1.0,0.5,0.0,0.30263157894736836,0.49562053631586034,0.0,1.0,0.0,0.0,0.0,1.0,0.048943045644270905,0.056338028169014086,0.42857142857142855,0.17617552458263133
3428,0.9142857142857143,1.0,1.0,1.0,0.0,0.6666666666666666,0.26973684210526316,0.5294434712302923,1.0,0.0,0.0,1.0,0.0,0.5,0.04397882984122381,0.9154929577464789,0.7142857142857142,0.1252807984887936
3429,0.15714285714285714,1.0,1.0,1.0,0.0,0.0,0.24342105263157895,0.09244037191753132,0.0,1.0,0.0,0.0,0.0,0.5,0.041784480050267046,0.16901408450704225,0.5714285714285714,0.026267422269872876
3430,0.9714285714285714,0.0,0.0,1.0,0.5,0.6666666666666666,0.30263157894736836,0.6102951084759466,1.0,0.0,0.0,0.0,0.0,0.0,0.048860112827657794,0.07042253521126761,0.2857142857142857,0.2893883698371369
3431,0.07142857142857142,0.0,1.0,1.0,1.0,0.6666666666666666,0.21052631578947364,0.04042581862282711,1.0,0.0,1.0,0.0,0.0,0.0,0.03612943763744895,0.0,0.5714285714285714,0.01148721090519222
3432,0.9142857142857143,1.0,1.0,0.0,0.0,1.0,0.4078947368421053,0.7110901495755289,1.0,0.0,0.0,0.0,0.0,0.0,0.06352497643732329,0.9154929577464789,0.42857142857142855,0.2527090672384745
3433,0.34285714285714286,1.0,0.0,0.0,0.0,0.3333333333333333,0.04605263157894737,0.08853254278399136,0.0,1.0,0.0,0.0,0.0,1.0,0.012101790763430726,0.35211267605633806,0.2857142857142857,0.0422856996987798
3434,0.0,1.0,1.0,0.0,0.0,0.6666666666666666,0.5328947368421053,0.01091497102816332,1.0,1.0,0.0,0.0,1.0,0.5,0.07634307257304429,0.014084507042253521,0.5714285714285714,0.003101546944401899
3435,0.44285714285714284,0.0,1.0,1.0,0.5,1.0,0.11842105263157895,0.15873871445896778,0.0,1.0,0.0,0.0,0.0,0.0,0.02191328934967012,0.028169014084507043,0.42857142857142855,0.05651707765354572
3436,0.028571428571428574,1.0,0.0,0.0,0.0,0.0,0.42105263157894735,0.031127880339576877,0.0,1.0,0.0,0.0,1.0,1.0,0.06377631165567076,0.04225352112676056,0.2857142857142857,0.01509930055649155
3437,0.6857142857142857,1.0,1.0,1.0,0.5,0.6666666666666666,0.29605263157894735,0.42608812828459774,0.0,0.0,1.0,0.0,0.0,0.5,0.04789474696570428,0.056338028169014086,0.5714285714285714,0.121075202940726
3438,0.2571428571428571,1.0,1.0,1.0,1.0,0.3333333333333333,0.5131578947368421,0.24942730090284326,0.0,1.0,0.0,0.0,0.0,0.5,0.07931941068505383,0.0,0.5714285714285714,0.070876091285036
3439,0.8428571428571429,0.0,0.0,1.0,0.0,0.3333333333333333,0.5460526315789473,0.8279207653954992,0.0,0.0,1.0,0.0,0.0,0.0,0.08353754319824065,0.8450704225352113,0.2857142857142857,0.3924541787920559
3440,0.39999999999999997,1.0,0.0,1.0,0.0,1.0,0.13815789473684212,0.15604365988411265,0.0,0.0,1.0,1.0,0.0,0.5,0.024895186713900355,0.4084507042253521,0.5714285714285714,0.044340634094041965
3441,0.7000000000000001,1.0,1.0,1.0,1.0,0.6666666666666666,0.44736842105263164,0.589543188249562,0.0,1.0,0.0,1.0,0.0,0.0,0.06953817153628652,0.028169014084507043,0.7142857142857142,0.1395121764435595
3442,0.014285714285714285,1.0,1.0,1.0,0.0,0.0,0.12499999999999997,0.008758927368279207,1.0,1.0,1.0,0.0,0.0,0.5,0.024033930254476907,0.028169014084507043,0.8571428571428571,0.0016246198280200428
3443,0.7857142857142857,1.0,0.0,0.0,0.5,1.0,0.08552631578947367,0.2424201590082199,1.0,0.0,1.0,1.0,0.0,0.5,0.01731856738925542,0.056338028169014086,0.5714285714285714,0.06888497472813601
3444,0.22857142857142856,0.0,0.0,1.0,1.0,1.0,0.618421052631579,0.2560301846112384,1.0,0.0,0.0,0.0,0.0,0.5,0.09292010866552088,0.0,0.2857142857142857,0.1216112727829683
3445,0.8428571428571429,1.0,1.0,0.0,1.0,0.6666666666666666,0.11184210526315788,0.29497372321789517,1.0,1.0,1.0,1.0,0.0,0.5,0.02141061891297518,0.028169014084507043,0.8571428571428571,0.05971708640570641
3446,0.49999999999999994,1.0,1.0,1.0,0.0,0.6666666666666666,0.1513157894736842,0.2050936531464762,1.0,1.0,1.0,0.0,0.0,0.0,0.027018535972353125,0.5070422535211268,0.8571428571428571,0.041474301468174955
3447,0.8571428571428572,0.0,1.0,1.0,0.0,0.6666666666666666,0.09210526315789472,0.26842743565557203,0.0,0.0,0.0,0.0,0.0,0.5,0.017799477758378267,0.8591549295774648,0.2857142857142857,0.12748251391228876
3448,0.22857142857142856,0.0,0.0,1.0,1.0,0.6666666666666666,0.3157894736842105,0.15159681983560166,0.0,0.0,0.0,0.0,0.0,0.0,0.04995287464655984,0.0,0.14285714285714285,0.10849670699954052
3449,0.6857142857142857,0.0,0.0,0.0,0.5,1.0,0.6052631578947368,0.7403314917127072,1.0,0.0,1.0,1.0,0.0,0.5,0.09275038950547232,0.056338028169014086,0.42857142857142855,0.26309542043191914
3450,0.8428571428571429,1.0,0.0,1.0,0.0,0.6666666666666666,0.1776315789473684,0.3723217895162377,0.0,0.0,1.0,0.0,0.0,0.0,0.030427269871190696,0.8450704225352113,0.42857142857142855,0.132380533006586
3451,0.2714285714285714,1.0,0.0,1.0,0.0,0.3333333333333333,0.36184210526315785,0.19902978035305213,0.0,0.0,0.0,1.0,0.0,0.5,0.057068803016022615,0.28169014084507044,0.42857142857142855,0.07082822790626436
3452,0.7000000000000001,1.0,1.0,1.0,0.0,0.0,0.2763157894736842,0.4099178008354669,1.0,1.0,1.0,0.0,0.0,0.5,0.04441093308199811,0.7042253521126761,0.8571428571428571,0.0830470647441087
3453,0.028571428571428574,0.0,1.0,1.0,1.0,0.3333333333333333,0.2236842105263158,0.020212909311413556,0.0,0.0,0.0,0.0,0.0,0.5,0.038328620797989314,0.0,0.2857142857142857,0.009930055649155051
3454,0.6,1.0,0.0,0.0,0.0,1.0,0.381578947368421,0.4468400485109823,0.0,0.0,0.0,0.0,0.0,0.5,0.05979440194638669,0.6056338028169014,0.14285714285714285,0.3182340327768418
3455,0.8,0.0,0.0,1.0,1.0,0.6666666666666666,0.368421052631579,0.5787629699501414,1.0,1.0,0.0,1.0,0.0,0.0,0.058055128395919114,0.028169014084507043,0.5714285714285714,0.16445856945933526
3456,0.7000000000000001,0.0,1.0,1.0,1.0,1.0,0.23684210526315788,0.37393882226115077,0.0,0.0,0.0,0.0,0.0,0.5,0.039377945334590006,0.028169014084507043,0.2857142857142857,0.1774518813498749
3457,0.9571428571428572,1.0,1.0,0.0,1.0,0.6666666666666666,0.5657894736842105,0.9621344832232852,1.0,1.0,1.0,1.0,0.0,0.5,0.08596218883406331,0.028169014084507043,0.8571428571428571,0.1951294225761985
3458,0.7000000000000001,1.0,0.0,1.0,0.5,0.6666666666666666,0.0394736842105263,0.16884516911467456,1.0,1.0,0.0,1.0,0.0,0.5,0.010688030160226202,0.056338028169014086,0.7142857142857142,0.03989253076019809
3459,0.5142857142857143,1.0,1.0,0.0,1.0,0.6666666666666666,1.0,0.14068184880743834,0.0,0.0,0.0,0.0,0.0,0.0,0.013755508571719692,0.014084507042253521,0.2857142857142857,0.06698320314494308
3460,0.6428571428571429,0.0,1.0,0.0,0.0,0.6666666666666666,0.6578947368421053,0.7372321789516237,0.0,1.0,0.0,0.0,0.0,1.0,0.09918862434946522,0.647887323943662,0.2857142857142857,0.3495047735743095
3461,0.5857142857142857,1.0,1.0,0.0,0.0,0.6666666666666666,0.493421052631579,0.5333513003638324,0.0,1.0,0.0,0.0,0.0,0.5,0.07593914097212871,0.5915492957746479,0.42857142857142855,0.18957727063868893
3462,0.19999999999999998,1.0,1.0,1.0,1.0,0.6666666666666666,0.5328947368421053,0.20253335130036382,1.0,1.0,0.0,1.0,0.0,1.0,0.08212378259503614,0.0,0.8571428571428571,0.04095464192722579
3463,0.45714285714285713,1.0,1.0,0.0,0.0,0.6666666666666666,0.4013157894736842,0.3562862147958496,0.0,1.0,0.0,0.0,0.0,0.0,0.0627195613058007,0.4647887323943662,0.42857142857142855,0.12668479093276153
3464,0.14285714285714285,0.0,0.0,1.0,0.0,0.6666666666666666,0.2763157894736842,0.09041908098638995,1.0,0.0,1.0,0.0,0.0,0.5,0.045497386684945594,0.15492957746478875,0.42857142857142855,0.032250344616327156
3465,0.2714285714285714,1.0,1.0,0.0,0.0,0.0,0.4144736842105263,0.2223420024255491,0.0,1.0,1.0,0.0,0.0,1.0,0.06522148916116871,0.28169014084507044,0.5714285714285714,0.0631796599785572
3466,0.32857142857142857,1.0,1.0,1.0,0.0,0.6666666666666666,0.06578947368421054,0.09432691011992991,1.0,1.0,1.0,0.0,0.0,0.0,0.014844486333647502,0.3380281690140845,0.8571428571428571,0.01899218869658447
3467,0.9,0.0,1.0,1.0,0.5,0.0,0.5,0.8233391726182454,0.0,1.0,1.0,0.0,0.0,0.0,0.07699104618284637,0.07042253521126761,0.5714285714285714,0.2339561954357482
3468,0.9142857142857143,0.0,0.0,0.0,0.5,1.0,0.36184210526315785,0.6478911197951758,0.0,0.0,0.0,0.0,0.0,1.0,0.05672442543319074,0.07042253521126761,0.0,0.922652779905039
3469,0.22857142857142856,0.0,0.0,1.0,0.0,1.0,0.631578947368421,0.9999999999999999,0.0,0.0,0.0,0.0,0.0,1.0,0.39901313965737095,0.23943661971830987,0.14285714285714285,0.711192372491959
3470,0.8571428571428572,1.0,0.0,0.0,1.0,0.6666666666666666,0.42105263157894735,0.6875084220455464,1.0,0.0,0.0,0.0,0.0,1.0,0.06585188733177794,0.028169014084507043,0.2857142857142857,0.3259559912186654
3471,0.19999999999999998,1.0,0.0,0.0,0.0,1.0,0.10526315789473684,0.0689933971162916,0.0,0.0,0.0,0.0,0.0,0.0,0.019855482249450204,0.2112676056338028,0.14285714285714285,0.049816204625516926
3472,0.7142857142857143,0.0,1.0,1.0,0.5,0.6666666666666666,0.3157894736842105,0.4669182050936531,0.0,1.0,1.0,1.0,0.0,0.5,0.051098667553732144,0.056338028169014086,0.7142857142857142,0.11047505998876807
3473,0.3714285714285714,1.0,1.0,1.0,0.0,1.0,0.0394736842105263,0.09230561918878856,0.0,0.0,0.0,0.0,0.0,0.5,0.011205361817991411,0.38028169014084506,0.42857142857142855,0.032920431919130036
3474,0.8571428571428572,1.0,1.0,1.0,0.5,1.0,0.493421052631579,0.7771189866594798,0.0,1.0,0.0,0.0,0.0,0.5,0.07612675947528623,0.07042253521126761,0.5714285714285714,0.22082248430081178
3475,0.8142857142857143,0.0,1.0,0.0,0.0,0.6666666666666666,0.3355263157894737,0.5461528095943943,1.0,1.0,0.0,0.0,0.0,0.5,0.05289414670610029,0.8169014084507042,0.42857142857142855,0.19412429162199418
3476,0.42857142857142855,0.0,0.0,1.0,0.0,0.6666666666666666,0.24342105263157895,0.23756906077348064,1.0,0.0,1.0,0.0,0.0,0.0,0.04083183849685324,0.4366197183098592,0.42857142857142855,0.08451715423495175
3477,0.15714285714285714,1.0,1.0,1.0,1.0,0.6666666666666666,0.6381578947368421,0.186363023851233,1.0,1.0,0.0,1.0,0.0,0.0,0.09652843229657555,0.0,0.8571428571428571,0.037672581668599436
3478,0.6428571428571429,1.0,0.0,0.0,0.0,0.6666666666666666,0.625,0.7055652876970758,0.0,1.0,0.0,0.0,0.0,0.5,0.09437364258492809,0.647887323943662,0.2857142857142857,0.3345075815591974
3479,0.42857142857142855,0.0,1.0,0.0,1.0,0.6666666666666666,0.631578947368421,0.4789111979517585,0.0,1.0,0.0,0.0,0.0,0.5,0.09528442431060168,0.014084507042253521,0.2857142857142857,0.22716597743401234
3480,0.44285714285714284,1.0,1.0,0.0,0.5,0.3333333333333333,0.1513157894736842,0.18232044198895028,1.0,0.0,1.0,1.0,0.0,0.5,0.027067624882186614,0.028169014084507043,0.7142857142857142,0.043083422678307046
3481,0.44285714285714284,1.0,1.0,0.0,0.0,0.6666666666666666,0.48026315789473684,0.39832906616358976,0.0,1.0,1.0,0.0,0.0,1.0,0.0742813383600377,0.4507042253521127,0.5714285714285714,0.11318731811916068
3482,0.7428571428571429,0.0,1.0,1.0,0.5,0.3333333333333333,0.625,0.814714997978709,1.0,0.0,1.0,0.0,0.0,0.5,0.09457080362064979,0.056338028169014086,0.5714285714285714,0.23150559044264052
3483,0.8571428571428572,0.0,1.0,1.0,0.0,0.0,0.381578947368421,0.6319902978035304,1.0,1.0,0.0,1.0,0.0,0.5,0.059486101883469034,0.8591549295774648,0.7142857142857142,0.1495634859856027
3484,0.6428571428571429,0.0,1.0,1.0,0.0,0.0,0.14473684210526314,0.2556259264250101,1.0,0.0,0.0,0.0,0.0,0.5,0.025959922960291766,0.647887323943662,0.42857142857142855,0.09093084699035074
3485,0.0857142857142857,1.0,1.0,0.0,1.0,0.3333333333333333,0.5394736842105263,0.09419215739118715,0.0,0.0,0.0,0.0,1.0,0.5,0.08280597818769356,0.0,0.2857142857142857,0.04496604890999132
3486,0.04285714285714286,1.0,1.0,0.0,0.0,0.3333333333333333,0.5789473684210527,0.055248618784530384,0.0,0.0,0.0,1.0,1.0,0.5,0.08671065032987747,0.056338028169014086,0.42857142857142855,0.01975800275693062
3487,0.7285714285714286,1.0,1.0,0.0,0.5,0.0,0.4671052631578947,0.6325293087185015,1.0,0.0,1.0,0.0,0.0,0.5,0.07213804103530776,0.056338028169014086,0.5714285714285714,0.17973655996324092
3488,0.42857142857142855,0.0,1.0,0.0,0.0,0.3333333333333333,0.19736842105263155,0.2060369222476755,0.0,0.0,0.0,0.0,0.0,1.0,0.03371743030008209,0.4366197183098592,0.14285714285714285,0.147170317047021
3489,0.49999999999999994,1.0,1.0,1.0,0.5,0.6666666666666666,0.13157894736842105,0.18555450747877644,1.0,1.0,0.0,1.0,0.0,0.5,0.02322232694522986,0.04225352112676056,0.8571428571428571,0.03750847865566812
3490,0.7571428571428571,1.0,1.0,1.0,0.0,0.0,0.4144736842105263,0.5968198356016708,1.0,0.0,1.0,1.0,0.0,0.5,0.06435228819771703,0.7605633802816901,0.8571428571428571,0.12098221123339824
3491,0.7571428571428571,0.0,1.0,1.0,0.0,0.3333333333333333,0.3223684210526315,0.49481201994340385,1.0,1.0,0.0,1.0,0.0,1.0,0.05113973539986734,0.7605633802816901,0.7142857142857142,0.1170802062592536
3492,0.22857142857142856,1.0,1.0,1.0,1.0,0.0,0.4407894736842105,0.19646947850693974,1.0,0.0,1.0,1.0,0.0,1.0,0.06841492487664246,0.0,0.8571428571428571,0.0397238693302409
3493,0.41428571428571426,1.0,1.0,0.0,0.0,0.3333333333333333,0.07894736842105263,0.12491577954453577,0.0,0.0,1.0,0.0,0.0,0.5,0.016368206094879045,0.4225352112676056,0.42857142857142855,0.04450336958186552
3494,0.3,1.0,1.0,1.0,0.5,0.6666666666666666,0.09210526315789472,0.10025603018461123,0.0,0.0,0.0,1.0,0.0,0.0,0.01927855368006169,0.014084507042253521,0.5714285714285714,0.028488283044876703
3495,0.6,0.0,1.0,0.0,0.0,1.0,0.24342105263157895,0.32381080716884514,1.0,1.0,0.0,0.0,0.0,0.5,0.03978256581110405,0.6056338028169014,0.42857142857142855,0.11514971664879767
3496,0.3714285714285714,0.0,1.0,0.0,0.0,0.3333333333333333,0.17105263157894737,0.16722813636976147,1.0,0.0,0.0,0.0,0.0,1.0,0.03061402590149056,0.38028169014084506,0.2857142857142857,0.07955531730229233
3497,0.5142857142857143,1.0,1.0,1.0,0.5,0.6666666666666666,0.4078947368421053,0.4046624444144994,1.0,1.0,1.0,1.0,0.0,0.5,0.06365743689023615,0.04225352112676056,1.0,0.07166583703476796
3498,0.6428571428571429,1.0,0.0,1.0,0.0,0.0,0.24342105263157895,0.3506266001886538,1.0,0.0,0.0,0.0,0.0,0.5,0.04040486825390321,0.647887323943662,0.42857142857142855,0.12467452902435289
3499,0.4857142857142857,1.0,1.0,1.0,0.0,0.6666666666666666,0.45394736842105265,0.4143646408839779,0.0,1.0,0.0,0.0,0.0,0.0,0.06998788205197252,0.49295774647887325,0.5714285714285714,0.11774391177822024
3500,0.04285714285714286,1.0,1.0,1.0,1.0,0.0,0.506578947368421,0.051071284193504915,1.0,0.0,0.0,0.0,1.0,0.5,0.0794062205466541,0.0,0.5714285714285714,0.014512176443559503
3501,0.35714285714285715,1.0,0.0,0.0,1.0,0.3333333333333333,0.12499999999999997,0.13151866325293088,0.0,0.0,0.0,1.0,0.0,0.0,0.022692670195026465,0.014084507042253521,0.2857142857142857,0.0626435901363149
3502,0.2571428571428571,1.0,1.0,1.0,0.0,0.6666666666666666,0.6052631578947368,0.2831154830885325,1.0,1.0,0.0,1.0,0.0,0.5,0.0917208194850935,0.26760563380281693,0.8571428571428571,0.057310242216047094
3503,0.6285714285714286,1.0,0.0,0.0,0.0,0.6666666666666666,0.5197368421052632,0.5974935992453847,1.0,0.0,1.0,1.0,0.0,0.5,0.07996648863755368,0.6338028169014085,0.5714285714285714,0.16978097717874102
3504,0.35714285714285715,1.0,1.0,0.0,0.5,0.6666666666666666,0.4144736842105263,0.2870233122220725,0.0,1.0,0.0,1.0,0.0,0.5,0.06452548394112956,0.028169014084507043,0.5714285714285714,0.08155919742686477
3505,0.3,1.0,1.0,1.0,1.0,0.3333333333333333,0.5986842105263158,0.3265058617437003,1.0,0.0,0.0,0.0,0.0,0.5,0.09120897952189186,0.0,0.5714285714285714,0.09277837341093582
3506,0.8142857142857143,1.0,0.0,0.0,1.0,0.6666666666666666,0.1776315789473684,0.3647756367066433,1.0,0.0,1.0,1.0,0.0,0.5,0.03102148266111996,0.028169014084507043,0.5714285714285714,0.10365293306785113
3507,0.8857142857142858,1.0,1.0,0.0,1.0,0.6666666666666666,0.2828947368421052,0.5262094057404663,1.0,1.0,0.0,1.0,0.0,0.5,0.04543482488817079,0.028169014084507043,0.7142857142857142,0.12451498442844744
3508,0.3857142857142857,1.0,1.0,0.0,0.0,0.6666666666666666,0.05921052631578946,0.1072631720792346,1.0,0.0,0.0,0.0,0.0,0.5,0.014070284098559309,0.3943661971830986,0.42857142857142855,0.03823326696278144
3509,0.9142857142857143,1.0,1.0,1.0,1.0,0.3333333333333333,0.30263157894736836,0.5718905807842608,1.0,0.0,0.0,1.0,0.0,0.5,0.048546364097730735,0.028169014084507043,0.7142857142857142,0.13533210803083678
3510,0.6142857142857143,0.0,1.0,1.0,1.0,0.3333333333333333,0.3355263157894737,0.41517315725643444,1.0,1.0,1.0,1.0,0.0,0.0,0.053101705080969924,0.014084507042253521,0.8571428571428571,0.08411373432816227
3511,0.6,1.0,1.0,1.0,0.0,0.6666666666666666,0.4078947368421053,0.47096078695593585,0.0,0.0,1.0,0.0,0.0,0.5,0.06371786160489228,0.6056338028169014,0.5714285714285714,0.13382600704548936
3512,0.5142857142857143,1.0,1.0,1.0,0.0,0.6666666666666666,0.04605263157894737,0.12774558684813367,0.0,0.0,1.0,0.0,0.0,0.5,0.011310084825636193,0.5211267605633803,0.5714285714285714,0.036299586460407415
3513,0.9285714285714286,1.0,0.0,0.0,0.0,0.0,0.02631578947368421,0.20401563131653416,0.0,1.0,0.0,1.0,0.0,0.5,0.008625367720560936,0.9295774647887324,0.42857142857142855,0.07259917292081483
3514,0.22857142857142856,1.0,0.0,0.0,0.5,1.0,1.0,0.1405470960786956,1.0,1.0,1.0,0.0,0.0,1.0,0.04540666407939236,0.014084507042253521,0.5714285714285714,0.03993720324705162
3515,0.5571428571428572,0.0,1.0,0.0,0.0,0.3333333333333333,0.12499999999999997,0.20778870772133134,0.0,0.0,1.0,0.0,0.0,0.5,0.0234684260131951,0.5633802816901409,0.2857142857142857,0.0987644866493082
3516,0.5285714285714286,1.0,0.0,1.0,0.0,1.0,0.5,0.4895566635224363,1.0,1.0,0.0,0.0,0.0,0.0,0.07726077682424723,0.5352112676056339,0.5714285714285714,0.13911012406187778
3517,0.8571428571428572,1.0,1.0,1.0,0.0,0.0,0.4407894736842105,0.7131114405066702,1.0,1.0,1.0,0.0,0.0,0.5,0.06878756508706602,0.8591549295774648,0.8571428571428571,0.14458569459335274
3518,0.11428571428571427,0.0,1.0,0.0,0.0,0.6666666666666666,0.21710526315789472,0.06036922247675515,1.0,1.0,0.0,1.0,0.0,0.5,0.035186930568645934,0.1267605633802817,0.5714285714285714,0.017154234951753715
3519,0.8571428571428572,1.0,0.0,1.0,0.0,0.3333333333333333,0.032894736842105254,0.19889502762430938,1.0,0.0,0.0,0.0,0.0,0.0,0.009826795012438001,0.8591549295774648,0.42857142857142855,0.07078036452749273
3520,0.21428571428571427,1.0,0.0,1.0,0.5,0.6666666666666666,0.12499999999999997,0.0777523244845708,1.0,0.0,0.0,0.0,0.0,0.0,0.02161875589066918,0.014084507042253521,0.42857142857142855,0.02775118701179354
3521,0.014285714285714285,1.0,0.0,1.0,0.0,0.6666666666666666,0.4605263157894737,0.021695189327583884,1.0,1.0,0.0,0.0,1.0,0.5,0.06927426955702168,0.028169014084507043,0.5714285714285714,0.006164803185786491
3522,0.6,1.0,1.0,1.0,1.0,0.6666666666666666,0.6578947368421053,0.6888559493329739,1.0,0.0,0.0,0.0,0.0,0.0,0.09916051114569405,0.014084507042253521,0.5714285714285714,0.19574207382447542
3523,0.5857142857142857,0.0,1.0,0.0,1.0,0.3333333333333333,0.21710526315789472,0.2982077887077213,1.0,0.0,0.0,0.0,0.0,0.0,0.036780216327812934,0.014084507042253521,0.2857142857142857,0.14158625619033033
3524,0.8,1.0,0.0,1.0,1.0,1.0,0.5328947368421053,0.768090553833715,1.0,0.0,0.0,0.0,0.0,0.5,0.08128710088132679,0.028169014084507043,0.42857142857142855,0.2729552764588758
3525,0.9428571428571428,1.0,1.0,0.0,0.5,0.6666666666666666,0.5723684210526315,0.9634820105107128,1.0,0.0,1.0,0.0,0.0,1.0,0.08758282105026234,0.07042253521126761,0.5714285714285714,0.2737785265737479
3526,0.41428571428571426,0.0,1.0,0.0,0.0,1.0,0.032894736842105254,0.0990432556259264,1.0,0.0,0.0,0.0,0.0,0.5,0.010336160854539742,0.4225352112676056,0.2857142857142857,0.047263491091029765
3527,0.17142857142857143,1.0,1.0,1.0,0.0,0.6666666666666666,0.6052631578947368,0.19390917666082738,1.0,1.0,0.0,0.0,0.0,0.5,0.09214819111143334,0.18309859154929578,0.7142857142857142,0.04582758972788074
3528,0.2571428571428571,1.0,0.0,0.0,0.0,0.6666666666666666,0.3092105263157895,0.16790190001347527,1.0,1.0,0.0,1.0,0.0,0.5,0.04930800138895777,0.26760563380281693,0.5714285714285714,0.04771021595956502
3529,0.0857142857142857,0.0,1.0,1.0,1.0,0.6666666666666666,0.6381578947368421,0.10483762296186497,1.0,1.0,0.0,1.0,1.0,0.5,0.09344284367847044,0.0,0.7142857142857142,0.02473579414918058
3530,0.11428571428571427,0.0,1.0,0.0,0.0,0.0,0.35526315789473684,0.08934105915644791,1.0,0.0,0.0,1.0,1.0,1.0,0.057702377212273545,0.1267605633802817,0.42857142857142855,0.03186743758615408
3531,0.7571428571428571,1.0,1.0,1.0,0.0,0.0,0.15789473684210528,0.31478237434308043,0.0,0.0,0.0,1.0,0.0,0.5,0.027821412364296437,0.7605633802816901,0.5714285714285714,0.08944708224843008
3532,0.8571428571428572,1.0,1.0,0.0,0.5,0.3333333333333333,0.6447368421052632,0.9656380541705969,1.0,1.0,1.0,0.0,0.0,0.5,0.097742618315539,0.07042253521126761,0.7142857142857142,0.2285699698779803
3533,0.014285714285714285,0.0,0.0,1.0,1.0,0.3333333333333333,0.1644736842105263,0.008893680097021964,1.0,1.0,1.0,1.0,0.0,0.5,0.024505183788878414,0.0,0.7142857142857142,0.0020166436922448563
3534,0.7000000000000001,0.0,1.0,0.0,0.5,1.0,0.5855263157894737,0.7307640479719714,1.0,0.0,0.0,1.0,0.0,0.0,0.08929311969839773,0.056338028169014086,0.42857142857142855,0.25969712053913313
3535,0.42857142857142855,1.0,1.0,0.0,0.5,0.0,0.11842105263157895,0.15375286349548578,1.0,1.0,1.0,0.0,0.0,0.5,0.021920890213128208,0.028169014084507043,0.7142857142857142,0.03631873181191607
3536,0.45714285714285713,1.0,1.0,1.0,0.0,0.6666666666666666,0.44736842105263164,0.38620132057674167,1.0,1.0,1.0,1.0,0.0,0.5,0.06906006340502098,0.4647887323943662,1.0,0.06838719558891102
3537,0.14285714285714285,1.0,1.0,0.0,0.5,0.6666666666666666,0.2763157894736842,0.08853254278399136,0.0,1.0,0.0,1.0,0.0,0.0,0.04429783223374175,0.0,0.5714285714285714,0.025156991882370958
3538,0.45714285714285713,1.0,1.0,1.0,0.0,0.6666666666666666,0.6447368421052632,0.5196065220320711,0.0,0.0,1.0,0.0,0.0,0.5,0.09733527546911147,0.4647887323943662,0.5714285714285714,0.14764895083473734
3539,0.0857142857142857,0.0,1.0,1.0,1.0,1.0,0.12499999999999997,0.034361945829403044,1.0,1.0,0.0,0.0,0.0,0.0,0.023024101252187963,0.0,0.5714285714285714,0.009764129269413386
3540,0.42857142857142855,1.0,1.0,0.0,0.0,0.6666666666666666,0.26973684210526316,0.2518528500202129,0.0,0.0,1.0,1.0,0.0,0.5,0.04405460460308291,0.4366197183098592,0.5714285714285714,0.07156532393934753
3541,0.6714285714285715,1.0,1.0,0.0,0.0,0.6666666666666666,0.42105263157894735,0.5390109149710282,1.0,1.0,0.0,0.0,0.0,0.5,0.06562205466540999,0.676056338028169,0.5714285714285714,0.15316281206922958
3542,0.6571428571428571,0.0,0.0,1.0,1.0,0.0,0.6447368421052632,0.7428917935588195,1.0,0.0,0.0,1.0,0.0,1.0,0.09763972165961458,0.014084507042253521,0.42857142857142855,0.26400482462858016
3543,0.7428571428571429,1.0,0.0,1.0,0.0,0.6666666666666666,0.20394736842105263,0.3595202802856758,0.0,1.0,1.0,0.0,0.0,0.5,0.0344993153486387,0.7464788732394366,0.5714285714285714,0.10215959565017614
3544,0.2571428571428571,1.0,1.0,0.0,1.0,1.0,0.26315789473684215,0.14984503436194582,1.0,1.0,0.0,0.0,0.0,0.0,0.04266084627213652,0.0,0.5714285714285714,0.042579261755245824
3545,0.07142857142857142,1.0,1.0,0.0,1.0,1.0,0.3092105263157895,0.04931949871984907,1.0,1.0,0.0,0.0,0.0,0.5,0.046497015394282123,0.0,0.5714285714285714,0.014014397304334507
3546,0.6857142857142857,1.0,0.0,1.0,1.0,0.6666666666666666,0.17105263157894737,0.2956474868616089,0.0,1.0,0.0,0.0,0.0,0.5,0.029275423647310006,0.028169014084507043,0.42857142857142855,0.10514627048552612
3547,0.7000000000000001,0.0,1.0,1.0,0.0,0.6666666666666666,0.5394736842105263,0.6836005929120064,0.0,0.0,0.0,0.0,0.0,0.5,0.08269557021677662,0.7042253521126761,0.2857142857142857,0.3241052739061623
3548,0.15714285714285714,1.0,1.0,0.0,0.0,0.6666666666666666,0.06578947368421054,0.04433364775636706,0.0,1.0,0.0,0.0,0.0,0.5,0.013744894753377316,0.16901408450704225,0.42857142857142855,0.015881069076428243
3549,0.3142857142857143,0.0,0.0,0.0,1.0,0.6666666666666666,0.4671052631578947,0.2782643848537933,0.0,0.0,1.0,1.0,0.0,1.0,0.07199934434290867,0.0,0.2857142857142857,0.13214121611272783
3550,0.7571428571428571,1.0,1.0,0.0,1.0,0.0,0.35526315789473684,0.5311952567039482,0.0,1.0,0.0,1.0,0.0,0.5,0.05585227074388242,0.028169014084507043,0.5714285714285714,0.15094195129422577
3551,0.9714285714285714,1.0,1.0,1.0,0.0,0.0,0.1644736842105263,0.4104568117504379,1.0,1.0,1.0,0.0,0.0,0.5,0.028603040609761092,0.971830985915493,0.8571428571428571,0.08315646675272959
3552,0.8285714285714286,1.0,1.0,0.0,0.0,0.6666666666666666,0.32894736842105265,0.549656380541706,1.0,0.0,0.0,1.0,0.0,0.5,0.05218933209795684,0.8309859154929577,0.5714285714285714,0.1561877776075969
3553,0.49999999999999994,0.0,1.0,0.0,0.0,0.6666666666666666,0.5460526315789473,0.5007411400080851,0.0,1.0,1.0,0.0,0.0,0.0,0.08445910566551472,0.5070422535211268,0.42857142857142855,0.17799433297595343
3554,0.028571428571428574,1.0,0.0,1.0,1.0,0.3333333333333333,0.29605263157894735,0.023716480258725237,0.0,1.0,0.0,1.0,0.0,0.5,0.046497015394282123,0.0,0.5714285714285714,0.0067391637310461015
3555,0.8142857142857143,0.0,1.0,1.0,0.0,0.6666666666666666,0.08552631578947367,0.24942730090284326,1.0,1.0,1.0,0.0,0.0,0.5,0.017111378335337515,0.8169014084507042,0.7142857142857142,0.05897406443048961
3556,0.7714285714285715,1.0,1.0,0.0,0.0,1.0,0.032894736842105254,0.17827786012666755,0.0,0.0,1.0,0.0,0.0,0.5,0.00971639105475109,0.7746478873239436,0.42857142857142855,0.06345726757543269
3557,0.8,1.0,0.0,1.0,0.5,1.0,0.5131578947368421,0.7497641827247001,1.0,0.0,0.0,1.0,0.0,0.5,0.07903831208558625,0.056338028169014086,0.5714285714285714,0.21304947158829834
3558,0.22857142857142856,1.0,0.0,0.0,0.0,0.0,0.2236842105263158,0.11844764856488342,1.0,1.0,0.0,0.0,0.0,0.5,0.03631424294505738,0.23943661971830987,0.42857142857142855,0.04220592740082708
3559,0.5428571428571429,0.0,1.0,0.0,1.0,1.0,0.618421052631579,0.593451017383102,1.0,0.0,0.0,0.0,0.0,1.0,0.09357403513859687,0.014084507042253521,0.2857142857142857,0.2814111400418645
3560,0.9571428571428572,0.0,1.0,0.0,0.0,0.0,0.4078947368421053,0.7474733863360733,1.0,0.0,0.0,0.0,0.0,0.5,0.0638825747075456,0.9577464788732395,0.2857142857142857,0.35435492928983514
3561,0.7714285714285715,1.0,1.0,0.0,0.0,0.6666666666666666,0.2894736842105263,0.46732246327988136,0.0,0.0,1.0,1.0,0.0,0.5,0.04647416673806872,0.7746478873239436,0.5714285714285714,0.13279215806402206
3562,0.6285714285714286,0.0,0.0,1.0,0.0,1.0,0.375,0.46085433230022904,1.0,1.0,0.0,0.0,0.0,0.5,0.05872866268719237,0.6338028169014085,0.42857142857142855,0.1638267728595497
3563,0.0,1.0,1.0,1.0,0.0,0.6666666666666666,0.30263157894736836,0.007276647352108881,0.0,0.0,1.0,0.0,0.0,0.5,0.05089538171536287,0.014084507042253521,0.5714285714285714,0.0020676979629345995
3564,0.2857142857142857,1.0,1.0,0.0,0.0,0.0,0.5986842105263158,0.3130305888694246,0.0,1.0,1.0,1.0,0.0,0.5,0.09169247340783628,0.29577464788732394,0.7142857142857142,0.07403507428396386
3565,0.2857142857142857,1.0,1.0,1.0,0.0,0.3333333333333333,0.30263157894736836,0.9999999999999999,1.0,1.0,0.0,1.0,0.0,0.5,0.32049728468201605,0.29577464788732394,0.8571428571428571,0.2028149136818152
3566,0.7285714285714286,1.0,1.0,1.0,0.0,0.6666666666666666,0.07236842105263158,0.21048376229618648,0.0,1.0,0.0,1.0,0.0,0.5,0.015370115275864567,0.7323943661971831,0.7142857142857142,0.04975238678715475
3567,0.6,1.0,1.0,1.0,1.0,0.6666666666666666,0.39473684210526316,0.4591025468265732,1.0,0.0,1.0,0.0,0.0,0.5,0.061789009929202374,0.014084507042253521,0.7142857142857142,0.10862434267626486
3568,0.7285714285714286,0.0,1.0,1.0,0.0,0.6666666666666666,0.4144736842105263,0.5759331626465436,0.0,0.0,1.0,1.0,0.0,1.0,0.06452548394112956,0.7323943661971831,0.5714285714285714,0.16365446469597184
3569,0.9428571428571428,1.0,1.0,0.0,1.0,0.6666666666666666,0.506578947368421,0.8664600458159277,1.0,0.0,0.0,0.0,0.0,0.5,0.07745438687805084,0.028169014084507043,0.42857142857142855,0.3078955429621688
3570,0.6142857142857143,1.0,1.0,1.0,0.5,0.6666666666666666,0.618421052631579,0.6690472982077886,1.0,0.0,0.0,1.0,0.0,1.0,0.09345814411789906,0.04225352112676056,0.7142857142857142,0.15833843876040232
3571,0.44285714285714284,1.0,1.0,1.0,0.0,1.0,0.29605263157894735,0.27745586848133674,0.0,0.0,0.0,1.0,0.0,1.0,0.047861687087653156,0.4507042253521127,0.5714285714285714,0.07884055751263594
3572,0.12857142857142856,0.0,1.0,0.0,0.0,0.3333333333333333,0.23684210526315788,0.0730359789785743,0.0,0.0,0.0,0.0,0.0,0.0,0.03920829406220547,0.14084507042253522,0.14285714285714285,0.05268800735181498
3573,0.9,1.0,0.0,0.0,0.0,0.6666666666666666,0.32894736842105265,0.5929120064681309,0.0,1.0,1.0,0.0,0.0,0.5,0.051808435438265785,0.9014084507042254,0.42857142857142855,0.21073288405575127
3574,0.9714285714285714,1.0,0.0,0.0,0.0,0.6666666666666666,0.5986842105263158,0.9999999999999999,0.0,1.0,0.0,0.0,0.0,0.5,0.08836345258096681,0.971830985915493,0.2857142857142857,0.4739495583805586
3575,0.9571428571428572,0.0,1.0,0.0,0.0,0.6666666666666666,0.6447368421052632,0.9999999999999999,0.0,1.0,1.0,0.0,0.0,0.0,0.08985696069191107,0.9577464788732395,0.42857142857142855,0.35532815132485834
3576,0.3857142857142857,1.0,1.0,0.0,0.0,0.6666666666666666,0.6447368421052632,0.44023716480258723,1.0,1.0,1.0,0.0,0.0,0.5,0.09724653292042547,0.3943661971830986,0.7142857142857142,0.10415709399091234
3577,0.7428571428571429,1.0,1.0,0.0,0.5,0.6666666666666666,0.1513157894736842,0.3048106724161164,0.0,0.0,1.0,0.0,0.0,0.5,0.02727935553856277,0.056338028169014086,0.42857142857142855,0.10840098024199725
3578,0.7142857142857143,0.0,1.0,1.0,0.0,0.0,0.32894736842105265,0.4775636706643309,1.0,0.0,0.0,0.0,0.0,1.0,0.05255862948383877,0.7183098591549296,0.42857142857142855,0.16976183182723234
3579,0.7428571428571429,1.0,1.0,0.0,0.0,0.6666666666666666,0.17105263157894737,0.3265058617437003,1.0,0.0,1.0,0.0,0.0,0.0,0.030142443049454945,0.7464788732394366,0.5714285714285714,0.09277837341093582
3580,0.04285714285714286,1.0,1.0,1.0,0.0,0.3333333333333333,0.24342105263157895,0.02897183667969276,1.0,1.0,0.0,0.0,0.0,0.5,0.040763430725730444,0.056338028169014086,0.7142857142857142,0.006771072650227191
3581,0.22857142857142856,1.0,0.0,0.0,0.5,1.0,0.02631578947368421,0.04945425144859183,1.0,0.0,0.0,0.0,0.0,0.0,0.007928147696401839,0.014084507042253521,0.2857142857142857,0.023778526573747894
3582,0.9428571428571428,1.0,1.0,1.0,0.0,1.0,0.11184210526315788,0.32232852715267485,1.0,1.0,0.0,0.0,0.0,0.5,0.02065075189556459,0.943661971830986,0.7142857142857142,0.07623678970745904
3583,0.6571428571428571,1.0,1.0,1.0,1.0,0.6666666666666666,0.26315789473684215,0.3773076404797197,1.0,0.0,1.0,1.0,0.0,1.0,0.04323500511360218,0.014084507042253521,0.8571428571428571,0.07642824322254557
3584,0.7857142857142857,0.0,1.0,1.0,0.0,0.0,0.24342105263157895,0.4250101064546557,1.0,1.0,1.0,1.0,0.0,1.0,0.04012387235761411,0.7887323943661972,0.8571428571428571,0.08611032098549329
3585,0.3142857142857143,0.0,0.0,1.0,1.0,1.0,0.18421052631578946,0.14714997978709068,0.0,0.0,0.0,1.0,0.0,0.5,0.0321271974757202,0.0,0.2857142857142857,0.07004645938632767
3586,0.24285714285714283,1.0,1.0,0.0,0.0,0.3333333333333333,0.15789473684210528,0.10173831020078156,0.0,0.0,1.0,0.0,0.0,0.5,0.027070897476175512,0.2535211267605634,0.42857142857142855,0.036270868433144435
3587,0.0,0.0,0.0,0.0,1.0,0.6666666666666666,0.493421052631579,0.011992992858105376,0.0,0.0,0.0,1.0,1.0,0.5,0.08388312912346842,0.0,0.14285714285714285,0.009323786184714352
3588,0.4857142857142857,1.0,1.0,0.0,0.5,0.3333333333333333,0.19736842105263155,0.23096617706508554,1.0,1.0,0.0,1.0,0.0,0.5,0.033337821462232395,0.028169014084507043,0.7142857142857142,0.05460254250268035
3589,0.9,1.0,0.0,0.0,0.0,0.6666666666666666,0.4671052631578947,0.7817005794367335,0.0,1.0,0.0,0.0,0.0,0.5,0.0724405042412818,0.9014084507042254,0.2857142857142857,0.37056466023382856
3590,0.8142857142857143,0.0,0.0,1.0,0.0,1.0,0.24342105263157895,0.4415846920900148,1.0,1.0,1.0,0.0,0.0,0.5,0.04028405213039098,0.8169014084507042,0.5714285714285714,0.12547863378771634
3591,0.8285714285714286,1.0,0.0,0.0,0.0,0.6666666666666666,0.5328947368421053,0.7940978304810672,0.0,1.0,0.0,1.0,0.0,0.0,0.08116743078962922,0.8309859154929577,0.42857142857142855,0.2821929085618012
3592,0.0,1.0,1.0,1.0,1.0,0.6666666666666666,0.11184210526315788,0.0029645600323406547,1.0,0.0,0.0,0.0,0.0,0.5,0.02073515551366635,0.0,0.5714285714285714,0.0008423954663807627
3593,0.028571428571428574,1.0,1.0,0.0,0.5,0.6666666666666666,0.10526315789473684,0.013744778331761218,0.0,0.0,0.0,1.0,0.0,1.0,0.023248507697141062,0.0,0.42857142857142855,0.005016082095267269
3594,0.9428571428571428,1.0,1.0,1.0,0.0,0.6666666666666666,0.44736842105263164,0.7923460450074113,1.0,1.0,1.0,0.0,0.0,0.5,0.06971738855205593,0.943661971830986,0.8571428571428571,0.16066778986062186
3595,0.5142857142857143,1.0,0.0,1.0,0.0,0.6666666666666666,0.6052631578947368,0.5541032205902169,0.0,0.0,0.0,0.0,0.0,0.5,0.09190717579030491,0.5211267605633803,0.2857142857142857,0.26277633124010824
3596,0.39999999999999997,1.0,1.0,0.0,0.0,1.0,0.09868421052631579,0.13165341598167363,0.0,0.0,0.0,1.0,0.0,0.0,0.019012642594819454,0.4084507042253521,0.42857142857142855,0.046896538520447235
3597,0.45714285714285713,0.0,1.0,0.0,0.5,0.0,0.05263157894736842,0.12019943403853926,0.0,1.0,1.0,1.0,0.0,0.5,0.012681004198440576,0.028169014084507043,0.5714285714285714,0.0341553070914382
3598,0.8571428571428572,1.0,1.0,0.0,0.5,0.0,0.618421052631579,0.9307370974262228,1.0,1.0,0.0,1.0,0.0,0.5,0.09374082600701472,0.07042253521126761,0.7142857142857142,0.22030555981007813
3599,0.04285714285714286,0.0,1.0,0.0,0.0,0.6666666666666666,0.07894736842105263,0.014283789246732244,1.0,0.0,1.0,1.0,0.0,0.5,0.015080113100848256,0.056338028169014086,0.5714285714285714,0.004058814519834584
3600,0.1857142857142857,1.0,1.0,1.0,0.0,1.0,0.17105263157894737,0.08327718636302384,0.0,0.0,0.0,1.0,0.0,0.5,0.029352362999865357,0.1971830985915493,0.5714285714285714,0.023663654464695972
3601,0.45714285714285713,1.0,1.0,0.0,0.0,0.0,0.6118421052631579,0.5006063872793424,1.0,0.0,0.0,0.0,0.0,0.5,0.09330819981149858,0.4647887323943662,0.42857142857142855,0.1779464695971818
3602,0.3,1.0,1.0,0.0,0.0,0.0,0.5328947368421053,0.2986120468939496,0.0,1.0,1.0,0.0,0.0,0.5,0.08234084482906348,0.3098591549295775,0.5714285714285714,0.08485219788635319
3603,0.6714285714285715,0.0,1.0,1.0,0.0,0.0,0.2302631578947368,0.3484705565287697,1.0,1.0,1.0,0.0,0.0,0.0,0.03785736726358781,0.676056338028169,0.7142857142857142,0.08242712002859039
3604,0.028571428571428574,0.0,0.0,1.0,0.0,0.0,0.631578947368421,0.04365988411265328,0.0,0.0,0.0,0.0,1.0,0.5,0.09299403078856425,0.04225352112676056,0.14285714285714285,0.03181957420738245
3605,0.3142857142857143,1.0,0.0,1.0,0.0,0.6666666666666666,0.375,0.23662579167228134,0.0,1.0,1.0,0.0,0.0,0.0,0.059336966766381186,0.323943661971831,0.5714285714285714,0.06723847449839179
3606,0.9571428571428572,0.0,0.0,0.0,1.0,0.0,0.05263157894736842,0.24632798814175985,0.0,1.0,0.0,1.0,0.0,0.0,0.012335754282863005,0.028169014084507043,0.2857142857142857,0.1170163884208914
3607,0.2857142857142857,1.0,1.0,1.0,0.5,0.6666666666666666,0.4671052631578947,0.25225710820644115,1.0,0.0,1.0,1.0,0.0,0.5,0.07145101207306674,0.014084507042253521,0.8571428571428571,0.05104697722250181
3608,0.6,1.0,0.0,1.0,1.0,1.0,0.35526315789473684,0.42352782643848536,1.0,0.0,1.0,0.0,0.0,1.0,0.056002454902132695,0.014084507042253521,0.5714285714285714,0.12034767958339715
3609,0.35714285714285715,0.0,1.0,1.0,0.0,0.6666666666666666,0.381578947368421,0.267888424740601,0.0,0.0,0.0,0.0,0.0,0.5,0.05937794533459001,0.36619718309859156,0.2857142857142857,0.12722724255884005
3610,0.5714285714285715,0.0,1.0,1.0,1.0,0.3333333333333333,0.6578947368421053,0.6569195526209405,0.0,1.0,0.0,1.0,0.0,0.5,0.09919312199719547,0.014084507042253521,0.5714285714285714,0.18666717720937356
3611,0.5285714285714286,1.0,1.0,0.0,0.5,1.0,0.10526315789473684,0.17693033283923998,1.0,1.0,0.0,0.0,0.0,0.5,0.019718239992063097,0.04225352112676056,0.5714285714285714,0.05027569306172461
3612,0.14285714285714285,0.0,1.0,0.0,0.0,0.0,0.4342105263157895,0.12478102681579299,1.0,0.0,0.0,1.0,1.0,0.5,0.0673464141890155,0.15492957746478875,0.42857142857142855,0.04445550620309389
3613,0.39999999999999997,0.0,1.0,1.0,0.0,0.0,0.30263157894736836,0.2523918609351839,0.0,0.0,0.0,0.0,0.0,1.0,0.04813286099645747,0.4084507042253521,0.2857142857142857,0.11988819114718946
3614,0.8428571428571429,0.0,0.0,1.0,0.5,0.3333333333333333,0.18421052631578946,0.3804069532408031,0.0,0.0,0.0,0.0,0.0,1.0,0.03136977693999372,0.07042253521126761,0.14285714285714285,0.2710407413080104
3615,0.9428571428571428,1.0,1.0,1.0,1.0,0.0,0.4605263157894737,0.8040695324080313,0.0,0.0,1.0,0.0,0.0,0.5,0.07094124101453149,0.028169014084507043,0.5714285714285714,0.22848062490427326
3616,0.9142857142857143,1.0,1.0,0.0,0.0,0.6666666666666666,0.4407894736842105,0.7581188519067511,0.0,0.0,1.0,1.0,0.0,0.0,0.06858551439135793,0.9154929577464789,0.5714285714285714,0.21542349517537143
3617,0.8571428571428572,1.0,1.0,1.0,0.0,0.3333333333333333,0.5657894736842105,0.867403314917127,0.0,0.0,1.0,1.0,0.0,0.5,0.08647888629656525,0.8591549295774648,0.7142857142857142,0.20530836779496606
3618,0.2571428571428571,0.0,1.0,1.0,0.5,0.0,0.5789473684210527,0.27489556663522435,1.0,1.0,0.0,0.0,0.0,0.0,0.08869487573788383,0.014084507042253521,0.5714285714285714,0.0781130341553071
3619,0.6428571428571429,1.0,1.0,0.0,1.0,0.0,0.375,0.4694785069397655,1.0,0.0,0.0,0.0,0.0,1.0,0.05847641683399582,0.014084507042253521,0.42857142857142855,0.16689002910093428
3620,0.6857142857142857,1.0,1.0,1.0,0.5,0.3333333333333333,0.21710526315789472,0.34577550195391454,1.0,0.0,0.0,1.0,0.0,1.0,0.03643078343495739,0.056338028169014086,0.7142857142857142,0.0817889416449686
3621,0.3,1.0,0.0,0.0,0.0,0.6666666666666666,0.3486842105263158,0.21654763508961056,0.0,1.0,0.0,0.0,0.0,0.5,0.05625053551538001,0.3098591549295775,0.2857142857142857,0.10291264614284985
3622,0.8,0.0,1.0,1.0,0.0,0.6666666666666666,0.23684210526315788,0.42635763374208324,1.0,0.0,1.0,0.0,0.0,0.5,0.039353803925459264,0.8028169014084507,0.5714285714285714,0.12115178434676062
3623,0.1857142857142857,1.0,1.0,0.0,0.0,1.0,0.18421052631578946,0.08920630642770515,1.0,1.0,0.0,1.0,0.0,0.0,0.03231452807324626,0.1971830985915493,0.7142857142857142,0.0210343595241742
3624,0.6142857142857143,1.0,0.0,1.0,1.0,0.0,0.368421052631579,0.4422584557337286,1.0,0.0,1.0,0.0,0.0,1.0,0.057407248736183705,0.014084507042253521,0.5714285714285714,0.12567008730280288
3625,0.21428571428571427,0.0,0.0,1.0,0.5,1.0,0.4342105263157895,0.1847459911063199,1.0,1.0,0.0,1.0,0.0,0.5,0.06839066918001885,0.014084507042253521,0.5714285714285714,0.052496553836728445
3626,0.15714285714285714,0.0,0.0,1.0,0.0,0.0,0.39473684210526316,0.12505053227327853,0.0,1.0,0.0,0.0,0.0,0.5,0.06079170593779454,0.16901408450704225,0.2857142857142857,0.05958033389493031
3627,0.7714285714285715,1.0,1.0,0.0,0.0,1.0,0.631578947368421,0.9999999999999999,0.0,0.0,0.0,0.0,0.0,0.0,0.11421472024676549,0.7746478873239436,0.2857142857142857,0.4739495583805586
3628,0.7142857142857143,0.0,1.0,0.0,1.0,0.0,0.19736842105263155,0.3424066837353456,0.0,1.0,0.0,0.0,0.0,1.0,0.03402265713071279,0.028169014084507043,0.2857142857142857,0.16251850717312502
3629,0.5428571428571429,1.0,1.0,1.0,0.5,0.3333333333333333,0.24999999999999997,0.29995957418137714,1.0,0.0,0.0,1.0,0.0,0.5,0.04093864037313613,0.04225352112676056,0.7142857142857142,0.07093990912339818
3630,0.45714285714285713,1.0,0.0,0.0,1.0,0.6666666666666666,0.4407894736842105,0.38310200781565823,0.0,1.0,0.0,0.0,0.0,0.0,0.06840316453888556,0.014084507042253521,0.2857142857142857,0.1817914943585031
3631,0.45714285714285713,0.0,0.0,0.0,0.0,0.0,0.4013157894736842,0.35426492386470826,1.0,0.0,1.0,1.0,0.0,0.0,0.06229114900179933,0.4647887323943662,0.42857142857142855,0.125966840251187
3632,0.39999999999999997,0.0,1.0,0.0,1.0,0.0,0.006578947368421045,0.07613529173965772,0.0,0.0,1.0,0.0,0.0,0.0,0.005622542169066266,0.014084507042253521,0.2857142857142857,0.03641445856945934
3633,0.9714285714285714,0.0,1.0,0.0,1.0,1.0,0.21052631578947364,0.4723083142433634,1.0,0.0,0.0,0.0,0.0,0.5,0.03487276154571159,0.028169014084507043,0.2857142857142857,0.2240389033542656
3634,0.9857142857142858,1.0,0.0,1.0,0.0,0.6666666666666666,0.17105263157894737,0.426492386470826,1.0,0.0,0.0,0.0,0.0,0.5,0.029608186347111883,0.9859154929577465,0.42857142857142855,0.15162161127278298
3635,0.42857142857142855,1.0,1.0,0.0,1.0,0.6666666666666666,0.5526315789473684,0.4321520010780218,1.0,0.0,0.0,1.0,0.0,0.5,0.08473442583077438,0.014084507042253521,0.5714285714285714,0.12279828457650484
3636,0.42857142857142855,1.0,1.0,1.0,0.0,0.0,0.5723684210526315,0.4422584557337286,0.0,1.0,1.0,0.0,0.0,0.5,0.08701468486820103,0.4366197183098592,0.7142857142857142,0.10463572777862869
3637,0.6428571428571429,1.0,1.0,1.0,0.5,0.6666666666666666,0.19078947368421054,0.2998248214526344,0.0,1.0,0.0,1.0,0.0,0.5,0.03268040814653936,0.04225352112676056,0.7142857142857142,0.07090800020421709
3638,0.7285714285714286,0.0,1.0,1.0,1.0,0.6666666666666666,0.07236842105263158,0.2085972240937879,1.0,1.0,1.0,0.0,0.0,0.0,0.015116363372725296,0.028169014084507043,0.7142857142857142,0.04930566191861949
3639,0.12857142857142856,1.0,0.0,0.0,0.0,0.6666666666666666,0.13815789473684212,0.05295782239590351,1.0,0.0,1.0,1.0,0.0,0.0,0.02516493873704053,0.14084507042253522,0.5714285714285714,0.015048246285801809
3640,0.5714285714285715,1.0,1.0,0.0,0.5,1.0,0.11842105263157895,0.2076539549925886,0.0,0.0,0.0,1.0,0.0,1.0,0.022551205719408753,0.04225352112676056,0.42857142857142855,0.07389148414764896
3641,0.028571428571428574,1.0,1.0,0.0,0.0,0.0,0.15789473684210528,0.015496563805417057,1.0,1.0,1.0,1.0,0.0,0.5,0.027332704995287463,0.04225352112676056,0.8571428571428571,0.0029921449357810208
3642,0.8285714285714286,1.0,1.0,0.0,0.5,0.0,0.15789473684210528,0.34267618919283116,1.0,1.0,1.0,1.0,0.0,1.0,0.02765219891691561,0.056338028169014086,0.8571428571428571,0.06939916416865413
3643,0.7285714285714286,1.0,1.0,0.0,1.0,0.6666666666666666,0.3157894736842105,0.4748686160894758,1.0,1.0,0.0,1.0,0.0,0.5,0.05093163198723989,0.028169014084507043,0.7142857142857142,0.11235768622045234
3644,0.4714285714285714,1.0,1.0,1.0,0.5,0.0,0.21052631578947364,0.23689529712976687,0.0,1.0,1.0,1.0,0.0,0.5,0.03592615179907967,0.028169014084507043,0.8571428571428571,0.04792901997680677
3645,0.6857142857142857,1.0,1.0,1.0,1.0,0.0,0.368421052631579,0.5010106454655706,1.0,0.0,0.0,0.0,0.0,0.0,0.0585893169708977,0.028169014084507043,0.5714285714285714,0.1423648338183489
3646,0.3857142857142857,0.0,1.0,1.0,0.0,0.6666666666666666,0.2302631578947368,0.2060369222476755,0.0,0.0,0.0,0.0,0.0,1.0,0.03874377272115255,0.3943661971830986,0.2857142857142857,0.0979348547505999
3647,0.17142857142857143,1.0,1.0,1.0,0.0,0.6666666666666666,0.5394736842105263,0.1753133000943269,1.0,0.0,0.0,1.0,0.0,1.0,0.08214311607337055,0.18309859154929578,0.7142857142857142,0.041424158880890384
3648,0.9714285714285714,1.0,0.0,1.0,0.0,0.3333333333333333,0.631578947368421,0.9999999999999999,1.0,1.0,0.0,1.0,0.0,0.5,0.08836345258096681,0.971830985915493,0.7142857142857142,0.23670674426915814
3649,0.9428571428571428,1.0,1.0,1.0,0.5,0.0,0.26973684210526316,0.5417059695458832,1.0,0.0,0.0,0.0,0.0,0.5,0.04355226694050951,0.07042253521126761,0.5714285714285714,0.15392862612957572
3650,0.8571428571428572,0.0,1.0,0.0,0.0,0.0,0.032894736842105254,0.2041503840452769,0.0,1.0,0.0,1.0,0.0,0.5,0.010429381499049765,0.8591549295774648,0.42857142857142855,0.07264703629958646
3651,0.8428571428571429,1.0,0.0,0.0,0.5,0.6666666666666666,0.15789473684210528,0.35386066567847996,1.0,1.0,0.0,0.0,0.0,0.5,0.028275212064090477,0.07042253521126761,0.42857142857142855,0.1258232501148721
3652,1.0,0.0,1.0,0.0,0.0,0.3333333333333333,0.07236842105263158,0.28675380676458695,0.0,0.0,0.0,0.0,0.0,1.0,0.015239410070223416,1.0,0.14285714285714285,0.20451064481543882
3653,0.32857142857142857,1.0,0.0,0.0,0.5,1.0,0.2302631578947368,0.17356151462067107,1.0,1.0,0.0,0.0,0.0,0.5,0.037935909519321395,0.028169014084507043,0.42857142857142855,0.061782049318425486
3654,0.8857142857142858,1.0,1.0,1.0,0.0,0.3333333333333333,0.4276315789473685,0.7151327314378115,1.0,1.0,0.0,0.0,0.0,0.5,0.06640934727645377,0.8873239436619719,0.7142857142857142,0.16925128912033494
3655,0.8571428571428572,1.0,0.0,0.0,0.5,0.3333333333333333,0.3421052631578947,0.5894084355208192,0.0,1.0,0.0,0.0,0.0,0.5,0.05460360624835833,0.07042253521126761,0.2857142857142857,0.27949660489099915
3656,0.3142857142857143,1.0,0.0,1.0,0.5,0.3333333333333333,0.1644736842105263,0.13421371782778602,0.0,0.0,0.0,1.0,0.0,0.5,0.02819325492767282,0.014084507042253521,0.42857142857142855,0.047805942717108287
3657,0.41428571428571426,0.0,1.0,1.0,1.0,0.3333333333333333,0.506578947368421,0.38876162242285406,1.0,0.0,0.0,1.0,0.0,1.0,0.07788250078542257,0.014084507042253521,0.5714285714285714,0.11046867820493184
3658,0.8428571428571429,0.0,0.0,0.0,0.5,0.6666666666666666,0.09210526315789472,0.2662713919956879,0.0,0.0,0.0,1.0,0.0,0.5,0.01806471881872447,0.07042253521126761,0.14285714285714285,0.189960177668862
3659,0.24285714285714283,1.0,0.0,1.0,0.5,0.3333333333333333,0.1513157894736842,0.09998652472712571,0.0,0.0,0.0,0.0,0.0,0.5,0.02639019792648445,0.014084507042253521,0.2857142857142857,0.04771021595956502
3660,0.7857142857142857,0.0,1.0,1.0,1.0,0.6666666666666666,0.44736842105263164,0.6578628217221398,1.0,1.0,0.0,0.0,0.0,0.5,0.06920694762353574,0.028169014084507043,0.5714285714285714,0.18693521213049472
3661,0.7428571428571429,1.0,1.0,1.0,0.5,0.6666666666666666,0.13157894736842105,0.2809594394286484,1.0,1.0,1.0,0.0,0.0,1.0,0.02413173759180552,0.056338028169014086,0.8571428571428571,0.05687263418156357
3662,0.0857142857142857,0.0,1.0,0.0,0.0,0.6666666666666666,0.44736842105263164,0.08314243363428109,1.0,1.0,0.0,1.0,1.0,0.0,0.07176518109600107,0.09859154929577466,0.5714285714285714,0.023625363761678665
3663,0.9714285714285714,1.0,0.0,0.0,1.0,0.0,0.6447368421052632,0.9999999999999999,1.0,0.0,1.0,0.0,0.0,0.0,0.08836345258096681,0.028169014084507043,0.42857142857142855,0.35532815132485834
3664,0.7285714285714286,1.0,1.0,1.0,0.5,0.6666666666666666,0.5526315789473684,0.7207923460450074,0.0,1.0,0.0,1.0,0.0,0.5,0.08401000507503806,0.056338028169014086,0.7142857142857142,0.1705914637259407
3665,0.04285714285714286,1.0,1.0,0.0,0.0,0.0,0.10526315789473684,0.016170327449130845,1.0,0.0,0.0,0.0,0.0,0.5,0.01837888784165881,0.056338028169014086,0.42857142857142855,0.0058776229131566856
3666,0.4714285714285714,1.0,1.0,1.0,0.5,0.6666666666666666,0.3486842105263158,0.3271796253874141,1.0,1.0,0.0,0.0,0.0,0.0,0.054499085213727344,0.028169014084507043,0.7142857142857142,0.07738551079797826
3667,0.9714285714285714,0.0,1.0,1.0,1.0,1.0,0.2828947368421052,0.5748551408166015,1.0,0.0,0.0,0.0,0.0,0.5,0.04526765834801732,0.028169014084507043,0.42857142857142855,0.20431919130035228
3668,0.45714285714285713,1.0,1.0,1.0,1.0,0.3333333333333333,0.6578947368421053,0.5290392130440641,0.0,0.0,0.0,0.0,0.0,0.5,0.09933453288778453,0.014084507042253521,0.42857142857142855,0.18804564251799663
3669,0.9714285714285714,1.0,1.0,0.0,1.0,0.0,0.6381578947368421,0.9999999999999999,0.0,1.0,1.0,0.0,0.0,1.0,0.08836345258096681,0.028169014084507043,0.5714285714285714,0.2841553070914382
3670,0.5285714285714286,1.0,0.0,1.0,0.0,0.6666666666666666,0.08552631578947367,0.16695863091227597,1.0,0.0,0.0,0.0,0.0,0.0,0.017882831489657223,0.5352112676056339,0.42857142857142855,0.05943674375861541
3671,0.35714285714285715,1.0,1.0,1.0,0.0,1.0,0.5986842105263158,0.3872793424066837,1.0,1.0,1.0,1.0,0.0,0.5,0.09149568621764663,0.36619718309859156,1.0,0.06857864910399755
3672,0.0,1.0,1.0,1.0,0.0,0.3333333333333333,0.13157894736842105,0.0033688182185689255,1.0,1.0,1.0,1.0,0.0,1.0,0.0235626767200754,0.014084507042253521,1.0,0.0003972660438045642
3673,0.04285714285714286,0.0,1.0,1.0,0.0,1.0,0.21052631578947364,0.027489556663522433,0.0,1.0,0.0,0.0,0.0,0.5,0.038171536286522145,0.056338028169014086,0.42857142857142855,0.009898146729973962
3674,0.5428571428571429,0.0,1.0,0.0,1.0,0.3333333333333333,0.23684210526315788,0.2932219377442393,1.0,0.0,0.0,0.0,0.0,0.5,0.039730297977234826,0.014084507042253521,0.2857142857142857,0.1392249961709297
3675,0.7571428571428571,1.0,1.0,1.0,0.0,0.0,0.19078947368421054,0.3530521493060234,0.0,1.0,0.0,0.0,0.0,0.5,0.032778301392816,0.7605633802816901,0.5714285714285714,0.10032164190534537
3676,0.45714285714285713,1.0,1.0,1.0,0.5,0.6666666666666666,0.5657894736842105,0.4650316668912545,1.0,1.0,0.0,1.0,0.0,0.5,0.08576814326107446,0.028169014084507043,0.8571428571428571,0.0942334201255935
3677,0.45714285714285713,0.0,1.0,1.0,0.5,0.6666666666666666,0.21710526315789472,0.2358172752998248,0.0,0.0,1.0,0.0,0.0,0.5,0.03718618798731899,0.028169014084507043,0.42857142857142855,0.0838949303109205
3678,0.2714285714285714,0.0,1.0,1.0,0.5,0.3333333333333333,0.5394736842105263,0.2724700175178547,0.0,1.0,0.0,1.0,0.0,0.0,0.0827521206409048,0.014084507042253521,0.5714285714285714,0.07742380150099555
3679,0.21428571428571427,1.0,1.0,0.0,0.0,0.6666666666666666,0.6578947368421053,0.2585904864573507,0.0,1.0,1.0,0.0,0.0,0.0,0.10067153628652215,0.22535211267605634,0.5714285714285714,0.0734798590902129
3680,0.2857142857142857,1.0,1.0,1.0,0.0,1.0,0.5592105263157895,0.2920091631855545,1.0,0.0,1.0,0.0,0.0,0.5,0.08469099232529959,0.29577464788732394,0.7142857142857142,0.0690572828917139
3681,0.6285714285714286,1.0,0.0,1.0,0.0,1.0,0.2302631578947368,0.331087454520954,0.0,1.0,0.0,0.0,0.0,0.5,0.03855901141480783,0.6338028169014085,0.42857142857142855,0.11773433910246592
3682,0.8714285714285714,1.0,1.0,1.0,0.0,0.0,0.4736842105263158,0.7596011319229213,1.0,1.0,1.0,0.0,0.0,0.0,0.07270985984007783,0.8732394366197184,0.8571428571428571,0.1540216178369035
3683,0.42857142857142855,1.0,0.0,1.0,1.0,0.3333333333333333,0.35526315789473684,0.3083142433634281,1.0,0.0,1.0,0.0,0.0,0.5,0.05679365175883981,0.014084507042253521,0.5714285714285714,0.08760912850359932
3684,0.5857142857142857,1.0,0.0,0.0,1.0,0.6666666666666666,0.5197368421052632,0.5561245115213582,0.0,1.0,1.0,0.0,0.0,0.5,0.0797316098918361,0.014084507042253521,0.42857142857142855,0.19766618165109512
3685,0.15714285714285714,0.0,1.0,0.0,0.0,0.0,0.10526315789473684,0.05929120064681309,0.0,1.0,0.0,0.0,0.0,0.5,0.022463085139805217,0.16901408450704225,0.2857142857142857,0.028437228774186963
3686,0.9142857142857143,1.0,0.0,0.0,1.0,1.0,0.42105263157894735,0.7329200916318555,0.0,1.0,0.0,0.0,0.0,0.5,0.06587399405495542,0.028169014084507043,0.2857142857142857,0.3474626027467198
3687,0.028571428571428574,0.0,1.0,1.0,0.0,0.6666666666666666,0.5131578947368421,0.03867403314917127,1.0,0.0,0.0,0.0,1.0,0.0,0.08136977693999371,0.04225352112676056,0.42857142857142855,0.013870807168019604
3688,0.11428571428571427,0.0,1.0,0.0,0.5,0.6666666666666666,0.506578947368421,0.11710012127745585,0.0,1.0,0.0,1.0,1.0,0.0,0.07927531678709812,0.0,0.42857142857142855,0.041727293613110734
3689,0.7142857142857143,0.0,1.0,0.0,0.0,1.0,0.6381578947368421,0.7967928850559223,1.0,1.0,0.0,1.0,0.0,0.5,0.09633900685627692,0.7183098591549296,0.5714285714285714,0.22641292694133866
3690,0.21428571428571427,1.0,0.0,1.0,0.5,0.6666666666666666,0.0394736842105263,0.055248618784530384,1.0,1.0,1.0,1.0,0.0,0.5,0.0117813383600377,0.014084507042253521,0.8571428571428571,0.011060543071570793
3691,0.028571428571428574,0.0,1.0,0.0,0.0,0.3333333333333333,0.2302631578947368,0.019808651125185282,0.0,1.0,1.0,0.0,0.0,0.0,0.0373861137291863,0.04225352112676056,0.42857142857142855,0.00716993413999081
3692,0.32857142857142857,0.0,0.0,0.0,0.0,0.6666666666666666,0.3157894736842105,0.21722139873332433,1.0,0.0,0.0,1.0,0.0,0.5,0.050659754948162106,0.3380281690140845,0.2857142857142857,0.10323173533466075
3693,0.17142857142857143,1.0,1.0,1.0,0.0,0.6666666666666666,0.20394736842105263,0.08758927368279207,0.0,1.0,0.0,0.0,0.0,0.5,0.034945262089465676,0.18309859154929578,0.5714285714285714,0.024888956961249813
3694,0.014285714285714285,0.0,0.0,1.0,0.0,0.6666666666666666,0.20394736842105263,0.01266675650181916,1.0,0.0,0.0,1.0,0.0,0.0,0.03770028275212064,0.028169014084507043,0.42857142857142855,0.004633175065094195
3695,1.0,1.0,1.0,0.0,0.5,0.6666666666666666,0.11842105263157895,0.35871176391321924,1.0,0.0,1.0,1.0,0.0,0.5,0.022328125207417927,0.07042253521126761,0.7142857142857142,0.08485219788635319
3696,0.2857142857142857,0.0,1.0,1.0,0.0,0.6666666666666666,0.5394736842105263,0.2840587521897318,0.0,1.0,1.0,1.0,0.0,1.0,0.08204299627485301,0.29577464788732394,0.7142857142857142,0.06717465666002961
3697,0.2571428571428571,1.0,1.0,0.0,0.5,0.6666666666666666,0.5986842105263158,0.28203746125859047,0.0,1.0,1.0,0.0,0.0,1.0,0.09132397440349223,0.014084507042253521,0.5714285714285714,0.08014244141522438
3698,0.6571428571428571,0.0,1.0,0.0,0.5,0.0,0.05921052631578946,0.17383102007815657,1.0,1.0,0.0,1.0,0.0,0.5,0.012954458860569115,0.04225352112676056,0.5714285714285714,0.049395006892326544
3699,0.3,0.0,1.0,0.0,0.5,0.6666666666666666,0.10526315789473684,0.1047028702331222,1.0,1.0,1.0,1.0,0.0,0.5,0.020692314283266212,0.014084507042253521,0.7142857142857142,0.02470388522999949
3700,0.45714285714285713,0.0,0.0,1.0,0.5,0.0,0.1513157894736842,0.19094461662848672,0.0,0.0,0.0,0.0,0.0,0.5,0.027675434838488562,0.028169014084507043,0.14285714285714285,0.13644892020217492
3701,0.44285714285714284,0.0,1.0,1.0,0.0,0.6666666666666666,0.3355263157894737,0.3041369087724026,1.0,0.0,1.0,0.0,0.0,0.5,0.05369344957587181,0.4507042253521127,0.5714285714285714,0.0864221167100628
3702,0.9,0.0,0.0,1.0,0.0,0.3333333333333333,0.5263157894736842,0.8508287292817679,1.0,1.0,0.0,0.0,0.0,1.0,0.07999528746465598,0.9014084507042254,0.42857142857142855,0.30234339102465924
3703,0.5428571428571429,0.0,1.0,0.0,1.0,0.6666666666666666,0.05263157894736842,0.14189462336612316,0.0,0.0,1.0,0.0,0.0,1.0,0.012590927765291571,0.014084507042253521,0.2857142857142857,0.06755756369020269
3704,0.5857142857142857,0.0,0.0,0.0,0.5,1.0,0.42105263157894735,0.4706912814984503,1.0,0.0,1.0,0.0,0.0,0.5,0.06550424128180961,0.04225352112676056,0.2857142857142857,0.22327308929391945
3705,0.11428571428571427,1.0,1.0,0.0,0.5,1.0,0.09868421052631579,0.04083007680905538,0.0,1.0,1.0,0.0,0.0,1.0,0.020002094460152893,0.0,0.5714285714285714,0.011602083014244141
3706,0.34285714285714286,1.0,1.0,1.0,0.5,0.6666666666666666,0.6447368421052632,0.39374747338633603,0.0,1.0,1.0,0.0,0.0,0.0,0.09749293119698398,0.028169014084507043,0.7142857142857142,0.09314851687343646
3707,0.014285714285714285,1.0,0.0,0.0,0.0,0.3333333333333333,0.5921052631578947,0.02856757849346449,0.0,0.0,1.0,1.0,1.0,0.5,0.09330819981149858,0.028169014084507043,0.42857142857142855,0.010281053760147036
3708,0.2571428571428571,1.0,1.0,0.0,0.5,0.6666666666666666,0.625,0.29403045411669587,1.0,1.0,0.0,1.0,0.0,1.0,0.09573887593630637,0.014084507042253521,0.7142857142857142,0.06953591667943024
3709,0.2714285714285714,1.0,1.0,1.0,1.0,1.0,0.07236842105263158,0.08085163724565421,0.0,0.0,1.0,1.0,0.0,1.0,0.015739868049010366,0.0,0.7142857142857142,0.019056006534946646
3710,0.9857142857142858,1.0,1.0,1.0,0.0,0.6666666666666666,0.3223684210526315,0.6473521088802048,1.0,0.0,1.0,0.0,0.0,1.0,0.05167631614379964,0.9859154929577465,0.7142857142857142,0.1532011027722469
3711,0.22857142857142856,1.0,1.0,0.0,1.0,0.0,0.11184210526315788,0.08287292817679556,1.0,1.0,0.0,0.0,0.0,0.0,0.021677662582469365,0.0,0.5714285714285714,0.02354878235564405
3712,0.9571428571428572,0.0,1.0,0.0,0.0,1.0,0.4013157894736842,0.731572564344428,1.0,0.0,0.0,0.0,0.0,0.5,0.06224704773521096,0.9577464788732395,0.2857142857142857,0.34682442436309796
3713,0.028571428571428574,0.0,0.0,0.0,0.0,0.6666666666666666,0.15789473684210528,0.014688047432960517,1.0,1.0,1.0,0.0,0.0,0.5,0.025447690857681435,0.04225352112676056,0.42857142857142855,0.005351125746668709
3714,0.7142857142857143,1.0,1.0,1.0,1.0,0.0,0.5131578947368421,0.6658132327179624,1.0,1.0,0.0,0.0,0.0,0.5,0.07837593095673707,0.028169014084507043,0.7142857142857142,0.15757262470005617
3715,0.35714285714285715,0.0,1.0,1.0,1.0,0.0,0.4276315789473685,0.2924134213717828,0.0,1.0,0.0,0.0,0.0,0.5,0.06597549481621112,0.014084507042253521,0.42857142857142855,0.1039975493950069
3716,0.7857142857142857,1.0,1.0,0.0,1.0,1.0,0.381578947368421,0.5803800026950545,1.0,1.0,1.0,0.0,0.0,0.5,0.05952941968493336,0.028169014084507043,0.7142857142857142,0.13734236993924542
3717,0.9,0.0,1.0,0.0,1.0,0.0,0.5460526315789473,0.8804743296051745,1.0,0.0,0.0,0.0,0.0,0.5,0.08323515551366635,0.028169014084507043,0.2857142857142857,0.4173431357533057
3718,0.09999999999999999,1.0,1.0,0.0,0.0,1.0,0.3355263157894737,0.07290122624983154,0.0,1.0,1.0,1.0,1.0,1.0,0.052191328934967016,0.11267605633802817,0.7142857142857142,0.01717338030326237
3719,0.5142857142857143,0.0,0.0,0.0,0.5,0.6666666666666666,0.1776315789473684,0.9999999999999999,1.0,0.0,1.0,0.0,0.0,0.5,0.17619787553812058,0.04225352112676056,0.2857142857142857,0.4739495583805586
3720,0.3714285714285714,1.0,0.0,1.0,0.0,0.0,0.4144736842105263,0.29551273413286616,0.0,1.0,0.0,0.0,0.0,0.5,0.06384612699410061,0.38028169014084506,0.42857142857142855,0.10509840710675449
3721,0.6285714285714286,0.0,1.0,0.0,0.0,1.0,0.631578947368421,0.7012532003773075,0.0,1.0,1.0,0.0,0.0,0.5,0.09609383181484972,0.6338028169014085,0.42857142857142855,0.2492150405881452
3722,0.04285714285714286,0.0,0.0,1.0,0.0,0.3333333333333333,0.4013157894736842,0.042716615011453976,0.0,1.0,1.0,0.0,1.0,0.0,0.06479736098020734,0.056338028169014086,0.42857142857142855,0.015306708531168632
3723,0.5142857142857143,0.0,1.0,1.0,0.5,0.3333333333333333,0.4144736842105263,0.41355612451152135,1.0,1.0,0.0,1.0,0.0,0.5,0.06533866571566854,0.04225352112676056,0.7142857142857142,0.09783912799305663
3724,1.0,1.0,0.0,1.0,0.0,0.6666666666666666,0.618421052631579,0.9999999999999999,0.0,1.0,0.0,1.0,0.0,0.5,0.08550264831211586,1.0,0.5714285714285714,0.2841553070914382
3725,0.45714285714285713,0.0,1.0,0.0,1.0,0.6666666666666666,0.3421052631578947,0.3157256434442797,0.0,0.0,0.0,1.0,0.0,1.0,0.054122754405506526,0.014084507042253521,0.2857142857142857,0.14988257517741357
3726,0.42857142857142855,1.0,1.0,0.0,0.5,0.6666666666666666,0.6578947368421053,0.4989893545344293,0.0,1.0,0.0,0.0,0.0,0.5,0.09981453893162263,0.028169014084507043,0.42857142857142855,0.1773721090519222
3727,0.7714285714285715,0.0,1.0,1.0,0.0,0.6666666666666666,0.10526315789473684,0.26492386470826035,1.0,0.0,0.0,0.0,0.0,0.5,0.02073515551366635,0.7746478873239436,0.42857142857142855,0.0942334201255935
3728,0.15714285714285714,0.0,1.0,1.0,0.5,0.6666666666666666,0.35526315789473684,0.11750437946368412,0.0,1.0,0.0,0.0,0.0,0.5,0.05639333961671379,0.014084507042253521,0.42857142857142855,0.04187088374942564
3729,0.14285714285714285,1.0,1.0,0.0,0.0,0.3333333333333333,0.14473684210526314,0.05592238242824417,0.0,0.0,1.0,0.0,0.0,0.5,0.0235626767200754,0.15492957746478875,0.42857142857142855,0.019997319650788787
3730,0.44285714285714284,1.0,1.0,0.0,0.0,0.6666666666666666,0.30263157894736836,0.2809594394286484,1.0,0.0,0.0,1.0,0.0,1.0,0.048627474081055604,0.4507042253521127,0.5714285714285714,0.07983611579108593
3731,0.8,1.0,1.0,0.0,1.0,0.0,0.11842105263157895,0.28365449400350357,0.0,1.0,1.0,1.0,0.0,0.5,0.02184301469980323,0.028169014084507043,0.7142857142857142,0.06707892990248635
3732,0.5285714285714286,0.0,1.0,1.0,0.0,0.6666666666666666,0.1513157894736842,0.2145263441584692,0.0,0.0,1.0,0.0,0.0,0.5,0.026638226102485243,0.5352112676056339,0.42857142857142855,0.0763325164650023
3733,0.8428571428571429,1.0,1.0,1.0,1.0,0.0,0.14473684210526314,0.9999999999999999,0.0,1.0,0.0,0.0,0.0,0.5,0.10359723531259818,0.028169014084507043,0.5714285714285714,0.2841553070914382
3734,0.2571428571428571,1.0,1.0,1.0,0.5,0.3333333333333333,0.21052631578947364,0.13219242689664465,1.0,0.0,0.0,0.0,0.0,0.0,0.03616250806091572,0.014084507042253521,0.5714285714285714,0.03756317965997856
3735,0.7857142857142857,1.0,1.0,1.0,0.0,0.6666666666666666,0.09210526315789472,0.24969680636032876,0.0,0.0,1.0,0.0,0.0,0.0,0.018227413491315472,0.7887323943661972,0.5714285714285714,0.0709526726910706
3736,0.1857142857142857,1.0,1.0,1.0,0.5,0.3333333333333333,0.5328947368421053,0.18824956205363158,1.0,0.0,1.0,1.0,0.0,1.0,0.0817961491854046,0.014084507042253521,0.8571428571428571,0.03805548869877251
3737,0.45714285714285713,1.0,1.0,1.0,0.0,0.3333333333333333,0.1513157894736842,0.18393747473386335,0.0,0.0,0.0,1.0,0.0,0.5,0.02619027218461714,0.4647887323943662,0.5714285714285714,0.0522668096186246
3738,0.12857142857142856,1.0,0.0,1.0,0.0,1.0,0.2763157894736842,0.08327718636302384,1.0,0.0,0.0,1.0,0.0,0.0,0.04637134778510839,0.14084507042253522,0.5714285714285714,0.023663654464695972
3739,0.9,1.0,0.0,1.0,0.0,0.6666666666666666,0.013157894736842118,0.18582401293626194,1.0,0.0,0.0,1.0,0.0,0.0,0.007319156456173422,0.9014084507042254,0.5714285714285714,0.052802879460866904
3740,0.9,0.0,1.0,0.0,0.0,0.0,0.07236842105263158,0.26007276647352107,1.0,1.0,0.0,0.0,0.0,1.0,0.015433553251649388,0.9014084507042254,0.42857142857142855,0.09251033848981467
3741,0.8714285714285714,0.0,1.0,1.0,0.0,0.3333333333333333,0.5921052631578947,0.9149710281633202,0.0,0.0,0.0,0.0,0.0,1.0,0.09023745097443069,0.8732394366197184,0.2857142857142857,0.4336805023740236
3742,0.9571428571428572,0.0,1.0,1.0,1.0,0.6666666666666666,0.5526315789473684,0.948928715806495,0.0,1.0,0.0,0.0,0.0,0.0,0.08460386982314132,0.028169014084507043,0.42857142857142855,0.33718793077040893
3743,0.6,1.0,0.0,0.0,0.0,1.0,0.5592105263157895,0.6004581592777253,1.0,0.0,0.0,0.0,0.0,0.5,0.08478179865418757,0.6056338028169014,0.2857142857142857,0.2847296676366978
3744,0.8285714285714286,1.0,1.0,0.0,0.5,0.6666666666666666,0.2763157894736842,0.48443605983021154,1.0,0.0,0.0,0.0,0.0,1.0,0.04445757919455582,0.056338028169014086,0.42857142857142855,0.1722028641445857
3745,0.7285714285714286,0.0,1.0,0.0,0.0,0.6666666666666666,0.09868421052631579,0.2386470826034227,1.0,0.0,0.0,0.0,0.0,0.5,0.019158268687015152,0.7323943661971831,0.2857142857142857,0.11337877163424721
3746,0.2571428571428571,0.0,1.0,0.0,0.0,0.3333333333333333,0.07236842105263158,0.07829133539954183,0.0,0.0,0.0,0.0,0.0,0.0,0.016320253980852222,0.26760563380281693,0.14285714285714285,0.056421350896002455
3747,0.2857142857142857,0.0,1.0,0.0,0.0,1.0,0.4013157894736842,0.22934914432017248,1.0,0.0,0.0,1.0,0.0,0.0,0.06382119294466136,0.29577464788732394,0.42857142857142855,0.08159748812988206
3748,0.3,1.0,1.0,0.0,0.5,0.6666666666666666,0.5460526315789473,0.3030588869424606,1.0,1.0,1.0,0.0,0.0,0.5,0.08375460543226801,0.014084507042253521,0.7142857142857142,0.07167381426456323
