,Tenure,MonthlyCharges,Charges_Per_Tenure,average_charge_per_service,TotalCharges,renewal,Contract,Total_Services_Added,PaymentMethod
485,0.7571428571428571,0.4078947368421053,0.06395085000174537,0.1203531496838282,0.5937205228405875,0.7605633802816901,0.0,0.8571428571428571,0.0
2176,0.24285714285714283,0.09868421052631579,0.01879777987223793,0.057952979016694744,0.08044737905942594,0.2535211267605634,0.0,0.14285714285714285,0.0
3301,0.6285714285714286,0.6052631578947368,0.0919677453136454,0.15967861336600808,0.6747069128149844,0.014084507042253521,1.0,0.7142857142857142,0.0
2793,0.0857142857142857,0.2828947368421052,0.046452134105291504,0.020667406953591667,0.05780892063064277,0.0,1.0,0.42857142857142855,0.0
258,0.35714285714285715,0.2828947368421052,0.045240339302544764,0.06118854342165722,0.21533486053092574,0.014084507042253521,1.0,0.5714285714285714,0.6666666666666666
2046,0.6142857142857143,0.3486842105263158,0.05472967183617512,0.12088374942563947,0.42541436464088395,0.619718309859155,0.0,0.5714285714285714,0.6666666666666666
1898,0.9857142857142858,0.18421052631578946,0.031802881378753194,0.15942334201255937,0.4484570812558954,0.9859154929577465,0.0,0.42857142857142855,0.0
1200,0.4714285714285714,0.3157894736842105,0.05011919942340744,0.07234390156736611,0.30588869424605847,0.47887323943661975,0.0,0.7142857142857142,1.0
3707,0.014285714285714285,0.5921052631578947,0.09330819981149858,0.010281053760147036,0.02856757849346449,0.028169014084507043,0.0,0.42857142857142855,0.3333333333333333
2694,0.8428571428571429,0.4736842105263158,0.07306000628338045,0.17467580538112013,0.7380406953240802,0.8450704225352113,0.0,0.7142857142857142,0.6666666666666666
787,0.7000000000000001,1.0,0.03800188501413761,0.17279317914943587,0.3641018730629295,0.056338028169014086,0.5,0.2857142857142857,1.0
209,0.04285714285714286,0.18421052631578946,0.03157398680490103,0.0067391637310461015,0.023716480258725237,0.0,1.0,0.5714285714285714,0.3333333333333333
3393,0.0,0.29605263157894735,0.056550424128180954,0.002297442181038444,0.008085163724565423,0.014084507042253521,0.0,0.5714285714285714,0.3333333333333333
1117,0.12857142857142856,0.032894736842105254,0.009707822808671066,0.011094731199264818,0.03085837488209136,0.14084507042253522,0.0,0.42857142857142855,1.0
2966,0.17142857142857143,0.006578947368421045,0.00587254404408033,0.016248021647010773,0.033553429456946504,0.18309859154929578,0.0,0.2857142857142857,0.6666666666666666
3331,0.6857142857142857,0.02631578947368421,0.009117313277808767,0.05498544953285343,0.15442662713919955,0.6901408450704225,0.0,0.42857142857142855,0.6666666666666666
2008,0.7285714285714286,0.506578947368421,0.07743058072935548,0.13621644093385557,0.6718771055113866,0.7323943661971831,0.0,0.8571428571428571,0.6666666666666666
596,0.8714285714285714,0.09868421052631579,0.01944300872579125,0.06797237963955685,0.28742757040830075,0.8732394366197184,0.0,0.7142857142857142,0.3333333333333333
1729,0.7142857142857143,0.368421052631579,0.05849087985806953,0.18512597641292694,0.5208192965907559,0.7183098591549296,0.0,0.42857142857142855,1.0
3052,0.22857142857142856,0.21710526315789472,0.03636968453733991,0.02799050390565171,0.11858240129362618,0.23943661971830987,0.0,0.7142857142857142,0.6666666666666666
296,0.5571428571428572,0.2763157894736842,0.04403864278982093,0.11572407719405728,0.32542783991375823,0.5633802816901409,0.0,0.42857142857142855,0.0
1725,0.1857142857142857,0.26315789473684215,0.04382657869934024,0.0264907847041405,0.1122490230427166,0.1971830985915493,0.0,0.7142857142857142,0.6666666666666666
507,0.45714285714285713,0.5592105263157895,0.08468283209093765,0.2181676622249451,0.45991106319902975,0.4647887323943662,0.0,0.2857142857142857,0.6666666666666666
7,0.5857142857142857,0.5197368421052632,0.08004577891477044,0.26462704855261143,0.5580110497237568,0.5915492957746479,0.0,0.2857142857142857,0.0
2115,0.11428571428571427,0.26315789473684215,0.043355325164938736,0.02014090978710369,0.07087993531869019,0.0,0.5,0.5714285714285714,0.6666666666666666
2867,0.04285714285714286,0.13815789473684212,0.02238454288407163,0.009100423750446725,0.018461123837757713,0.056338028169014086,0.0,0.2857142857142857,0.6666666666666666
3670,0.5285714285714286,0.08552631578947367,0.017882831489657223,0.05943674375861541,0.16695863091227597,0.5352112676056339,0.0,0.42857142857142855,0.6666666666666666
1886,0.014285714285714285,0.5921052631578947,0.09377945334590009,0.006707254811865013,0.028702331222207247,0.0,0.5,0.7142857142857142,0.6666666666666666
2929,0.9714285714285714,0.09868421052631579,0.01879550328511522,0.07419461887986929,0.3137043525131384,0.971830985915493,0.0,0.7142857142857142,0.6666666666666666
1578,0.9285714285714286,0.24342105263157895,0.04005655042412818,0.142249961709297,0.5006063872793424,0.9295774647887324,0.0,0.5714285714285714,1.0
3746,0.2571428571428571,0.07236842105263158,0.016320253980852222,0.0374355439832542,0.07829133539954183,0.26760563380281693,0.0,0.2857142857142857,0.3333333333333333
3612,0.14285714285714285,0.4342105263157895,0.0673464141890155,0.04445550620309389,0.12478102681579299,0.15492957746478875,0.0,0.42857142857142855,0.0
2614,0.04285714285714286,0.1644736842105263,0.029453345900094248,0.004414371047852438,0.022503705700040424,0.056338028169014086,0.0,0.8571428571428571,0.6666666666666666
1313,0.19999999999999998,0.2236842105263158,0.036506440464970154,0.029751876244447847,0.1047028702331222,0.2112676056338028,0.0,0.5714285714285714,1.0
3103,0.6714285714285715,0.4013157894736842,0.1327953188815583,0.35532815132485834,0.9999999999999999,0.676056338028169,0.0,0.42857142857142855,0.6666666666666666
1941,0.5142857142857143,0.006578947368421045,0.006877754285859846,0.02460815847245622,0.10429861204689393,0.5211267605633803,0.0,0.7142857142857142,0.3333333333333333
1055,0.0857142857142857,0.493421052631579,0.07634307257304429,0.04190279266860673,0.08772402641153482,0.0,0.5,0.2857142857142857,1.0
1221,0.8,0.5855263157894737,0.08892636870215122,0.2950681574513708,0.8303463145128688,0.8028169014084507,0.0,0.42857142857142855,0.0
96,0.0,0.0394736842105263,0.010367577756833175,0.00042119773319038135,0.0014822800161703275,0.014084507042253521,0.0,0.5714285714285714,1.0
43,0.6,0.2763157894736842,0.045174582995418974,0.1014320722928473,0.3569599784395634,0.04225352112676056,0.5,0.5714285714285714,0.3333333333333333
976,0.8714285714285714,0.3157894736842105,0.05056094372320695,0.1600551386123449,0.5632664061447243,0.07042253521126761,0.5,0.5714285714285714,0.3333333333333333
1831,0.6857142857142857,0.45394736842105265,0.07041874242628247,0.13817200183795375,0.5838835736423662,0.056338028169014086,0.5,0.7142857142857142,0.6666666666666666
1864,0.35714285714285715,0.5526315789473684,0.08449938374537809,0.0854584673507939,0.36127206575933163,0.014084507042253521,1.0,0.7142857142857142,0.6666666666666666
2721,0.9142857142857143,0.1644736842105263,0.02856521423910679,0.10974115484760301,0.38620132057674167,0.9154929577464789,0.0,0.5714285714285714,0.0
25,0.6,0.5526315789473684,0.08423382942813931,0.16966610506968907,0.5970893410591565,0.6056338028169014,0.0,0.5714285714285714,0.0
2162,0.39999999999999997,0.5197368421052632,0.07995059962949722,0.1092050850053607,0.3843147823743431,0.4084507042253521,0.0,0.5714285714285714,0.6666666666666666
1427,0.7285714285714286,0.6447368421052632,0.09791198433988255,0.14616518609281667,0.824147688990702,0.7323943661971831,0.0,1.0,1.0
679,0.9142857142857143,0.15789473684210528,0.027767708257811934,0.17974932353091336,0.37878992049589,0.028169014084507043,1.0,0.2857142857142857,0.6666666666666666
3698,0.6571428571428571,0.05921052631578946,0.012954458860569115,0.049395006892326544,0.17383102007815657,0.04225352112676056,0.5,0.5714285714285714,0.0
781,0.8,0.013157894736842118,0.006696760752021427,0.045527645887578495,0.16022099447513813,0.8028169014084507,0.0,0.5714285714285714,0.3333333333333333
2535,0.49999999999999994,0.3092105263157895,0.04906272908157922,0.11328304487670394,0.3185554507478776,0.5070422535211268,0.0,0.42857142857142855,0.0
1011,0.45714285714285713,0.4013157894736842,0.06306229114900179,0.08466074437126665,0.3579032475407627,0.014084507042253521,1.0,0.7142857142857142,0.6666666666666666
2168,0.5285714285714286,0.1513157894736842,0.02701026836648643,0.10291264614284985,0.21654763508961056,0.5352112676056339,0.0,0.2857142857142857,0.6666666666666666
3431,0.07142857142857142,0.21052631578947364,0.03612943763744895,0.01148721090519222,0.04042581862282711,0.0,1.0,0.5714285714285714,0.6666666666666666
1104,0.9571428571428572,0.506578947368421,0.0775350668071187,0.3127776075968755,0.880204824147689,0.07042253521126761,0.5,0.42857142857142855,1.0
2941,0.42857142857142855,0.013157894736842118,0.007661670365753548,0.018226374636238322,0.09055383371513272,0.4366197183098592,0.0,0.8571428571428571,0.3333333333333333
2236,1.0,0.12499999999999997,0.023058236317054066,0.13017881758309083,0.36612316399407085,1.0,0.0,0.42857142857142855,0.3333333333333333
883,0.15714285714285714,0.1513157894736842,0.025840402136349354,0.018494409557359474,0.06508556798275164,0.16901408450704225,0.0,0.5714285714285714,0.6666666666666666
2498,0.12857142857142856,0.24999999999999997,0.041753063147973606,0.02178741001684791,0.07667430265462874,0.0,1.0,0.5714285714285714,0.3333333333333333
67,0.41428571428571426,0.05263157894736842,0.012818096135721019,0.03909480778067086,0.10968872119660422,0.028169014084507043,0.5,0.42857142857142855,0.6666666666666666
1924,0.8285714285714286,0.18421052631578946,0.031597948849023144,0.10683106141828763,0.3759601131922921,0.056338028169014086,0.5,0.5714285714285714,0.0
2333,0.4857142857142857,0.23684210526315788,0.03918136528881109,0.0925582018685863,0.2602075192022638,0.028169014084507043,0.5,0.42857142857142855,0.6666666666666666
2981,0.3857142857142857,0.2302631578947368,0.03887841658812441,0.05869964772553224,0.20657593316264652,0.3943661971830986,0.0,0.5714285714285714,0.0
1426,0.9285714285714286,0.2236842105263158,0.03734327249878617,0.11238959513963344,0.47500336881821853,0.07042253521126761,0.5,0.7142857142857142,0.3333333333333333
2514,0.7571428571428571,0.48026315789473684,0.07374245121653228,0.31734058303977125,0.6693168036652741,0.7605633802816901,0.0,0.2857142857142857,0.6666666666666666
31,0.9142857142857143,0.21710526315789472,0.03616327122453418,0.1623908714964007,0.45681175043794636,0.9154929577464789,0.0,0.42857142857142855,0.6666666666666666
3176,0.2571428571428571,0.13157894736842105,0.024654000694478886,0.020332363302190227,0.10092979382832501,0.26760563380281693,0.0,0.8571428571428571,0.0
2702,0.7857142857142857,0.6381578947368421,0.09665746600242359,0.20773344565272883,0.8776445223015765,0.7887323943661972,0.0,0.7142857142857142,1.0
3046,0.9285714285714286,0.1513157894736842,0.0273041441750207,0.10805636391484148,0.38027220051206034,0.9295774647887324,0.0,0.5714285714285714,0.6666666666666666
610,0.41428571428571426,0.2828947368421052,0.045743009739239705,0.08925562873334354,0.2509095809190136,0.014084507042253521,1.0,0.42857142857142855,0.6666666666666666
3587,0.0,0.493421052631579,0.08388312912346842,0.009323786184714352,0.011992992858105376,0.0,1.0,0.14285714285714285,0.6666666666666666
570,0.9714285714285714,0.42105263157894735,0.0655383900886503,0.3673099504773574,0.7748281902708529,0.971830985915493,0.0,0.2857142857142857,0.3333333333333333
3469,0.22857142857142856,0.631578947368421,0.39901313965737095,0.711192372491959,0.9999999999999999,0.23943661971830987,0.0,0.14285714285714285,1.0
343,0.8142857142857143,0.09210526315789472,0.018037635282264618,0.12212181548986573,0.25710820644118043,0.8169014084507042,0.0,0.2857142857142857,0.3333333333333333
1674,0.5428571428571429,0.2763157894736842,0.043741994731627154,0.08967682646653392,0.315590890715537,0.5492957746478874,0.0,0.5714285714285714,0.6666666666666666
3730,0.44285714285714284,0.30263157894736836,0.048627474081055604,0.07983611579108593,0.2809594394286484,0.4507042253521127,0.0,0.5714285714285714,0.6666666666666666
678,0.35714285714285715,0.5921052631578947,0.0899006742550569,0.18096186245979476,0.3813502223420024,0.014084507042253521,1.0,0.2857142857142857,0.6666666666666666
2677,0.5857142857142857,0.38815789473684215,0.0604999775593555,0.20904171133915353,0.4406414229888155,0.014084507042253521,1.0,0.2857142857142857,0.3333333333333333
2854,0.3857142857142857,0.368421052631579,0.05887303083344553,0.20441491805789555,0.2866190540358442,0.3943661971830986,0.0,0.14285714285714285,1.0
3290,0.7857142857142857,0.13815789473684212,0.02474081055607917,0.07138663399193343,0.30184611238377573,0.028169014084507043,1.0,0.7142857142857142,1.0
2346,0.11428571428571427,0.4144736842105263,0.06545187977798722,0.02822024812375555,0.09931276108341193,0.0,0.5,0.5714285714285714,0.6666666666666666
1788,0.11428571428571427,0.5592105263157895,0.08629175829929836,0.022199035074283963,0.12612855410322057,0.0,1.0,1.0,0.6666666666666666
56,0.6285714285714286,0.032894736842105254,0.009194680071211644,0.04039669168325931,0.14216412882360868,0.04225352112676056,0.5,0.5714285714285714,0.6666666666666666
1075,0.9857142857142858,0.20394736842105263,0.03421300659754948,0.16799088681268187,0.4725778197008489,0.9859154929577465,0.0,0.42857142857142855,1.0
1916,0.014285714285714285,0.15789473684210528,0.03487276154571159,0.00434599479246439,0.011858240129362619,0.0,1.0,0.42857142857142855,0.6666666666666666
2416,0.3857142857142857,0.006578947368421045,0.006025313046990707,0.02132792158064022,0.07505726990971566,0.014084507042253521,1.0,0.5714285714285714,0.6666666666666666
1436,0.5428571428571429,0.1513157894736842,0.026100195751468137,0.07728978404043499,0.21722139873332433,0.5492957746478874,0.0,0.42857142857142855,0.3333333333333333
576,0.3,0.2763157894736842,0.04506897438094422,0.03666061308885631,0.18137717288775096,0.3098591549295775,0.0,0.8571428571428571,0.0
3096,0.6428571428571429,0.6447368421052632,0.0980617137237225,0.34599479246438963,0.7298207788707721,0.647887323943662,0.0,0.2857142857142857,0.0
999,0.35714285714285715,0.39473684210526316,0.061299209744073074,0.05566921208673391,0.2750303193639671,0.014084507042253521,1.0,0.8571428571428571,1.0
1556,0.42857142857142855,0.006578947368421045,0.0060198838588063595,0.023663654464695972,0.08327718636302384,0.4366197183098592,0.0,0.5714285714285714,0.6666666666666666
3274,0.7285714285714286,0.11842105263157895,0.022275792068440513,0.07439883596262827,0.2618245519471769,0.056338028169014086,0.5,0.5714285714285714,1.0
528,0.19999999999999998,0.0394736842105263,0.010116242538485705,0.0113021391739419,0.04810672416116426,0.0,1.0,0.7142857142857142,0.3333333333333333
176,0.7714285714285715,0.09868421052631579,0.019261417187901635,0.12033491601572473,0.25333513003638325,0.7746478873239436,0.0,0.2857142857142857,0.3333333333333333
2273,0.4714285714285714,0.1513157894736842,0.026944613849309747,0.039067457278515634,0.19323541301711358,0.47887323943661975,0.0,0.8571428571428571,0.3333333333333333
422,0.8428571428571429,0.21710526315789472,0.036176562990889095,0.0854265584316128,0.42164128823608676,0.8450704225352113,0.0,0.8571428571428571,1.0
680,0.9,0.1776315789473684,0.03032221960414703,0.1409002144279369,0.3963077752324484,0.07042253521126761,0.5,0.42857142857142855,0.6666666666666666
2414,0.05714285714285714,0.019736842105263164,0.008105560791705938,0.0037907795987134323,0.013340520145532947,0.07042253521126761,0.0,0.5714285714285714,0.3333333333333333
1789,0.35714285714285715,0.368421052631579,0.05836293772203291,0.0939462398529637,0.2641153483358038,0.36619718309859156,0.0,0.42857142857142855,0.0
3402,0.49999999999999994,0.05263157894736842,0.012933291444130274,0.06315413284321234,0.13259668508287292,0.5070422535211268,0.0,0.2857142857142857,1.0
3146,0.17142857142857143,0.24999999999999997,0.04089030667730008,0.03517001072139685,0.09863899743969815,0.0,1.0,0.42857142857142855,1.0
3553,0.49999999999999994,0.5460526315789473,0.08445910566551472,0.17799433297595343,0.5007411400080851,0.5070422535211268,0.0,0.42857142857142855,0.6666666666666666
929,0.5285714285714286,0.381578947368421,0.05945235378739025,0.11161739929545106,0.39280420428513674,0.04225352112676056,0.5,0.5714285714285714,0.0
3494,0.3,0.09210526315789472,0.01927855368006169,0.028488283044876703,0.10025603018461123,0.014084507042253521,0.5,0.5714285714285714,0.6666666666666666
288,0.8285714285714286,0.07894736842105263,0.01664563331682615,0.07099096339408792,0.24983155908907156,0.8309859154929577,0.0,0.5714285714285714,0.0
1071,0.5571428571428572,0.5855263157894737,0.08944392082940622,0.16625823250114874,0.585096348201051,0.5633802816901409,0.0,0.5714285714285714,0.0
2477,0.7000000000000001,0.24342105263157895,0.03966069745523091,0.07615473820099337,0.3759601131922921,0.7042253521126761,0.0,0.8571428571428571,0.6666666666666666
1356,0.3142857142857143,0.2763157894736842,0.04491251075687415,0.05376014703629959,0.18919283115483088,0.323943661971831,0.0,0.5714285714285714,0.6666666666666666
1615,0.6,0.4013157894736842,0.06303837976459242,0.1659327615255016,0.46678345236491037,0.6056338028169014,0.0,0.42857142857142855,0.6666666666666666
2029,0.8,0.3157894736842105,0.05076310002149577,0.14757236942870272,0.5193370165745856,0.028169014084507043,1.0,0.5714285714285714,1.0
177,0.21428571428571427,0.4144736842105263,0.06520970782280867,0.06317008730280288,0.17746934375421103,0.014084507042253521,0.5,0.42857142857142855,0.0
1001,0.3142857142857143,0.21052631578947364,0.036634839978691144,0.05766579874406494,0.16197277994879394,0.0,1.0,0.42857142857142855,1.0
1213,0.09999999999999999,0.13815789473684212,0.026036757775683317,0.012214734262521058,0.042986120468939494,0.0,0.5,0.5714285714285714,1.0
1532,0.2857142857142857,0.5131578947368421,0.0793052376464252,0.06522821258998315,0.27583883573642365,0.29577464788732394,0.0,0.7142857142857142,0.0
2024,0.17142857142857143,0.0394736842105263,0.010005075038062788,0.019885638433654977,0.04123433499528365,0.0,1.0,0.2857142857142857,1.0
2912,0.4714285714285714,0.381578947368421,0.059655153296002655,0.0623564098636851,0.35224363293356686,0.47887323943661975,0.0,1.0,1.0
3509,0.9142857142857143,0.30263157894736836,0.048546364097730735,0.13533210803083678,0.5718905807842608,0.028169014084507043,1.0,0.7142857142857142,0.3333333333333333
370,0.5857142857142857,0.5789473684210527,0.08747363224271801,0.1426073416041252,0.6026142029376095,0.5915492957746479,0.0,0.7142857142857142,0.6666666666666666
1614,0.6857142857142857,0.19078947368421054,0.032487641616495797,0.11313945474038904,0.31815119256164937,0.056338028169014086,0.5,0.42857142857142855,1.0
729,0.39999999999999997,0.5,0.07699307744808086,0.10572063103078573,0.3720522840587522,0.028169014084507043,0.5,0.5714285714285714,0.6666666666666666
598,0.7857142857142857,0.1776315789473684,0.0309344284367847,0.12496170929698269,0.3514351165611103,0.7887323943661972,0.0,0.42857142857142855,0.0
2274,0.2571428571428571,0.5921052631578947,0.08973659407708716,0.09878044110889876,0.27772537393882224,0.26760563380281693,0.0,0.42857142857142855,1.0
3589,0.9,0.4671052631578947,0.0724405042412818,0.37056466023382856,0.7817005794367335,0.9014084507042254,0.0,0.2857142857142857,0.6666666666666666
2417,0.6,0.21710526315789472,0.036757775683317624,0.14490478378516364,0.30521493060234467,0.014084507042253521,1.0,0.2857142857142857,0.6666666666666666
1222,0.8714285714285714,0.5131578947368421,0.07851691952205771,0.16446950966019738,0.8110766743026546,0.07042253521126761,0.5,0.8571428571428571,0.6666666666666666
1068,0.7000000000000001,0.5855263157894737,0.08942507068803016,0.26003216419053454,0.7317073170731707,0.056338028169014086,0.5,0.42857142857142855,0.0
1752,0.34285714285714286,0.38815789473684215,0.06077285579641847,0.09337187930770409,0.2624983155908907,0.35211267605633806,0.0,0.42857142857142855,0.6666666666666666
1514,0.9714285714285714,0.18421052631578946,0.031963283202884885,0.31593659059580337,0.44360598302115617,0.971830985915493,0.0,0.14285714285714285,0.6666666666666666
141,0.41428571428571426,0.29605263157894735,0.04787935909519321,0.06149486904579568,0.26007276647352107,0.4225352112676056,0.0,0.7142857142857142,0.6666666666666666
491,1.0,0.06578947368421054,0.014376551486107978,0.04917004901209986,0.27799487939630774,1.0,0.0,1.0,0.6666666666666666
665,0.0,0.14473684210526314,0.025447690857681435,0.0033887272170317045,0.00363832367605444,0.014084507042253521,0.0,0.14285714285714285,0.3333333333333333
964,0.7000000000000001,0.5394736842105263,0.08220546654099906,0.19325317812835044,0.6800970219646948,0.7042253521126761,0.0,0.5714285714285714,0.6666666666666666
3708,0.2571428571428571,0.625,0.09573887593630637,0.06953591667943024,0.29403045411669587,0.014084507042253521,0.5,0.7142857142857142,0.6666666666666666
654,0.22857142857142856,0.6447368421052632,0.09707822808671064,0.06293077040894471,0.26613663926694514,0.0,1.0,0.7142857142857142,1.0
471,0.07142857142857142,0.618421052631579,0.09566446748350613,0.03263325164650023,0.09149710281633201,0.0,0.5,0.42857142857142855,0.3333333333333333
3629,0.5428571428571429,0.24999999999999997,0.04093864037313613,0.07093990912339818,0.29995957418137714,0.04225352112676056,0.5,0.7142857142857142,0.3333333333333333
1113,0.19999999999999998,0.2828947368421052,0.045491674520892235,0.03522744677592281,0.12397251044333647,0.0,1.0,0.5714285714285714,0.6666666666666666
759,0.8714285714285714,0.6118421052631579,0.09285214800401326,0.2665798744064941,0.9381484975070744,0.8732394366197184,0.0,0.5714285714285714,0.3333333333333333
3156,0.2714285714285714,0.45394736842105265,0.0706880301602262,0.08466074437126665,0.2379733189597089,0.0,1.0,0.42857142857142855,0.6666666666666666
1502,0.2714285714285714,0.07894736842105263,0.016729500471253534,0.029857175677745443,0.08368144454925211,0.014084507042253521,0.5,0.42857142857142855,0.3333333333333333
2771,0.0,0.07236842105263158,0.01602262016965127,0.0009476948996783581,0.0022907963886268693,0.0,1.0,0.42857142857142855,0.6666666666666666
69,0.9428571428571428,0.006578947368421045,0.006724154908773754,0.05368356563026497,0.18892332569734535,0.943661971830986,0.0,0.5714285714285714,0.0
2687,0.5714285714285715,0.256578947368421,0.041608238891059975,0.1516056568131924,0.31936396712033416,0.5774647887323944,0.0,0.2857142857142857,0.6666666666666666
1609,0.5285714285714286,0.06578947368421054,0.014013591944044841,0.05197005667024047,0.14593720522840586,0.5352112676056339,0.0,0.42857142857142855,0.0
195,1.0,0.368421052631579,0.0582628665489639,0.2055827844999234,0.7234874006198625,1.0,0.0,0.5714285714285714,0.3333333333333333
532,0.028571428571428574,0.20394736842105263,0.035186930568645934,0.00683489048858937,0.018865382023985983,0.0,1.0,0.42857142857142855,0.6666666666666666
3197,0.9571428571428572,0.39473684210526316,0.06169263181238564,0.20634859856026955,0.7261824551947177,0.9577464788732395,0.0,0.5714285714285714,0.6666666666666666
874,0.9285714285714286,0.019736842105263164,0.008154114186159425,0.047167764333486496,0.19956879126802318,0.07042253521126761,0.5,0.7142857142857142,0.6666666666666666
2292,0.41428571428571426,0.05921052631578946,0.013760603204524033,0.032317353346607444,0.11373130305888693,0.4225352112676056,0.0,0.5714285714285714,0.0
2196,0.8428571428571429,0.24999999999999997,0.04129751806471882,0.09434282213421438,0.4655706778062255,0.028169014084507043,1.0,0.8571428571428571,0.6666666666666666
3042,0.8142857142857143,0.5592105263157895,0.08532938997042477,0.23162046255169244,0.8151192561649373,0.056338028169014086,0.5,0.5714285714285714,0.3333333333333333
3705,0.11428571428571427,0.09868421052631579,0.020002094460152893,0.011602083014244141,0.04083007680905538,0.0,0.5,0.5714285714285714,1.0
3743,0.6,0.5592105263157895,0.08478179865418757,0.2847296676366978,0.6004581592777253,0.6056338028169014,0.0,0.2857142857142857,1.0
227,0.7857142857142857,0.2302631578947368,0.03828934967012253,0.14587800582018687,0.41032205902169516,0.056338028169014086,0.5,0.42857142857142855,1.0
2490,0.8571428571428572,0.5723684210526315,0.08674155220098577,0.24712819727370194,0.8696941113057539,0.8591549295774648,0.0,0.5714285714285714,0.3333333333333333
840,0.6857142857142857,0.04605263157894737,0.012271826732578043,0.08395874814928268,0.1765260746530117,0.028169014084507043,1.0,0.2857142857142857,1.0
555,0.7000000000000001,0.05263157894736842,0.012403393025447691,0.08612855465359678,0.18110766743026546,0.028169014084507043,1.0,0.2857142857142857,0.6666666666666666
2577,0.5714285714285715,0.1513157894736842,0.02691892140410565,0.08298552611425945,0.23325697345371244,0.014084507042253521,1.0,0.42857142857142855,0.3333333333333333
2825,0.9714285714285714,0.5855263157894737,0.08836345258096681,0.4739495583805586,0.9999999999999999,0.07042253521126761,0.5,0.2857142857142857,0.0
3713,0.028571428571428574,0.15789473684210528,0.025447690857681435,0.005351125746668709,0.014688047432960517,0.04225352112676056,0.0,0.42857142857142855,0.6666666666666666
1874,0.45714285714285713,0.29605263157894735,0.04703967097935052,0.20135166181651096,0.28230696671607597,0.014084507042253521,1.0,0.14285714285714285,0.6666666666666666
937,0.0,0.11184210526315788,0.022620169651272386,0.0005032492396560401,0.0032340654898261683,0.014084507042253521,0.0,0.8571428571428571,1.0
1132,0.04285714285714286,0.5,0.07657869934024505,0.014052688007351816,0.04945425144859183,0.056338028169014086,0.0,0.5714285714285714,1.0
847,0.21428571428571427,0.019736842105263164,0.008777097078228085,0.03517001072139685,0.04837622961864978,0.014084507042253521,0.5,0.14285714285714285,0.3333333333333333
905,0.9714285714285714,0.6578947368421053,0.08836345258096681,0.35532815132485834,0.9999999999999999,0.971830985915493,0.0,0.42857142857142855,0.3333333333333333
631,0.9857142857142858,0.5855263157894737,0.08691261613033525,0.2841553070914382,0.9999999999999999,0.9859154929577465,0.0,0.5714285714285714,0.6666666666666666
2594,0.34285714285714286,0.3092105263157895,0.04999057492931197,0.05294327870526369,0.2239590351704622,0.028169014084507043,0.5,0.7142857142857142,0.6666666666666666
1163,0.7714285714285715,0.6381578947368421,0.09605003855710735,0.24356716189309235,0.8571621075326775,0.7746478873239436,0.0,0.5714285714285714,0.6666666666666666
162,0.5142857142857143,0.5986842105263158,0.09042973227704613,0.1552305100321642,0.546287562323137,0.5211267605633803,0.0,0.5714285714285714,0.0
1866,0.05714285714285714,0.45394736842105265,0.07106503298774741,0.016579874406494104,0.058347931545613796,0.07042253521126761,0.0,0.5714285714285714,0.6666666666666666
219,0.19999999999999998,0.5197368421052632,0.07835375431982407,0.0924465206514525,0.1944481875757984,0.2112676056338028,0.0,0.2857142857142857,0.6666666666666666
1360,0.7714285714285715,0.6381578947368421,0.09664981578270927,0.2449073364986981,0.8618784530386739,0.7746478873239436,0.0,0.5714285714285714,0.6666666666666666
3545,0.07142857142857142,0.3092105263157895,0.046497015394282123,0.014014397304334507,0.04931949871984907,0.0,1.0,0.5714285714285714,1.0
2763,0.1857142857142857,0.625,0.09431802881378752,0.06061418287639761,0.2133135695997844,0.014084507042253521,0.5,0.5714285714285714,0.3333333333333333
2887,0.14285714285714285,0.6447368421052632,0.09682118070430983,0.03458197492505962,0.17113596550330143,0.15492957746478875,0.0,0.8571428571428571,0.3333333333333333
1476,0.014285714285714285,0.3355263157894737,0.054194156456173426,0.006308393322101394,0.01738310200781566,0.0,0.5,0.42857142857142855,0.6666666666666666
925,0.1857142857142857,0.4736842105263158,0.07398680490103676,0.0407859804972686,0.17261824551947177,0.0,1.0,0.7142857142857142,0.0
1659,0.8285714285714286,0.10526315789473684,0.020783079601910573,0.08090825547557053,0.2847325158334456,0.056338028169014086,0.5,0.5714285714285714,0.6666666666666666
547,0.09999999999999999,0.5657894736842105,0.08588595664467483,0.026299331189053962,0.11144050667026005,0.0,0.5,0.7142857142857142,0.6666666666666666
2805,0.2714285714285714,0.4144736842105263,0.06540999057492931,0.05268800735181498,0.22288101334052013,0.28169014084507044,0.0,0.7142857142857142,0.6666666666666666
3086,0.39999999999999997,0.631578947368421,0.09649322369917775,0.21484913463011182,0.4529039213044064,0.4084507042253521,0.0,0.2857142857142857,0.3333333333333333
3673,0.04285714285714286,0.21052631578947364,0.038171536286522145,0.009898146729973962,0.027489556663522433,0.056338028169014086,0.0,0.42857142857142855,1.0
568,0.7142857142857143,0.4342105263157895,0.06758330099240449,0.16683259304640835,0.5871176391321924,0.056338028169014086,0.5,0.5714285714285714,0.6666666666666666
1320,0.9142857142857143,0.07236842105263158,0.015312114840861306,0.053235017394919364,0.26303732650586176,0.028169014084507043,1.0,0.8571428571428571,1.0
1391,0.9428571428571428,0.18421052631578946,0.03194676945151716,0.2042553734619901,0.4305349683331087,0.943661971830986,0.0,0.2857142857142857,0.6666666666666666
3428,0.9142857142857143,0.26973684210526316,0.04397882984122381,0.1252807984887936,0.5294434712302923,0.9154929577464789,0.0,0.7142857142857142,0.6666666666666666
3226,0.7428571428571429,0.35526315789473684,0.05642594206248999,0.12438734875172308,0.5256703948254952,0.7464788732394366,0.0,0.7142857142857142,1.0
2430,0.09999999999999999,0.05921052631578946,0.01248821866163996,0.006420074539235207,0.027489556663522433,0.0,1.0,0.7142857142857142,0.6666666666666666
2206,0.24285714285714283,0.07894736842105263,0.016336789192585608,0.03545719099402665,0.07411400080851636,0.2535211267605634,0.0,0.2857142857142857,0.6666666666666666
2476,0.5142857142857143,0.30263157894736836,0.04862827011743129,0.09239546638076275,0.32515833445627274,0.04225352112676056,0.5,0.5714285714285714,0.3333333333333333
611,0.8142857142857143,0.04605263157894737,0.011862588969417269,0.0585081942104457,0.20590216951893275,0.8169014084507042,0.0,0.5714285714285714,1.0
1820,0.9428571428571428,0.09868421052631579,0.019455033972456286,0.08833665186092816,0.3108745452095405,0.07042253521126761,0.5,0.5714285714285714,0.3333333333333333
2059,0.04285714285714286,0.18421052631578946,0.03369462770970782,0.007083780058201868,0.02492925481741005,0.0,1.0,0.5714285714285714,1.0
3433,0.34285714285714286,0.04605263157894737,0.012101790763430726,0.0422856996987798,0.08853254278399136,0.35211267605633806,0.0,0.2857142857142857,0.3333333333333333
1338,0.49999999999999994,0.5855263157894737,0.08935490627290815,0.24943840302241285,0.5259399002829807,0.014084507042253521,1.0,0.2857142857142857,1.0
1833,0.9285714285714286,0.2236842105263158,0.03725759003798589,0.09609325427214845,0.474194852445762,0.9295774647887324,0.0,0.8571428571428571,0.6666666666666666
742,0.8571428571428572,0.4342105263157895,0.06755149024273419,1.0,0.7023312222072496,0.028169014084507043,1.0,0.0,0.0
637,0.32857142857142857,0.07894736842105263,0.01594407791391769,0.027875631796599788,0.09809998652472711,0.014084507042253521,1.0,0.5714285714285714,0.6666666666666666
2791,0.07142857142857142,0.07236842105263158,0.01398052152057807,0.007744294685250421,0.02142568387009837,0.08450704225352113,0.0,0.42857142857142855,0.3333333333333333
985,0.9857142857142858,0.11842105263157895,0.022297024370539924,0.16768775208046152,0.35332165476350896,0.9859154929577465,0.0,0.2857142857142857,0.3333333333333333
581,0.24285714285714283,0.4078947368421053,0.0640904806786051,0.05598100781130341,0.1970084894219108,0.2535211267605634,0.0,0.5714285714285714,0.6666666666666666
2819,0.9142857142857143,0.07236842105263158,0.015138113535851518,0.06181395823760658,0.26142029376094866,0.028169014084507043,1.0,0.7142857142857142,1.0
2340,0.5571428571428572,0.5592105263157895,0.08539114043355324,0.1997243069382754,0.5619188788572969,0.5633802816901409,0.0,0.42857142857142855,0.0
1023,0.8142857142857143,0.3223684210526315,0.05131788488413663,0.10804542371397939,0.5330817949063468,0.8169014084507042,0.0,0.8571428571428571,0.6666666666666666
73,0.6571428571428571,0.493421052631579,0.07564120560691438,0.16909174452442946,0.595068050128015,0.014084507042253521,1.0,0.5714285714285714,1.0
1703,0.49999999999999994,0.3421052631578947,0.054141794952351024,0.0815336702915199,0.3446974801239725,0.5070422535211268,0.0,0.7142857142857142,1.0
48,0.17142857142857143,0.5131578947368421,0.07946059595446965,0.04839944861387655,0.17032744913084488,0.0,1.0,0.5714285714285714,0.0
932,0.12857142857142856,0.5,0.07719132893496701,0.03618471435135549,0.1273413286619054,0.0,1.0,0.5714285714285714,0.6666666666666666
831,0.0857142857142857,0.493421052631579,0.07391948296755083,0.030431536223005054,0.08529847729416519,0.0,1.0,0.42857142857142855,0.0
2045,0.6571428571428571,0.5592105263157895,0.08500611626927627,0.15572190738755295,0.6579975744508826,0.6619718309859155,0.0,0.7142857142857142,0.3333333333333333
1192,0.8714285714285714,0.625,0.09481317077620018,0.27151937509572677,0.9555315995148901,0.8732394366197184,0.0,0.5714285714285714,0.6666666666666666
921,0.2857142857142857,0.14473684210526314,0.02603114761455949,0.041296523204166026,0.11588734671877104,0.0,1.0,0.42857142857142855,1.0
1288,0.5428571428571429,0.5526315789473684,0.08501897097561564,0.15507734722009495,0.545748551408166,0.5492957746478874,0.0,0.5714285714285714,0.6666666666666666
3338,0.3142857142857143,0.375,0.059009138220710564,0.055687445754837396,0.2355477698423393,0.323943661971831,0.0,0.7142857142857142,1.0
3735,0.7857142857142857,0.09210526315789472,0.018227413491315472,0.0709526726910706,0.24969680636032876,0.7887323943661972,0.0,0.5714285714285714,0.6666666666666666
1187,0.5142857142857143,0.21052631578947364,0.035025600529841806,0.0719482309695206,0.25320037730764045,0.04225352112676056,0.5,0.5714285714285714,0.0
756,0.5714285714285715,0.019736842105263164,0.008436587664651388,0.04450336958186552,0.12491577954453577,0.04225352112676056,0.5,0.42857142857142855,0.3333333333333333
2979,0.7571428571428571,0.032894736842105254,0.01001850106468391,0.06312222392403125,0.17733459102546825,0.7605633802816901,0.0,0.42857142857142855,0.6666666666666666
2717,0.5285714285714286,0.20394736842105263,0.0347487474577112,0.1845037524888957,0.2585904864573507,0.04225352112676056,0.5,0.14285714285714285,0.6666666666666666
3352,0.32857142857142857,0.5855263157894737,0.08839930882814954,0.1232864910399755,0.34671877105511384,0.3380281690140845,0.0,0.42857142857142855,0.6666666666666666
2487,0.6428571428571429,0.11184210526315788,0.021001516207023722,0.10597590238423445,0.2230157660692629,0.647887323943662,0.0,0.2857142857142857,0.6666666666666666
2817,0.4857142857142857,0.6381578947368421,0.09648579507203446,0.194411471894624,0.5469613259668508,0.014084507042253521,1.0,0.42857142857142855,0.6666666666666666
3172,0.34285714285714286,0.5921052631578947,0.08957587181903864,0.12993950068923266,0.36544940035035706,0.35211267605633806,0.0,0.42857142857142855,0.3333333333333333
1966,0.9428571428571428,0.02631578947368421,0.00890458170973596,0.05961862459794762,0.2098099986524727,0.07042253521126761,0.5,0.5714285714285714,0.6666666666666666
3026,0.7285714285714286,0.18421052631578946,0.0313564851736388,0.11711211517843467,0.32933566904729816,0.028169014084507043,1.0,0.42857142857142855,0.0
2860,0.12857142857142856,0.04605263157894737,0.011310084825636193,0.016056568131924236,0.03314917127071823,0.14084507042253522,0.0,0.2857142857142857,0.6666666666666666
2459,0.12857142857142856,0.48026315789473684,0.07587181903864279,0.05977178741001685,0.1254547904595068,0.14084507042253522,0.0,0.2857142857142857,1.0
2868,0.8428571428571429,0.21710526315789472,0.036600691171850455,0.10061520396181141,0.4252796119121412,0.028169014084507043,1.0,0.7142857142857142,0.3333333333333333
1501,0.6285714285714286,0.04605263157894737,0.011687087653157395,0.02789477714810844,0.15819970354399676,0.6338028169014085,0.0,1.0,0.6666666666666666
1552,0.014285714285714285,0.2828947368421052,0.04052780395852969,0.003101546944401899,0.013475272874275704,0.028169014084507043,0.0,0.7142857142857142,0.6666666666666666
572,0.8,0.19736842105263155,0.03318616994890619,0.10686935212130495,0.37609486592103486,0.8028169014084507,0.0,0.5714285714285714,0.0
3571,0.44285714285714284,0.29605263157894735,0.047861687087653156,0.07884055751263594,0.27745586848133674,0.4507042253521127,0.0,0.5714285714285714,1.0
3037,0.14285714285714285,0.5723684210526315,0.0862822380258761,0.07355644049624752,0.15456137986794233,0.15492957746478875,0.0,0.2857142857142857,1.0
1727,0.8142857142857143,0.18421052631578946,0.03136273522051415,0.1744524429468525,0.3676054440102412,0.8169014084507042,0.0,0.2857142857142857,0.6666666666666666
2881,0.19999999999999998,0.26315789473684215,0.043418158969525604,0.03396385357635166,0.11952567039482548,0.014084507042253521,0.5,0.5714285714285714,0.0
1983,0.22857142857142856,0.09210526315789472,0.01818484226866996,0.013009266350130189,0.07438350626600188,0.23943661971830987,0.0,1.0,0.3333333333333333
2288,0.2571428571428571,0.11184210526315788,0.020586338608065878,0.03205889110124062,0.08988007007141893,0.0,1.0,0.42857142857142855,1.0
1089,0.7428571428571429,0.08552631578947367,0.018085465829672964,0.33623066319497624,0.23514351165611103,0.028169014084507043,1.0,0.0,0.6666666666666666
2383,0.7285714285714286,0.006578947368421045,0.00618067135503516,0.03357456476234237,0.14216412882360868,0.056338028169014086,0.5,0.7142857142857142,0.0
1947,0.8142857142857143,0.26315789473684215,0.04252656894926712,0.2182952979016695,0.46018056865651524,0.8169014084507042,0.0,0.2857142857142857,0.0
3061,0.6,0.20394736842105263,0.034828924007627736,0.0833588604686782,0.2933566904729821,0.014084507042253521,1.0,0.5714285714285714,0.6666666666666666
3618,0.2571428571428571,0.5789473684210527,0.08869487573788383,0.0781130341553071,0.27489556663522435,0.014084507042253521,0.5,0.5714285714285714,0.0
2222,0.44285714285714284,0.02631578947368421,0.008983270499528746,0.02349134630111809,0.09958226654089744,0.4507042253521127,0.0,0.7142857142857142,1.0
1175,0.7857142857142857,0.2763157894736842,0.044701763834657335,0.1641139531321795,0.4616628486726856,0.7887323943661972,0.0,0.42857142857142855,1.0
1670,0.5714285714285715,0.38815789473684215,0.06066527206271119,0.12249195895236638,0.4310739792480797,0.5774647887323944,0.0,0.5714285714285714,0.6666666666666666
2298,0.07142857142857142,0.1644736842105263,0.028275212064090477,0.012099862153469138,0.03368818218568926,0.0,0.5,0.42857142857142855,0.3333333333333333
1815,0.4714285714285714,0.07236842105263158,0.015412762654543437,0.06532393934752642,0.13717827786012665,0.47887323943661975,0.0,0.2857142857142857,0.6666666666666666
3453,0.028571428571428574,0.2236842105263158,0.038328620797989314,0.007313524276305713,0.020212909311413556,0.0,1.0,0.42857142857142855,0.3333333333333333
259,0.09999999999999999,0.618421052631579,0.09448633364750235,0.024462289127628385,0.12127745586848132,0.0,0.5,0.8571428571428571,0.6666666666666666
2753,0.8142857142857143,0.26315789473684215,0.04277032077740583,0.13133711134936438,0.46220185958765664,0.8169014084507042,0.0,0.5714285714285714,0.0
3447,0.8571428571428572,0.09210526315789472,0.017799477758378267,0.12748251391228876,0.26842743565557203,0.8591549295774648,0.0,0.2857142857142857,0.6666666666666666
3376,0.8857142857142858,0.4407894736842105,0.06815971754708795,0.1729846326645224,0.7308988007007141,0.8873239436619719,0.0,0.7142857142857142,0.6666666666666666
812,0.35714285714285715,0.14473684210526314,0.02599144493583702,0.04085618011946699,0.14378116156852175,0.014084507042253521,1.0,0.5714285714285714,0.0
2688,0.8142857142857143,0.1513157894736842,0.0265689492671195,0.06639060893157998,0.3278533890311279,0.8169014084507042,0.0,0.8571428571428571,1.0
2208,0.07142857142857142,0.368421052631579,0.056079170593779454,0.027607596875478636,0.05753941517315725,0.08450704225352113,0.0,0.2857142857142857,1.0
2528,0.6857142857142857,0.019736842105263164,0.007655465579257149,0.06864246694235973,0.14418541975475002,0.6901408450704225,0.0,0.2857142857142857,0.6666666666666666
2649,0.5571428571428572,0.14473684210526314,0.025848256361922714,0.052337009240823,0.2213987333243498,0.5633802816901409,0.0,0.7142857142857142,0.0
1657,0.3857142857142857,0.381578947368421,0.059950181769220415,0.08266962781436668,0.29093114135561243,0.3943661971830986,0.0,0.5714285714285714,0.3333333333333333
2898,0.9714285714285714,0.3223684210526315,0.05164665546585802,0.1812298973809159,0.6377846651394691,0.028169014084507043,1.0,0.5714285714285714,0.6666666666666666
2091,0.9857142857142858,0.20394736842105263,0.03442843678470446,0.16875670087302802,0.47473386336073303,0.028169014084507043,1.0,0.42857142857142855,0.3333333333333333
1411,0.5571428571428572,0.3223684210526315,0.0517200754005655,0.08737300250165927,0.36935722948389704,0.5633802816901409,0.0,0.7142857142857142,0.6666666666666666
3398,0.6571428571428571,0.23684210526315788,0.03922433673571701,0.1662837596364936,0.3503570947311683,0.6619718309859155,0.0,0.2857142857142857,1.0
2456,0.21428571428571427,0.18421052631578946,0.03186852026390198,0.028756317965997855,0.10119929928581052,0.0,1.0,0.5714285714285714,0.0
1494,0.3857142857142857,0.4078947368421053,0.06304699070957318,0.07173763210292541,0.3033283923999461,0.014084507042253521,1.0,0.7142857142857142,1.0
1444,0.5571428571428572,0.2302631578947368,0.038572101790763424,0.10461977331903814,0.2941652068454386,0.014084507042253521,1.0,0.42857142857142855,0.3333333333333333
1017,0.7428571428571429,0.5526315789473684,0.08463002151761422,0.17499489457293105,0.7393882226115078,0.7464788732394366,0.0,0.7142857142857142,0.0
1128,0.24285714285714283,0.631578947368421,0.09597863650644045,0.1325241231429009,0.27907290122624984,0.0,1.0,0.2857142857142857,0.6666666666666666
2124,0.6285714285714286,0.625,0.09479526652005446,0.24624751110430387,0.6928985311952567,0.04225352112676056,0.5,0.42857142857142855,0.3333333333333333
2732,0.0,0.26315789473684215,0.06314797360980207,0.002565477102159596,0.009028432825764722,0.014084507042253521,0.0,0.5714285714285714,0.3333333333333333
3679,0.21428571428571427,0.6578947368421053,0.10067153628652215,0.0734798590902129,0.2585904864573507,0.22535211267605634,0.0,0.5714285714285714,0.6666666666666666
3107,0.3,0.13815789473684212,0.025147802244880467,0.03373410935824782,0.11871715402236893,0.3098591549295775,0.0,0.5714285714285714,0.0
2832,0.34285714285714286,0.618421052631579,0.094062205466541,0.13563524276305713,0.38148497507074514,0.35211267605633806,0.0,0.42857142857142855,1.0
2377,0.41428571428571426,0.368421052631579,0.058435438265786996,0.10859243375708379,0.3053496833310874,0.028169014084507043,0.5,0.42857142857142855,0.6666666666666666
1656,0.32857142857142857,0.493421052631579,0.07622525918944392,0.05395638688926329,0.3049454251448592,0.3380281690140845,0.0,1.0,0.6666666666666666
867,0.45714285714285713,0.6578947368421053,0.09939165452831805,0.15040588145198347,0.5293087185015496,0.028169014084507043,0.5,0.5714285714285714,1.0
926,0.1857142857142857,0.45394736842105265,0.07028409855931061,0.05881451983458416,0.16520684543862013,0.1971830985915493,0.0,0.42857142857142855,0.6666666666666666
997,0.5857142857142857,0.375,0.05899645437816975,0.2047659161688875,0.43161299016305077,0.5915492957746479,0.0,0.2857142857142857,0.3333333333333333
3213,0.5714285714285715,0.4342105263157895,0.06707891772602928,0.08303338949303109,0.46866999056730896,0.04225352112676056,0.5,1.0,1.0
1647,0.028571428571428574,0.09210526315789472,0.018535972353125978,0.0022263308754348734,0.011723487400619861,0.04225352112676056,0.0,0.8571428571428571,0.6666666666666666
1362,0.0,0.11184210526315788,0.018850141376060323,0.0007658140603461479,0.002695054574855141,0.0,0.5,0.5714285714285714,0.0
210,0.7142857142857143,0.1776315789473684,0.03049287575539169,0.06412051725269677,0.316668912545479,0.7183098591549296,0.0,0.8571428571428571,0.0
2728,0.9571428571428572,0.19078947368421054,0.032738260242834175,0.1052100883238883,0.4446840048510982,0.9577464788732395,0.0,0.7142857142857142,0.0
59,0.8,0.29605263157894735,0.047952114026820106,0.11746311328942667,0.4964290526883169,0.028169014084507043,1.0,0.7142857142857142,0.6666666666666666
1536,0.49999999999999994,0.3421052631578947,0.053932348937061475,0.09764129269413385,0.34361945829403046,0.04225352112676056,0.5,0.5714285714285714,0.6666666666666666
1616,0.05714285714285714,0.23684210526315788,0.03732327992459943,0.00972583856639608,0.03422719310066029,0.0,0.5,0.5714285714285714,0.3333333333333333
3652,1.0,0.07236842105263158,0.015239410070223416,0.20451064481543882,0.28675380676458695,1.0,0.0,0.14285714285714285,0.3333333333333333
1057,0.21428571428571427,0.2894736842105263,0.04665409990574929,0.09672231582171849,0.13502223420024256,0.0,1.0,0.14285714285714285,0.6666666666666666
765,0.014285714285714285,0.26315789473684215,0.049010367577756835,0.004518302956042272,0.01590082199164533,0.028169014084507043,0.0,0.5714285714285714,0.0
3427,0.7857142857142857,0.30263157894736836,0.048943045644270905,0.17617552458263133,0.49562053631586034,0.056338028169014086,0.5,0.42857142857142855,0.0
1073,0.44285714285714284,0.18421052631578946,0.03145617342130066,0.07202481237555522,0.20239859857162107,0.4507042253521127,0.0,0.42857142857142855,0.6666666666666666
3326,0.09999999999999999,0.21052631578947364,0.034754948162111214,0.01245086026446112,0.05295782239590351,0.11267605633802817,0.0,0.7142857142857142,0.0
1662,0.19999999999999998,0.019736842105263164,0.008105560791705938,0.010281053760147036,0.043794636841396034,0.2112676056338028,0.0,0.7142857142857142,1.0
2672,0.49999999999999994,0.32894736842105265,0.05254476908576815,0.07958722622147343,0.33647756367066434,0.5070422535211268,0.0,0.7142857142857142,0.0
3027,0.09999999999999999,0.4342105263157895,0.06632893496701225,0.02531015469444019,0.08907155369896239,0.11267605633802817,0.0,0.5714285714285714,0.0
582,1.0,0.5855263157894737,0.08550264831211586,0.4739495583805586,0.9999999999999999,1.0,0.0,0.2857142857142857,0.3333333333333333
1138,0.9714285714285714,0.4605263157894737,0.07056509445559972,0.23426252105988668,0.8244171944481875,0.971830985915493,0.0,0.5714285714285714,0.0
1731,0.5714285714285715,0.4342105263157895,0.15772051217213398,0.35532815132485834,0.9999999999999999,0.5774647887323944,0.0,0.42857142857142855,1.0
940,0.5857142857142857,0.6381578947368421,0.09638256810735604,0.18643743299126972,0.656111036248484,0.5915492957746479,0.0,0.5714285714285714,1.0
187,0.44285714285714284,0.35526315789473684,0.05616753063147974,0.08963853576351662,0.3154561379867942,0.4507042253521127,0.0,0.5714285714285714,1.0
2736,0.49999999999999994,1.0,0.04298879463818201,0.06794047072037576,0.287292817679558,0.04225352112676056,0.5,0.7142857142857142,1.0
2170,0.8285714285714286,0.13157894736842105,0.024553107877122636,0.08994486138765509,0.31653415981673627,0.8309859154929577,0.0,0.5714285714285714,0.0
2519,0.9,0.39473684210526316,0.06151331291234684,0.24227485066625823,0.6817140547096078,0.028169014084507043,1.0,0.42857142857142855,0.3333333333333333
1431,0.9428571428571428,0.12499999999999997,0.0235626767200754,0.09951753714198193,0.3502223420024255,0.028169014084507043,1.0,0.5714285714285714,0.6666666666666666
1956,0.9,0.17105263157894737,0.029895146088595663,0.1395121764435595,0.3923999460989085,0.9014084507042254,0.0,0.42857142857142855,0.6666666666666666
1412,0.6714285714285715,0.3355263157894737,0.05397816525290605,0.10862434267626486,0.4591025468265732,0.056338028169014086,0.5,0.7142857142857142,0.6666666666666666
226,0.12857142857142856,0.2302631578947368,0.03779453345900094,0.025358018073211825,0.07101468804743295,0.0,1.0,0.42857142857142855,0.3333333333333333
1429,0.3,0.5855263157894737,0.08919544169308542,0.06483163030873247,0.3201724834927907,0.3098591549295775,0.0,0.8571428571428571,1.0
535,0.8571428571428572,0.256578947368421,0.04184113348063225,0.0968864188346498,0.47810268157930197,0.8591549295774648,0.0,0.8571428571428571,0.3333333333333333
2700,0.9857142857142858,0.6513157894736842,0.08691261613033525,0.4739495583805586,0.9999999999999999,0.07042253521126761,0.5,0.2857142857142857,0.6666666666666666
2615,0.49999999999999994,0.42105263157894735,0.06516389150696407,0.142719022821259,0.4014283789246732,0.5070422535211268,0.0,0.42857142857142855,0.6666666666666666
697,0.7000000000000001,0.256578947368421,0.04145146088595664,0.13821986521672538,0.38876162242285406,0.056338028169014086,0.5,0.42857142857142855,0.6666666666666666
2661,0.9142857142857143,0.4605263157894737,0.0712390342927572,0.18526956654924184,0.7827786012666756,0.07042253521126761,0.5,0.7142857142857142,0.6666666666666666
3501,0.35714285714285715,0.12499999999999997,0.022692670195026465,0.0626435901363149,0.13151866325293088,0.014084507042253521,1.0,0.2857142857142857,0.3333333333333333
1736,0.0857142857142857,0.13157894736842105,0.024370539921906555,0.006140871496400674,0.03570947311683061,0.09859154929577466,0.0,1.0,1.0
1037,0.15714285714285714,0.4013157894736842,0.061812755262331126,0.03603155153928626,0.12680231774693437,0.16901408450704225,0.0,0.5714285714285714,0.3333333333333333
208,0.6571428571428571,0.4407894736842105,0.0683618425010528,0.19412429162199418,0.5461528095943943,0.6619718309859155,0.0,0.42857142857142855,0.0
2997,0.39999999999999997,0.5394736842105263,0.08206311547336605,0.13975149333741768,0.3930737097426223,0.4084507042253521,0.0,0.42857142857142855,0.6666666666666666
565,0.2714285714285714,0.09868421052631579,0.019368520263901977,0.025922805942717106,0.0912275973588465,0.0,1.0,0.5714285714285714,0.3333333333333333
313,0.6,0.11184210526315788,0.021502312430133924,0.049975749221422366,0.21142703139738578,0.04225352112676056,0.5,0.7142857142857142,0.6666666666666666
601,0.24285714285714283,0.006578947368421045,0.005288511886061366,0.012980548322867207,0.04568117504379463,0.0,1.0,0.5714285714285714,1.0
233,0.49999999999999994,0.4144736842105263,0.06453555346109541,0.11314902741614336,0.398194313434847,0.014084507042253521,1.0,0.5714285714285714,0.6666666666666666
1988,0.41428571428571426,0.09210526315789472,0.017939051209550735,0.03741001684790932,0.13165341598167363,0.4225352112676056,0.0,0.5714285714285714,0.6666666666666666
1885,0.5285714285714286,0.20394736842105263,0.03459993055211072,0.09169666105069689,0.25778197008489423,0.5352112676056339,0.0,0.42857142857142855,1.0
3025,0.6571428571428571,0.05921052631578946,0.013836805903703852,0.06398376474192066,0.1797601401428379,0.04225352112676056,0.5,0.42857142857142855,0.6666666666666666
3706,0.34285714285714286,0.6447368421052632,0.09749293119698398,0.09314851687343646,0.39374747338633603,0.028169014084507043,0.5,0.7142857142857142,0.6666666666666666
111,0.21428571428571427,0.0394736842105263,0.010838831291234682,0.010622935037087281,0.05309257512464627,0.014084507042253521,0.5,0.8571428571428571,1.0
3192,0.19999999999999998,0.375,0.05824693685202638,0.07202481237555522,0.15132731437811614,0.2112676056338028,0.0,0.2857142857142857,0.6666666666666666
2801,0.8571428571428572,0.5394736842105263,0.08233803556805364,0.23621534691376933,0.8312895836140681,0.028169014084507043,1.0,0.5714285714285714,0.6666666666666666
3332,0.5714285714285715,0.5657894736842105,0.08599802303395325,0.20599440955735948,0.579571486322598,0.5774647887323944,0.0,0.42857142857142855,0.0
2637,0.05714285714285714,0.11184210526315788,0.01941564561734213,0.006088221779751876,0.02142568387009837,0.07042253521126761,0.0,0.5714285714285714,0.6666666666666666
1954,0.6,0.21710526315789472,0.036735856914275694,0.06176837406734788,0.3050801778736019,0.04225352112676056,0.5,0.8571428571428571,1.0
472,0.39999999999999997,0.493421052631579,0.0764730735480516,0.1315189921886966,0.36989624039886804,0.028169014084507043,0.5,0.42857142857142855,0.3333333333333333
1909,1.0,0.05263157894736842,0.012557911085741592,0.12327053658038495,0.25953375555855007,1.0,0.0,0.2857142857142857,0.3333333333333333
1452,0.12857142857142856,0.35526315789473684,0.055042412818096145,0.022565987644866493,0.09567443740735748,0.0,1.0,0.7142857142857142,0.3333333333333333
1094,0.15714285714285714,0.44736842105263164,0.06998114985862394,0.10083856639607904,0.1408166015361811,0.014084507042253521,0.5,0.14285714285714285,0.0
3199,0.8857142857142858,0.3157894736842105,0.050910342145026405,0.20455850819421045,0.5755289044603152,0.07042253521126761,0.5,0.42857142857142855,1.0
361,0.6285714285714286,0.12499999999999997,0.02280867106503299,0.1091667943023434,0.22975340250640075,0.04225352112676056,0.5,0.2857142857142857,1.0
135,0.07142857142857142,0.5657894736842105,0.08561105874960728,0.02354878235564405,0.08287292817679556,0.08450704225352113,0.0,0.5714285714285714,0.3333333333333333
2319,0.7428571428571429,0.02631578947368421,0.009425070688030161,0.06034614795527646,0.16951893275838836,0.028169014084507043,1.0,0.42857142857142855,1.0
1053,0.3857142857142857,0.6447368421052632,0.09714555002019658,0.10406136723336908,0.43983290661635893,0.028169014084507043,0.5,0.7142857142857142,0.6666666666666666
3630,0.45714285714285713,0.4407894736842105,0.06840316453888556,0.1817914943585031,0.38310200781565823,0.014084507042253521,1.0,0.2857142857142857,0.6666666666666666
22,0.3714285714285714,0.45394736842105265,0.069361538730059,0.07492852402103437,0.31680366527422177,0.38028169014084506,0.0,0.7142857142857142,1.0
3741,0.8714285714285714,0.5921052631578947,0.09023745097443069,0.4336805023740236,0.9149710281633202,0.8732394366197184,0.0,0.2857142857142857,0.3333333333333333
1419,0.17142857142857143,0.29605263157894735,0.04821286159646198,0.03189615561341706,0.1122490230427166,0.0,1.0,0.5714285714285714,0.6666666666666666
2605,0.22857142857142856,0.09868421052631579,0.020347064367688635,0.028421274314596415,0.0796388626869694,0.23943661971830987,0.0,0.42857142857142855,1.0
695,0.014285714285714285,0.0394736842105263,0.01649387370405278,0.0024793230203706542,0.006602883708395095,0.0,0.5,0.42857142857142855,0.0
420,0.014285714285714285,0.08552631578947367,0.02214891611687088,0.006643436973502833,0.00821991645330818,0.0,0.5,0.14285714285714285,0.0
3608,0.6,0.35526315789473684,0.056002454902132695,0.12034767958339715,0.42352782643848536,0.014084507042253521,1.0,0.5714285714285714,1.0
460,0.8857142857142858,0.10526315789473684,0.019882411022844576,0.08412467452902435,0.2960517450478372,0.07042253521126761,0.5,0.5714285714285714,0.6666666666666666
1067,0.7428571428571429,0.26973684210526316,0.04333754201269717,0.12119007504977791,0.426492386470826,0.7464788732394366,0.0,0.5714285714285714,0.0
87,0.0,0.06578947368421054,0.0235626767200754,0.000708378005820187,0.0033688182185689255,0.014084507042253521,0.0,0.7142857142857142,0.6666666666666666
282,0.6,0.5197368421052632,0.07995966946496284,0.20288328993720325,0.5708125589543188,0.6056338028169014,0.0,0.42857142857142855,1.0
2034,0.6571428571428571,0.032894736842105254,0.010227204363607193,0.0553683565630265,0.15550464896914162,0.014084507042253521,1.0,0.42857142857142855,1.0
2629,0.09999999999999999,0.30263157894736836,0.04995287464655984,0.019987746975034464,0.07034092440371917,0.0,0.5,0.5714285714285714,0.6666666666666666
2195,0.2857142857142857,0.2894736842105263,0.04654189668327274,0.06317008730280288,0.17746934375421103,0.0,1.0,0.42857142857142855,0.6666666666666666
3558,0.22857142857142856,0.2236842105263158,0.03631424294505738,0.04220592740082708,0.11844764856488342,0.23943661971830987,0.0,0.42857142857142855,0.0
2628,0.39999999999999997,0.3157894736842105,0.04975787318404888,0.07363302190228212,0.25912949737232177,0.028169014084507043,0.5,0.5714285714285714,1.0
859,0.9571428571428572,0.4078947368421053,0.06350834395963852,0.2643398682799816,0.7438350626600189,0.028169014084507043,1.0,0.42857142857142855,0.6666666666666666
533,0.8714285714285714,0.006578947368421045,0.006551944300872581,0.06163845918211058,0.1731572564344428,0.07042253521126761,0.5,0.42857142857142855,0.6666666666666666
3249,0.6142857142857143,0.26315789473684215,0.04326964270413846,0.25179966304181345,0.35332165476350896,0.014084507042253521,1.0,0.14285714285714285,0.0
1992,0.9714285714285714,0.5460526315789473,0.08385581007799588,0.27151937509572677,0.9555315995148901,0.971830985915493,0.0,0.5714285714285714,0.6666666666666666
3515,0.5571428571428572,0.12499999999999997,0.0234684260131951,0.07393934752642059,0.20778870772133134,0.5633802816901409,0.0,0.42857142857142855,0.3333333333333333
3235,0.5428571428571429,0.09210526315789472,0.01882597452814229,0.08402256598764488,0.17666082738175448,0.04225352112676056,0.5,0.2857142857142857,0.6666666666666666
3439,0.8428571428571429,0.5460526315789473,0.08353754319824065,0.3924541787920559,0.8279207653954992,0.8450704225352113,0.0,0.2857142857142857,0.3333333333333333
2634,0.6428571428571429,0.4078947368421053,0.06361922714420358,0.23871700617756678,0.5033014418541976,0.647887323943662,0.0,0.2857142857142857,0.6666666666666666
1298,0.9571428571428572,0.5526315789473684,0.08468703221156512,0.22480471741461175,0.9497372321789516,0.9577464788732395,0.0,0.7142857142857142,0.6666666666666666
3691,0.028571428571428574,0.2302631578947368,0.0373861137291863,0.00716993413999081,0.019808651125185282,0.04225352112676056,0.0,0.42857142857142855,0.3333333333333333
2648,0.22857142857142856,0.30263157894736836,0.048178743693518884,0.03478710369122377,0.14728473251583343,0.23943661971830987,0.0,0.7142857142857142,1.0
1457,0.9285714285714286,0.5789473684210527,0.08813869134321538,0.4523153111757799,0.9543188249562053,0.028169014084507043,1.0,0.2857142857142857,0.0
2090,0.2571428571428571,0.5263157894736842,0.08055955156505779,0.051156379231122685,0.2527961191214122,0.26760563380281693,0.0,0.8571428571428571,0.6666666666666666
3661,0.7428571428571429,0.13157894736842105,0.02413173759180552,0.05687263418156357,0.2809594394286484,0.056338028169014086,0.5,0.8571428571428571,0.3333333333333333
1149,0.3142857142857143,0.6513157894736842,0.09818464942834898,0.10353806095879921,0.364371378520415,0.323943661971831,0.0,0.5714285714285714,0.6666666666666666
942,0.04285714285714286,0.09868421052631579,0.019085768143261073,0.0038354520855669576,0.016574585635359115,0.0,1.0,0.7142857142857142,1.0
3602,0.3,0.5328947368421053,0.08234084482906348,0.08485219788635319,0.2986120468939496,0.3098591549295775,0.0,0.5714285714285714,0.0
1235,0.6857142857142857,0.48026315789473684,0.07391948296755083,0.21623717261448921,0.608408570273548,0.028169014084507043,1.0,0.42857142857142855,0.0
2470,0.3,0.23684210526315788,0.03825721874732242,0.04545106448154388,0.1599514890176526,0.3098591549295775,0.0,0.5714285714285714,0.6666666666666666
1897,0.8142857142857143,0.3157894736842105,0.05009912574344308,0.1858917904732731,0.5229753402506401,0.056338028169014086,0.5,0.42857142857142855,1.0
887,0.4714285714285714,0.36184210526315785,0.057077119254865,0.08035304028181958,0.33971162916049047,0.47887323943661975,0.0,0.7142857142857142,0.6666666666666666
2668,0.9857142857142858,0.3157894736842105,0.050693415914905074,0.1811533159748813,0.6375151596819835,0.028169014084507043,1.0,0.5714285714285714,0.6666666666666666
685,0.0857142857142857,0.0394736842105263,0.011444728692608052,0.0044690720521628775,0.02277321115752594,0.0,0.5,0.8571428571428571,0.6666666666666666
413,0.17142857142857143,0.48684210526315785,0.07445805843543826,0.04575739010568234,0.16102951084759465,0.18309859154929578,0.0,0.5714285714285714,0.0
789,0.8142857142857143,0.4013157894736842,0.06298547239104293,0.17897074590289477,0.6298342541436464,0.056338028169014086,0.5,0.5714285714285714,0.6666666666666666
2147,0.9,0.05921052631578946,0.013872525918944393,0.0698422423035687,0.24578897722678883,0.9014084507042254,0.0,0.5714285714285714,0.6666666666666666
1268,0.9857142857142858,0.21052631578947364,0.03494008347919752,0.13635319344463165,0.4798544670529578,0.9859154929577465,0.0,0.5714285714285714,0.6666666666666666
2403,0.3714285714285714,0.5460526315789473,0.08377840611582364,0.17674988512789094,0.3724565422449804,0.028169014084507043,0.5,0.2857142857142857,0.6666666666666666
2878,0.9142857142857143,0.5657894736842105,0.08598564489233669,0.21772093735640988,0.9198221263980595,0.9154929577464789,0.0,0.7142857142857142,0.3333333333333333
2216,0.39999999999999997,0.631578947368421,0.09571321784913386,0.15985411242150407,0.44966985581458024,0.028169014084507043,0.5,0.42857142857142855,0.0
1973,0.11428571428571427,0.5460526315789473,0.08210283799350718,0.04301960483994486,0.1207384449535103,0.1267605633802817,0.0,0.42857142857142855,0.0
272,0.7714285714285715,0.2763157894736842,0.044349241710221914,0.21376423137795475,0.45061312491577954,0.7746478873239436,0.0,0.2857142857142857,0.0
1586,0.09999999999999999,0.5855263157894737,0.08918473138548538,0.041057206310307855,0.11521358307505726,0.11267605633802817,0.0,0.42857142857142855,1.0
521,0.42857142857142855,0.625,0.09482837250311635,0.16952251493337417,0.4768899070206171,0.4366197183098592,0.0,0.42857142857142855,1.0
522,0.22857142857142856,0.45394736842105265,0.06963463990685811,0.05667024046561495,0.1994340385392804,0.23943661971830987,0.0,0.5714285714285714,0.0
3399,0.6571428571428571,0.4276315789473685,0.06621613491888423,0.18900291009342932,0.5317342676189193,0.6619718309859155,0.0,0.42857142857142855,0.3333333333333333
350,0.9285714285714286,0.4144736842105263,0.06480450118527403,0.26089370500842396,0.7341328661905403,0.9295774647887324,0.0,0.42857142857142855,0.0
3519,0.8571428571428572,0.032894736842105254,0.009826795012438001,0.07078036452749273,0.19889502762430938,0.8591549295774648,0.0,0.42857142857142855,0.3333333333333333
1650,0.9,0.506578947368421,0.0773150329877474,0.19557614744473373,0.8263037326505861,0.9014084507042254,0.0,0.7142857142857142,0.6666666666666666
2918,0.44285714285714284,0.2894736842105263,0.04680136663524976,0.09696163271557666,0.27260477024659746,0.4507042253521127,0.0,0.42857142857142855,0.0
2952,0.8857142857142858,0.2236842105263158,0.03698218212827072,0.15999770255781898,0.4500741140008085,0.028169014084507043,1.0,0.42857142857142855,0.6666666666666666
651,0.42857142857142855,0.11184210526315788,0.02073515551366635,0.03507428396385358,0.14849750707451825,0.4366197183098592,0.0,0.7142857142857142,0.6666666666666666
1283,0.2571428571428571,0.2828947368421052,0.04563718438414604,0.04487670393628427,0.15793019808651124,0.26760563380281693,0.0,0.5714285714285714,0.0
3228,0.7571428571428571,0.5657894736842105,0.08575068942646699,0.21653392556287332,0.762026681040291,0.028169014084507043,1.0,0.5714285714285714,0.3333333333333333
3470,0.8571428571428572,0.42105263157894735,0.06585188733177794,0.3259559912186654,0.6875084220455464,0.028169014084507043,1.0,0.2857142857142857,0.6666666666666666
1281,0.8857142857142858,0.07236842105263158,0.015753332435707555,0.061207688773165875,0.2588599919148363,0.028169014084507043,1.0,0.7142857142857142,0.6666666666666666
1732,0.21428571428571427,0.5197368421052632,0.07999528746465598,0.07518379537448308,0.21129227866864303,0.22535211267605634,0.0,0.42857142857142855,0.0
1510,0.6571428571428571,0.09868421052631579,0.019491848316521947,0.061877776075968755,0.21776040964829538,0.014084507042253521,1.0,0.5714285714285714,0.6666666666666666
2716,1.0,0.10526315789473684,0.01981919793975919,0.11850015316281207,0.33324349818083815,0.028169014084507043,1.0,0.42857142857142855,0.6666666666666666
168,0.9571428571428572,0.3486842105263158,0.05519210511725897,0.9440955735947312,0.6629834254143646,0.9577464788732395,0.0,0.0,0.3333333333333333
3475,0.8142857142857143,0.3355263157894737,0.05289414670610029,0.19412429162199418,0.5461528095943943,0.8169014084507042,0.0,0.42857142857142855,0.6666666666666666
962,0.7571428571428571,0.5197368421052632,0.07986874716375188,0.14529680764938843,0.7166150114539819,0.7605633802816901,0.0,0.8571428571428571,0.3333333333333333
945,0.014285714285714285,0.5197368421052632,0.9999999999999999,0.06806810639710012,0.28783182859452905,0.0,0.5,0.7142857142857142,0.6666666666666666
462,0.0857142857142857,0.1776315789473684,0.03042951393564023,0.009802419972430693,0.04177334591025468,0.0,1.0,0.7142857142857142,0.3333333333333333
2636,0.45714285714285713,0.6578947368421053,0.0988775597635164,0.1497166487976719,0.52688316938418,0.014084507042253521,1.0,0.5714285714285714,0.6666666666666666
328,0.6714285714285715,0.4605263157894737,0.0716894439208294,0.1374061877776076,0.58064950815254,0.676056338028169,0.0,0.7142857142857142,1.0
1468,0.5428571428571429,0.35526315789473684,0.05558375021145992,0.0902767141471384,0.38161972779948794,0.5492957746478874,0.0,0.7142857142857142,0.6666666666666666
2121,0.7714285714285715,0.18421052631578946,0.03197669437066233,0.16768775208046152,0.35332165476350896,0.028169014084507043,1.0,0.2857142857142857,0.6666666666666666
367,0.21428571428571427,0.13815789473684212,0.026920358152686147,0.025539898912544032,0.08988007007141893,0.22535211267605634,0.0,0.5714285714285714,0.3333333333333333
3236,0.3857142857142857,0.30263157894736836,0.04867375791032718,0.11676111706744269,0.24578897722678883,0.3943661971830986,0.0,0.2857142857142857,0.3333333333333333
2833,0.07142857142857142,0.42105263157894735,0.0666038328620798,0.04809312298973809,0.06656784799892197,0.08450704225352113,0.0,0.14285714285714285,1.0
3473,0.3714285714285714,0.0394736842105263,0.011205361817991411,0.032920431919130036,0.09230561918878856,0.38028169014084506,0.0,0.42857142857142855,1.0
2293,0.3,0.368421052631579,0.057878502270585205,0.10533772400061266,0.2216682387818353,0.3098591549295775,0.0,0.2857142857142857,0.3333333333333333
772,0.8857142857142858,0.2763157894736842,0.045479706177161405,0.1871841017001072,0.5266136639266945,0.8873239436619719,0.0,0.42857142857142855,0.6666666666666666
3030,0.6142857142857143,0.5,0.07638591380344444,0.15959565017613722,0.5616493733998114,0.619718309859155,0.0,0.5714285714285714,0.0
3353,0.04285714285714286,0.07894736842105263,0.01649387370405278,0.00750497779139225,0.015092305619188787,0.056338028169014086,0.0,0.2857142857142857,0.6666666666666666
2948,0.22857142857142856,0.6447368421052632,0.09724455286355824,0.07573901056823402,0.2665408974531734,0.23943661971830987,0.0,0.5714285714285714,0.6666666666666666
498,0.4857142857142857,0.17105263157894737,0.029487006866837216,0.07532738551079798,0.2116965368548713,0.49295774647887325,0.0,0.42857142857142855,1.0
2643,0.8857142857142858,0.4605263157894737,0.07136124949508549,0.26998774697503447,0.7597358846516642,0.07042253521126761,0.5,0.42857142857142855,0.3333333333333333
435,0.34285714285714286,0.26973684210526316,0.04339302544769086,0.04735921784857303,0.2003773076404797,0.014084507042253521,1.0,0.7142857142857142,0.0
365,0.3142857142857143,0.09210526315789472,0.018440355693972052,0.03641445856945934,0.10214256838700982,0.014084507042253521,0.5,0.42857142857142855,0.0
2501,0.8285714285714286,0.5197368421052632,0.07950606239716289,0.15817889416449687,0.7800835466918205,0.8309859154929577,0.0,0.8571428571428571,0.0
276,0.35714285714285715,0.48026315789473684,0.07434930761980715,0.15358400980241999,0.32354130171135964,0.36619718309859156,0.0,0.2857142857142857,0.6666666666666666
2846,0.8142857142857143,0.32894736842105265,0.052487893659202436,0.19292770715270333,0.5427839913758253,0.028169014084507043,1.0,0.42857142857142855,0.3333333333333333
2827,0.9,0.2894736842105263,0.046683553251649385,0.1551539286261296,0.5460180568656515,0.9014084507042254,0.0,0.5714285714285714,0.6666666666666666
2284,0.5428571428571429,0.02631578947368421,0.008917566881751611,0.08705391330984837,0.12141220859722408,0.5492957746478874,0.0,0.14285714285714285,1.0
407,0.09999999999999999,0.6447368421052632,0.0983741753063148,0.09011716955123296,0.12572429591699233,0.11267605633802817,0.0,0.14285714285714285,0.0
2682,0.7285714285714286,0.21052631578947364,0.03565214239106793,0.128455735947312,0.36127206575933163,0.028169014084507043,1.0,0.42857142857142855,1.0
1957,0.44285714285714284,0.24999999999999997,0.04091069745523091,0.05808061469341911,0.24565422449804608,0.4507042253521127,0.0,0.7142857142857142,0.6666666666666666
844,0.8142857142857143,0.21710526315789472,0.036302772270792025,0.19385306580895492,0.4085702735480393,0.8169014084507042,0.0,0.2857142857142857,1.0
1694,0.7571428571428571,0.2828947368421052,0.04529270080636716,0.15985411242150407,0.44966985581458024,0.056338028169014086,0.5,0.42857142857142855,1.0
3441,0.7000000000000001,0.44736842105263164,0.06953817153628652,0.1395121764435595,0.589543188249562,0.028169014084507043,1.0,0.7142857142857142,0.6666666666666666
3085,0.6142857142857143,1.0,0.009360808842429954,0.04986406800428856,0.14000808516372457,0.04225352112676056,0.5,0.42857142857142855,0.6666666666666666
2202,0.11428571428571427,0.5197368421052632,0.07854225573358466,0.02342297004573004,0.11615685217625656,0.0,1.0,0.8571428571428571,0.0
1811,0.8142857142857143,0.44736842105263164,0.06979427345705093,0.13914294466446403,0.6862956474868616,0.8169014084507042,0.0,0.8571428571428571,0.3333333333333333
2804,0.41428571428571426,0.5526315789473684,0.08444863336475023,0.14822331137999695,0.41692494273009023,0.4225352112676056,0.0,0.42857142857142855,0.6666666666666666
2257,0.5428571428571429,0.631578947368421,0.09635322264916986,0.17303568693521215,0.608947581188519,0.014084507042253521,1.0,0.5714285714285714,0.6666666666666666
855,0.6285714285714286,0.368421052631579,0.058058435438265776,0.10801807321182418,0.4565422449804608,0.6338028169014085,0.0,0.7142857142857142,0.6666666666666666
3560,0.9571428571428572,0.4078947368421053,0.0638825747075456,0.35435492928983514,0.7474733863360733,0.9577464788732395,0.0,0.2857142857142857,0.0
78,0.0857142857142857,0.4671052631578947,0.07351555136663525,0.03028794608669015,0.08489421910793692,0.0,0.5,0.42857142857142855,0.6666666666666666
944,0.2571428571428571,1.0,0.08165087553946128,0.09097871036912238,0.25576067915375283,0.0,1.0,0.42857142857142855,0.3333333333333333
199,0.39999999999999997,0.20394736842105263,0.03376775325814944,0.13778909480778068,0.1928311548308853,0.4084507042253521,0.0,0.14285714285714285,1.0
3113,0.12857142857142856,0.5,0.07615457115928369,0.03576351661816511,0.12585904864573508,0.0,0.5,0.5714285714285714,1.0
1432,0.8428571428571429,0.6447368421052632,0.09756519007225888,0.26945167713279217,0.9482549521627812,0.028169014084507043,1.0,0.5714285714285714,1.0
801,0.6857142857142857,0.24342105263157895,0.03983534978553155,0.08743682034002144,0.36962673494138254,0.6901408450704225,0.0,0.7142857142857142,0.6666666666666666
2259,0.7428571428571429,0.2302631578947368,0.03805594579695197,0.10981773625363761,0.38647082603422717,0.7464788732394366,0.0,0.5714285714285714,0.0
1999,0.8428571428571429,0.48684210526315785,0.07529060634621426,0.21515546025425025,0.7571755828055518,0.8450704225352113,0.0,0.5714285714285714,0.3333333333333333
1564,0.8571428571428572,0.2236842105263158,0.03717495094327962,0.12429162199417981,0.43740735749898935,0.028169014084507043,1.0,0.5714285714285714,1.0
231,0.35714285714285715,0.09868421052631579,0.019828898716740373,0.03434676060652474,0.12087319768225305,0.028169014084507043,0.5,0.5714285714285714,0.0
1392,0.6714285714285715,0.506578947368421,0.07744266415331448,0.17621381528564867,0.6201320576741679,0.028169014084507043,1.0,0.5714285714285714,0.3333333333333333
1775,0.05714285714285714,0.5855263157894737,0.08746465598491988,0.025022974421810385,0.07007141894623364,0.07042253521126761,0.0,0.42857142857142855,0.6666666666666666
2578,0.9857142857142858,0.02631578947368421,0.008913423993537093,0.044373454696628234,0.21937744239320844,0.07042253521126761,0.5,0.8571428571428571,0.0
2153,0.14285714285714285,0.625,0.0939079770371005,0.047327308929391944,0.1665543727260477,0.15492957746478875,0.0,0.5714285714285714,0.6666666666666666
2110,0.07142857142857142,0.2763157894736842,0.04304115614200439,0.013172001837953744,0.04635493868750842,0.0,0.5,0.5714285714285714,0.0
1517,0.35714285714285715,0.0394736842105263,0.010947582106865802,0.0207152703323633,0.08785877914027758,0.36619718309859156,0.0,0.7142857142857142,0.0
2586,0.9571428571428572,0.10526315789473684,0.020236181183123578,0.09182110583550314,0.32313704352513134,0.9577464788732395,0.0,0.5714285714285714,0.0
1442,0.17142857142857143,0.4671052631578947,0.0706880301602262,0.043766273548782354,0.1540223689529713,0.0,1.0,0.5714285714285714,0.6666666666666666
3578,0.7142857142857143,0.32894736842105265,0.05255862948383877,0.16976183182723234,0.4775636706643309,0.7183098591549296,0.0,0.42857142857142855,0.0
1143,0.6428571428571429,0.5789473684210527,0.08806294308076876,0.15715780875070198,0.6640614472443066,0.647887323943662,0.0,0.7142857142857142,0.6666666666666666
3335,1.0,0.06578947368421054,0.014323452496316256,0.0986847143513555,0.27745586848133674,1.0,0.0,0.42857142857142855,0.0
191,0.7428571428571429,0.05263157894736842,0.013141749506517524,0.07034959411854802,0.19768225306562456,0.7464788732394366,0.0,0.42857142857142855,1.0
104,0.7000000000000001,0.11184210526315788,0.021206409048067858,0.057697707663246035,0.244037191753133,0.056338028169014086,0.5,0.7142857142857142,0.3333333333333333
3480,0.44285714285714284,0.1513157894736842,0.027067624882186614,0.051807321182416904,0.18232044198895028,0.028169014084507043,0.5,0.5714285714285714,0.3333333333333333
3426,0.6571428571428571,0.5,0.07620269917981831,0.21283887272170318,0.5988411265328123,0.6619718309859155,0.0,0.42857142857142855,1.0
2303,0.8428571428571429,0.5723684210526315,0.08766886584982721,0.24532853423188852,0.8633607330548443,0.8450704225352113,0.0,0.5714285714285714,0.6666666666666666
1987,0.6428571428571429,0.45394736842105265,0.06988894808015408,0.25824526471639353,0.5445357768494812,0.647887323943662,0.0,0.2857142857142857,0.6666666666666666
1454,0.9428571428571428,0.4736842105263158,0.07295286057929017,0.2339561954357482,0.8233391726182454,0.943661971830986,0.0,0.5714285714285714,0.6666666666666666
1993,0.9285714285714286,0.5526315789473684,0.08473995373147117,0.2182952979016695,0.9222476755154291,0.028169014084507043,1.0,0.7142857142857142,0.6666666666666666
1350,0.9,0.44736842105263164,0.06928899622997173,0.35690764282432225,0.7528634954857836,0.9014084507042254,0.0,0.2857142857142857,0.6666666666666666
2859,0.39999999999999997,0.5855263157894737,0.08856316422373169,0.09937075611374892,0.42002425549117367,0.028169014084507043,0.5,0.7142857142857142,0.6666666666666666
2787,0.3,0.5723684210526315,0.08765315739868049,0.07457752591004237,0.3153213852580515,0.3098591549295775,0.0,0.7142857142857142,0.0
2114,0.9285714285714286,0.5986842105263158,0.09083768885842401,0.3481486445091132,0.9797870906885864,0.07042253521126761,0.5,0.42857142857142855,0.6666666666666666
2422,0.8714285714285714,0.5986842105263158,0.090435073424341,0.26049165262674223,0.916722813636976,0.8732394366197184,0.0,0.5714285714285714,0.6666666666666666
2272,1.0,0.17105263157894737,0.029483214081852095,0.1533446929085618,0.43134348470556527,1.0,0.0,0.42857142857142855,0.3333333333333333
2389,0.15714285714285714,0.1776315789473684,0.03031731071316368,0.02598024199724307,0.0727664735210888,0.0,1.0,0.42857142857142855,0.6666666666666666
3656,0.3142857142857143,0.1644736842105263,0.02819325492767282,0.047805942717108287,0.13421371782778602,0.014084507042253521,0.5,0.42857142857142855,0.3333333333333333
2131,0.42857142857142855,0.493421052631579,0.07652549329603842,0.0936271506611528,0.39576876431747743,0.014084507042253521,1.0,0.7142857142857142,0.0
2683,0.42857142857142855,0.21052631578947364,0.03578486516068225,0.10227446775922806,0.215200107802183,0.4366197183098592,0.0,0.2857142857142857,0.6666666666666666
3149,0.6,0.4013157894736842,0.06233697915525063,0.1644011334048093,0.46247136504514214,0.014084507042253521,1.0,0.42857142857142855,0.6666666666666666
994,0.5857142857142857,0.24342105263157895,0.04048292266953907,0.07579006483892378,0.3204419889502762,0.5915492957746479,0.0,0.7142857142857142,0.3333333333333333
464,0.12857142857142856,0.4144736842105263,0.065315739868049,0.0526241895134528,0.110362484840318,0.0,1.0,0.2857142857142857,0.0
2843,0.42857142857142855,0.21052631578947364,0.03514639263020279,0.06034614795527646,0.21237030049858507,0.028169014084507043,0.5,0.5714285714285714,0.3333333333333333
1459,0.5714285714285715,0.4013157894736842,0.06298705776878692,0.1263593199571144,0.4446840048510982,0.5774647887323944,0.0,0.5714285714285714,0.6666666666666666
3391,0.14285714285714285,0.39473684210526316,0.06100591208979522,0.027097054168581203,0.11480932488882899,0.15492957746478875,0.0,0.7142857142857142,0.3333333333333333
2004,0.014285714285714285,0.4276315789473685,0.06927426955702168,0.00784002144279369,0.021695189327583884,0.0,0.5,0.42857142857142855,0.6666666666666666
1236,0.49999999999999994,0.3421052631578947,0.05435124096764059,0.09825394394241078,0.34577550195391454,0.5070422535211268,0.0,0.5714285714285714,0.6666666666666666
2266,0.2714285714285714,0.20394736842105263,0.033176248821866164,0.03714198192678818,0.13071014688047433,0.28169014084507044,0.0,0.5714285714285714,0.6666666666666666
1490,0.6142857142857143,0.26315789473684215,0.042905492245737295,0.06214102465921274,0.35103085837488207,0.014084507042253521,1.0,1.0,0.3333333333333333
212,0.6285714285714286,0.3486842105263158,0.054518797779872244,0.10262546587022005,0.4337690338229349,0.6338028169014085,0.0,0.7142857142857142,0.0
1036,0.9142857142857143,0.4144736842105263,0.06439498296237221,0.2555808699647726,0.7191753133000943,0.07042253521126761,0.5,0.42857142857142855,1.0
3627,0.7714285714285715,0.631578947368421,0.11421472024676549,0.4739495583805586,0.9999999999999999,0.7746478873239436,0.0,0.2857142857142857,1.0
900,0.3714285714285714,0.506578947368421,0.07770447167242643,0.1656455812528718,0.34900956744374073,0.028169014084507043,0.5,0.2857142857142857,1.0
3370,0.9,0.5131578947368421,0.07881715362865221,0.17034986762356957,0.8400485109823473,0.9014084507042254,0.0,0.8571428571428571,0.6666666666666666
3043,0.2571428571428571,0.20394736842105263,0.03502157845131207,0.06149486904579568,0.12909311413556124,0.26760563380281693,0.0,0.2857142857142857,1.0
741,0.0,0.13157894736842105,0.028275212064090477,0.001148721090519222,0.0040425818622827105,0.014084507042253521,0.0,0.5714285714285714,0.6666666666666666
3292,0.9857142857142858,0.09868421052631579,0.019442574390736496,0.23150559044264052,0.32475407627004443,0.9859154929577465,0.0,0.14285714285714285,0.6666666666666666
3300,0.35714285714285715,0.2763157894736842,0.04549409120568404,0.07695474038903355,0.21627812963212503,0.36619718309859156,0.0,0.42857142857142855,1.0
2015,0.014285714285714285,0.05921052631578946,0.018850141376060323,0.0020676979629345995,0.007276647352108881,0.0,1.0,0.5714285714285714,0.0
1206,0.5714285714285715,0.18421052631578946,0.03151651686168134,0.07393934752642059,0.2602075192022638,0.014084507042253521,1.0,0.5714285714285714,0.6666666666666666
509,0.8857142857142858,0.5921052631578947,0.09045075774576244,0.22052892224434575,0.9316803665274221,0.8873239436619719,0.0,0.7142857142857142,1.0
597,0.4714285714285714,0.13815789473684212,0.024810112546432332,0.0432110583550314,0.1828594529039213,0.47887323943661975,0.0,0.7142857142857142,0.6666666666666666
1626,0.3714285714285714,0.48026315789473684,0.07355045903585017,0.1184044264052688,0.33297399272335265,0.028169014084507043,0.5,0.42857142857142855,1.0
981,0.32857142857142857,0.24999999999999997,0.04064561734213006,0.0432110583550314,0.1828594529039213,0.3380281690140845,0.0,0.7142857142857142,0.6666666666666666
1309,0.3142857142857143,0.38815789473684215,0.06064828094906363,0.05696380252208097,0.24093787899204958,0.014084507042253521,0.5,0.7142857142857142,0.6666666666666666
3297,0.2571428571428571,0.4276315789473685,0.06657076243861303,0.061035380609588,0.21479584961595471,0.26760563380281693,0.0,0.5714285714285714,0.6666666666666666
518,0.1857142857142857,0.2302631578947368,0.03695974148377541,0.07078036452749273,0.09850424471095538,0.1971830985915493,0.0,0.14285714285714285,1.0
1322,0.0,0.44736842105263164,0.05937794533459001,0.001920916934701588,0.008489421910793693,0.014084507042253521,0.0,0.7142857142857142,0.0
767,1.0,0.5657894736842105,0.08550264831211586,0.35532815132485834,0.9999999999999999,0.028169014084507043,1.0,0.42857142857142855,0.6666666666666666
2480,0.42857142857142855,0.09868421052631579,0.018758931014563253,0.04976834124674529,0.13973857970623904,0.014084507042253521,1.0,0.42857142857142855,1.0
2582,0.9857142857142858,0.42105263157894735,0.06536959741483775,0.2787467452902435,0.7843956340115886,0.9859154929577465,0.0,0.42857142857142855,1.0
421,0.7857142857142857,0.1776315789473684,0.03111956375387101,0.10028335120232808,0.35291739657728066,0.028169014084507043,1.0,0.5714285714285714,0.6666666666666666
123,0.04285714285714286,0.5197368421052632,0.08105560791705937,0.018609281666411397,0.05201455329470422,0.0,1.0,0.42857142857142855,0.0
1844,0.8,0.3355263157894737,0.05296228318203615,0.1526650329300046,0.5372591294973723,0.8028169014084507,0.0,0.5714285714285714,0.0
1272,0.8857142857142858,0.4407894736842105,0.0683242822733869,0.12986770562107522,0.7323810807168845,0.8873239436619719,0.0,1.0,1.0
3334,0.05714285714285714,0.11842105263157895,0.021677662582469365,0.008318655230510032,0.023042716615011453,0.07042253521126761,0.0,0.42857142857142855,0.6666666666666666
819,0.5857142857142857,0.2302631578947368,0.038440824020465864,0.08757083780058202,0.30817949063468536,0.5915492957746479,0.0,0.5714285714285714,1.0
100,0.4857142857142857,0.625,0.09454692338763969,0.1526650329300046,0.5372591294973723,0.028169014084507043,0.5,0.5714285714285714,0.0
3294,0.17142857142857143,0.1513157894736842,0.02617269629522221,0.016790473273089294,0.07128419350491846,0.014084507042253521,0.5,0.7142857142857142,0.3333333333333333
3660,0.7857142857142857,0.44736842105263164,0.06920694762353574,0.18693521213049472,0.6578628217221398,0.028169014084507043,1.0,0.5714285714285714,0.6666666666666666
2852,0.49999999999999994,0.3157894736842105,0.05105246622683003,0.09342931536223005,0.32879665813232717,0.014084507042253521,1.0,0.5714285714285714,1.0
3460,0.6428571428571429,0.6578947368421053,0.09918862434946522,0.3495047735743095,0.7372321789516237,0.647887323943662,0.0,0.2857142857142857,0.6666666666666666
1103,0.5285714285714286,0.4407894736842105,0.06808373431221787,0.10402945831418797,0.4396981538876162,0.5352112676056339,0.0,0.7142857142857142,0.3333333333333333
1465,0.34285714285714286,0.2763157894736842,0.044524033930254475,0.04831648542400572,0.2044198895027624,0.35211267605633806,0.0,0.7142857142857142,1.0
2759,0.6,0.29605263157894735,0.04719110974727659,0.2631911471894624,0.36935722948389704,0.6056338028169014,0.0,0.14285714285714285,0.0
2994,0.9285714285714286,0.5263157894736842,0.08022734412932339,0.31258615408178897,0.8796658132327179,0.9295774647887324,0.0,0.42857142857142855,0.6666666666666666
1554,0.8428571428571429,0.12499999999999997,0.022950047125353437,0.07288635319344464,0.30817949063468536,0.8450704225352113,0.0,0.7142857142857142,0.6666666666666666
3049,0.1857142857142857,0.5197368421052632,0.0806516763161438,0.05284117016388421,0.18595876566500472,0.0,1.0,0.5714285714285714,0.0
3102,0.21428571428571427,0.07894736842105263,0.01614043355325165,0.02329989278603155,0.06522032071149439,0.0,1.0,0.42857142857142855,1.0
2889,0.5857142857142857,0.07236842105263158,0.014990350522867017,0.05958033389493031,0.16736288909850425,0.5915492957746479,0.0,0.42857142857142855,1.0
982,0.7142857142857143,0.26315789473684215,0.042560662342222465,0.11498698116097411,0.4046624444144994,0.028169014084507043,1.0,0.5714285714285714,0.3333333333333333
456,0.21428571428571427,0.08552631578947367,0.01849670122525919,0.014178500317265827,0.07061042986120468,0.014084507042253521,0.5,0.8571428571428571,0.6666666666666666
2851,0.35714285714285715,1.0,0.2563256724425433,0.23670674426915814,0.9999999999999999,0.028169014084507043,0.5,0.7142857142857142,0.6666666666666666
2775,1.0,0.13815789473684212,0.025222020151066622,0.1102772246898453,0.38808785877914026,1.0,0.0,0.5714285714285714,0.3333333333333333
2654,0.9857142857142858,0.013157894736842118,0.007365019523360709,0.04818884974728136,0.2038808785877914,0.07042253521126761,0.5,0.7142857142857142,0.6666666666666666
381,0.5428571428571429,0.06578947368421054,0.01442760820706155,0.054171772093735644,0.1521358307505727,0.5492957746478874,0.0,0.42857142857142855,0.6666666666666666
3492,0.22857142857142856,0.4407894736842105,0.06841492487664246,0.0397238693302409,0.19646947850693974,0.0,1.0,0.8571428571428571,0.0
2591,0.8571428571428572,0.13157894736842105,0.023825342624495913,0.11414458569459335,0.32098099986524725,0.07042253521126761,0.5,0.42857142857142855,0.6666666666666666
2297,0.7571428571428571,0.381578947368421,0.0597619296959542,0.19953285342318886,0.5613798679423257,0.7605633802816901,0.0,0.42857142857142855,0.6666666666666666
1010,0.6571428571428571,0.4736842105263158,0.07285379108428419,0.11682493490580487,0.5763374208327718,0.014084507042253521,1.0,0.8571428571428571,0.3333333333333333
1918,0.17142857142857143,0.506578947368421,0.0783005872544044,0.059867514167560115,0.1681714054709608,0.18309859154929578,0.0,0.42857142857142855,0.6666666666666666
3739,0.9,0.013157894736842118,0.007319156456173422,0.052802879460866904,0.18582401293626194,0.9014084507042254,0.0,0.5714285714285714,0.6666666666666666
662,0.8,0.1513157894736842,0.026621690890751858,0.09166794302343391,0.32259803261016035,0.028169014084507043,1.0,0.5714285714285714,0.0
1498,0.8285714285714286,0.4276315789473685,0.06621511525743223,0.18980701485679277,0.6679692763778466,0.056338028169014086,0.5,0.5714285714285714,0.6666666666666666
1424,0.014285714285714285,0.3355263157894737,0.048067860508953814,0.003612089651299331,0.015631316534159816,0.028169014084507043,0.0,0.7142857142857142,0.6666666666666666
3392,0.9857142857142858,0.5723684210526315,0.08691261613033525,0.2841553070914382,0.9999999999999999,0.07042253521126761,0.5,0.5714285714285714,1.0
1849,0.3714285714285714,0.4407894736842105,0.06876810835340524,0.11184714351355492,0.31451286888559493,0.38028169014084506,0.0,0.42857142857142855,0.3333333333333333
3161,0.34285714285714286,0.019736842105263164,0.007728557964184729,0.0207152703323633,0.07290122624983154,0.028169014084507043,0.5,0.5714285714285714,0.3333333333333333
3601,0.45714285714285713,0.6118421052631579,0.09330819981149858,0.1779464695971818,0.5006063872793424,0.4647887323943662,0.0,0.42857142857142855,0.0
3374,0.5142857142857143,0.6513157894736842,0.09858114476399113,0.27949660489099915,0.5894084355208192,0.014084507042253521,1.0,0.2857142857142857,0.6666666666666666
3143,0.8857142857142858,0.5855263157894737,0.08917912122436156,0.2614872109051922,0.9202263845842877,0.028169014084507043,1.0,0.5714285714285714,0.6666666666666666
845,0.39999999999999997,0.506578947368421,0.07718807891059183,0.13257198652167254,0.3728608004312087,0.4084507042253521,0.0,0.42857142857142855,0.0
542,0.42857142857142855,0.24342105263157895,0.03958529688972667,0.08255475570531474,0.23204419889502761,0.028169014084507043,0.5,0.42857142857142855,0.0
1977,0.2857142857142857,0.30263157894736836,0.04824738566491629,0.06498889569612498,0.18258994744643578,0.0,1.0,0.42857142857142855,0.6666666666666666
2507,0.12857142857142856,0.4605263157894737,0.0709707822808671,0.04220592740082708,0.11844764856488342,0.0,0.5,0.42857142857142855,0.0
1402,0.9714285714285714,0.12499999999999997,0.023712931470174427,0.08568182978506152,0.3622153348605309,0.971830985915493,0.0,0.7142857142857142,0.6666666666666666
1196,0.6142857142857143,0.18421052631578946,0.031059892040099388,0.07857252259151477,0.27651259938013745,0.619718309859155,0.0,0.5714285714285714,0.0
1102,0.5857142857142857,0.3223684210526315,0.050850500426372236,0.108745596569153,0.38269774962943,0.04225352112676056,0.5,0.5714285714285714,0.3333333333333333
2513,0.22857142857142856,0.6052631578947368,0.09109053612019737,0.044479437892479705,0.2515833445627274,0.23943661971830987,0.0,1.0,0.3333333333333333
2226,0.32857142857142857,0.29605263157894735,0.04759660697455231,0.09825394394241078,0.2067106858913893,0.3380281690140845,0.0,0.2857142857142857,0.0
1972,0.24285714285714283,0.368421052631579,0.058383076761964595,0.06489316893858171,0.18232044198895028,0.0,1.0,0.42857142857142855,0.6666666666666666
2645,0.3857142857142857,0.4407894736842105,0.0681971186212468,0.09205085005360698,0.3239455598975879,0.3943661971830986,0.0,0.5714285714285714,0.3333333333333333
2335,0.6428571428571429,0.11184210526315788,0.021370323320903162,0.10712462347475367,0.22544131518663252,0.04225352112676056,0.5,0.2857142857142857,0.6666666666666666
2419,1.0,0.07894736842105263,0.016248290876266076,0.14101189564507072,0.2969950141490365,1.0,0.0,0.2857142857142857,0.3333333333333333
1048,0.17142857142857143,0.2763157894736842,0.04451533386500399,0.05026292949405217,0.10537663387683599,0.18309859154929578,0.0,0.2857142857142857,0.0
2655,0.6,0.3421052631578947,0.05431470968590403,0.09774340123551337,0.41315186632529305,0.014084507042253521,1.0,0.7142857142857142,1.0
1487,0.12857142857142856,0.26973684210526316,0.04429783223374175,0.028660591208454586,0.08031262633068319,0.0,0.5,0.42857142857142855,0.0
2638,0.3714285714285714,0.493421052631579,0.07599399588089503,0.0972966763669781,0.3424066837353456,0.38028169014084506,0.0,0.5714285714285714,0.0
2800,0.8714285714285714,0.019736842105263164,0.007676872092669727,0.04327487619339358,0.1831289583614068,0.028169014084507043,1.0,0.7142857142857142,0.0
237,0.9714285714285714,0.0394736842105263,0.01094127771175675,0.06712360238933987,0.23622153348605307,0.971830985915493,0.0,0.5714285714285714,0.0
1979,0.9857142857142858,0.5657894736842105,0.08664332839639155,0.28338949303109207,0.9973049454251448,0.9859154929577465,0.0,0.5714285714285714,1.0
1572,0.028571428571428574,0.12499999999999997,0.027646874018221808,0.0119084086383826,0.015631316534159816,0.04225352112676056,0.0,0.14285714285714285,1.0
1133,0.5714285714285715,0.631578947368421,0.09528516585825612,0.1801577576964313,0.6340115887346718,0.04225352112676056,0.5,0.5714285714285714,0.6666666666666666
3132,0.21428571428571427,0.5921052631578947,0.09077521206409048,0.055783172512380665,0.23595202802856757,0.22535211267605634,0.0,0.7142857142857142,0.6666666666666666
3273,0.9,0.02631578947368421,0.008600377002827522,0.09391433093378261,0.19754750033688181,0.9014084507042254,0.0,0.2857142857142857,1.0
163,0.8142857142857143,0.3421052631578947,0.054437908284312136,0.1322688517894522,0.5589543188249562,0.028169014084507043,1.0,0.7142857142857142,0.6666666666666666
3724,1.0,0.618421052631579,0.08550264831211586,0.35532815132485834,0.9999999999999999,1.0,0.0,0.42857142857142855,0.6666666666666666
1627,0.0,0.24999999999999997,0.056550424128180954,0.003005820186858631,0.008085163724565423,0.014084507042253521,0.0,0.42857142857142855,0.0
252,0.3714285714285714,0.2894736842105263,0.046043215694488084,0.06444325317812835,0.2267888424740601,0.028169014084507043,0.5,0.5714285714285714,0.0
3141,0.9142857142857143,0.13815789473684212,0.025273689552671647,0.10104916526267423,0.3556124511521358,0.9154929577464789,0.0,0.5714285714285714,0.0
2242,0.3857142857142857,0.5526315789473684,0.08425339975764104,0.09184025118701179,0.388222611507883,0.3943661971830986,0.0,0.7142857142857142,0.6666666666666666
1910,0.7000000000000001,0.5921052631578947,0.09000942507068803,0.14920792945758485,0.7358846516641961,0.7042253521126761,0.0,0.8571428571428571,0.6666666666666666
930,0.4714285714285714,0.4078947368421053,0.06386871430947497,0.10591208454587227,0.372726047702466,0.47887323943661975,0.0,0.5714285714285714,1.0
3454,0.6,0.381578947368421,0.05979440194638669,0.3182340327768418,0.4468400485109823,0.6056338028169014,0.0,0.14285714285714285,1.0
1503,0.32857142857142857,0.4276315789473685,0.06711435752434809,0.12997140960841375,0.27368279207653956,0.028169014084507043,0.5,0.2857142857142857,0.6666666666666666
2928,0.6428571428571429,0.2763157894736842,0.04519936073433594,0.10859243375708379,0.38215873871445893,0.04225352112676056,0.5,0.5714285714285714,0.0
1569,0.0,0.4736842105263158,0.07634307257304429,0.003101546944401899,0.01091497102816332,0.0,1.0,0.5714285714285714,0.6666666666666666
1446,0.4857142857142857,0.5526315789473684,0.08428706072438401,0.13807627508041048,0.48591833984638183,0.49295774647887325,0.0,0.5714285714285714,1.0
2712,0.24285714285714283,0.21052631578947364,0.03555346109540266,0.04402473579414918,0.1235682522571082,0.2535211267605634,0.0,0.42857142857142855,0.6666666666666666
3607,0.2857142857142857,0.4671052631578947,0.07145101207306674,0.05104697722250181,0.25225710820644115,0.014084507042253521,0.5,0.8571428571428571,0.6666666666666666
1090,0.34285714285714286,0.48684210526315785,0.07498586239396796,0.06343675469881628,0.3133000943269101,0.014084507042253521,1.0,0.8571428571428571,0.6666666666666666
2986,0.12857142857142856,0.5723684210526315,0.08623939679547596,0.039860621841017005,0.14027759062121006,0.14084507042253522,0.0,0.5714285714285714,0.6666666666666666
1717,0.39999999999999997,0.15789473684210528,0.028047710357827688,0.048054832286720785,0.1691146745721601,0.028169014084507043,0.5,0.5714285714285714,0.0
1181,0.3142857142857143,0.09210526315789472,0.01839937712576322,0.0486674835349977,0.10200781565826707,0.323943661971831,0.0,0.2857142857142857,0.6666666666666666
593,0.7714285714285715,0.5526315789473684,0.08432867791962985,0.36265124827691836,0.7649912410726316,0.028169014084507043,1.0,0.2857142857142857,0.6666666666666666
677,0.5571428571428572,0.625,0.09486333647502357,0.21896538520447237,0.6160894758118851,0.014084507042253521,1.0,0.42857142857142855,0.3333333333333333
41,0.35714285714285715,0.032894736842105254,0.009787573406800549,0.01969418491856844,0.08354669182050935,0.36619718309859156,0.0,0.7142857142857142,0.6666666666666666
1937,0.39999999999999997,0.618421052631579,0.09428320712405343,0.12609128503599326,0.4437407357498989,0.014084507042253521,1.0,0.5714285714285714,0.6666666666666666
2574,1.0,0.21052631578947364,0.03520463023190983,0.17397380915913616,0.4894219107936935,1.0,0.0,0.42857142857142855,0.3333333333333333
1592,0.2714285714285714,0.4078947368421053,0.06437323279924599,0.10450809210190432,0.2199164533081795,0.0,1.0,0.2857142857142857,1.0
1721,0.42857142857142855,0.5986842105263158,0.09121036149706607,0.1638267728595497,0.46085433230022904,0.4366197183098592,0.0,0.42857142857142855,0.3333333333333333
243,0.6,0.42105263157894735,0.06580014466387567,0.13746362383213356,0.48376229618649774,0.6056338028169014,0.0,0.5714285714285714,0.0
1124,0.9428571428571428,0.4078947368421053,0.06406234613923784,0.262329606371573,0.738175448052823,0.07042253521126761,0.5,0.42857142857142855,0.3333333333333333
1339,0.24285714285714283,0.5657894736842105,0.08519216671902817,0.08939921886965844,0.25131383910524185,0.2535211267605634,0.0,0.42857142857142855,1.0
1425,0.7285714285714286,0.35526315789473684,0.05611542086565649,0.18249349058048706,0.5134078965099043,0.7323943661971831,0.0,0.42857142857142855,0.3333333333333333
1620,0.49999999999999994,0.6381578947368421,0.09676405906377632,0.20049012099862154,0.5640749225171809,0.014084507042253521,1.0,0.42857142857142855,0.6666666666666666
2358,0.6428571428571429,0.6513157894736842,0.09886079580379462,0.26122874865982537,0.7350761352917397,0.647887323943662,0.0,0.42857142857142855,0.0
261,0.32857142857142857,0.21710526315789472,0.036875589066918,0.04828457650482463,0.1699231909446166,0.3380281690140845,0.0,0.5714285714285714,0.6666666666666666
2066,0.1857142857142857,0.2828947368421052,0.046182846371347785,0.03323633021902282,0.11696536854871309,0.1971830985915493,0.0,0.5714285714285714,0.6666666666666666
2985,0.04285714285714286,0.32894736842105265,0.04971724787935909,0.00968754786337877,0.034092440371917526,0.0,0.5,0.5714285714285714,0.6666666666666666
3345,0.9714285714285714,0.5789473684210527,0.08824051687634032,0.20256875916241823,0.9987872254413152,0.07042253521126761,0.5,0.8571428571428571,0.6666666666666666
834,0.21428571428571427,0.15789473684210528,0.027745051837888786,0.02607596875478634,0.09176660827381754,0.22535211267605634,0.0,0.5714285714285714,0.3333333333333333
2880,0.05714285714285714,0.4144736842105263,0.06503298774740811,0.01932723234798591,0.05403584422584557,0.0,1.0,0.42857142857142855,0.6666666666666666
1474,0.9857142857142858,0.5131578947368421,0.07841658812441094,0.6507887884821566,0.9149710281633202,0.9859154929577465,0.0,0.14285714285714285,0.0
2820,0.5857142857142857,0.0394736842105263,0.010771509357748753,0.050582018685863074,0.1420293760948659,0.04225352112676056,0.5,0.42857142857142855,0.3333333333333333
1421,0.07142857142857142,0.21710526315789472,0.036600691171850455,0.009579057538163068,0.04083007680905538,0.0,1.0,0.7142857142857142,0.0
340,0.5714285714285715,0.24999999999999997,0.041447323050044824,0.11323518149793231,0.31842069801913486,0.04225352112676056,0.5,0.42857142857142855,1.0
1660,0.7571428571428571,0.12499999999999997,0.02302160784724404,0.09878044110889876,0.27772537393882224,0.7605633802816901,0.0,0.42857142857142855,0.3333333333333333
748,0.41428571428571426,0.23684210526315788,0.03839145460257619,0.062337264512176443,0.21937744239320844,0.4225352112676056,0.0,0.5714285714285714,0.6666666666666666
1677,0.6857142857142857,0.02631578947368421,0.009444305526168997,0.07457752591004237,0.15671742352782644,0.056338028169014086,0.5,0.2857142857142857,0.0
480,0.5285714285714286,0.3355263157894737,0.05330125502257056,0.10212130494715883,0.359385527556933,0.5352112676056339,0.0,0.5714285714285714,0.6666666666666666
2588,0.9857142857142858,0.4736842105263158,0.07282886764507876,0.24410323173533466,0.8590486457350761,0.028169014084507043,1.0,0.5714285714285714,0.0
3127,0.5428571428571429,0.23684210526315788,0.039633630585562726,0.4179813141369276,0.2926829268292683,0.014084507042253521,1.0,0.0,1.0
3151,0.9571428571428572,0.4078947368421053,0.06411820147474635,0.1774518813498749,0.7497641827247001,0.9577464788732395,0.0,0.7142857142857142,0.0
783,0.8714285714285714,0.4276315789473685,0.06630993280836703,0.2497894011334048,0.7028702331222206,0.8732394366197184,0.0,0.42857142857142855,0.6666666666666666
3210,0.8285714285714286,1.0,0.03701337082062014,0.14989852963700415,0.42164128823608676,0.8309859154929577,0.0,0.42857142857142855,0.3333333333333333
1653,0.9142857142857143,0.5131578947368421,0.07892409193068947,0.30353997549395006,0.8541975475003368,0.028169014084507043,1.0,0.42857142857142855,0.6666666666666666
2453,0.7571428571428571,0.3355263157894737,0.053129472545118156,0.1207178230458978,0.5101738310200781,0.056338028169014086,0.5,0.7142857142857142,0.0
3451,0.2714285714285714,0.36184210526315785,0.057068803016022615,0.07082822790626436,0.19902978035305213,0.28169014084507044,0.0,0.42857142857142855,0.3333333333333333
2751,0.39999999999999997,0.5592105263157895,0.08492313692352692,0.11506356256700873,0.4049319498719849,0.014084507042253521,1.0,0.5714285714285714,1.0
2609,0.7428571428571429,0.032894736842105254,0.010029697864243414,0.06197350283351202,0.1741005255356421,0.7464788732394366,0.0,0.42857142857142855,0.0
3694,0.014285714285714285,0.20394736842105263,0.03770028275212064,0.004633175065094195,0.01266675650181916,0.028169014084507043,0.0,0.42857142857142855,0.6666666666666666
2674,0.5285714285714286,0.032894736842105254,0.01011954958083238,0.03545719099402665,0.12478102681579299,0.5352112676056339,0.0,0.5714285714285714,0.6666666666666666
2466,0.8142857142857143,0.5394736842105263,0.08269687022652669,0.2819057282891714,0.7932893141086106,0.8169014084507042,0.0,0.42857142857142855,0.6666666666666666
2644,0.15714285714285714,0.256578947368421,0.04154885328306629,0.04394496349619646,0.09203611373130305,0.0,1.0,0.2857142857142857,0.6666666666666666
1580,0.3714285714285714,0.4013157894736842,0.06297343526372744,0.06908919181089498,0.2921439159142972,0.38028169014084506,0.0,0.7142857142857142,0.3333333333333333
1271,0.0857142857142857,0.3486842105263158,0.05291503971994076,0.01826466533925563,0.0642770516102951,0.0,1.0,0.5714285714285714,0.6666666666666666
3181,0.45714285714285713,0.625,0.0956787478936395,0.18191913003522744,0.5117908637649912,0.014084507042253521,1.0,0.42857142857142855,0.6666666666666666
1127,0.7428571428571429,0.04605263157894737,0.011452350043568725,0.052534844539745745,0.18488074383506264,0.056338028169014086,0.5,0.5714285714285714,0.3333333333333333
626,0.6571428571428571,0.4144736842105263,0.0644915475163936,0.14780211364680654,0.5201455329470421,0.6619718309859155,0.0,0.5714285714285714,0.0
347,0.07142857142857142,0.32894736842105265,0.04963870562362552,0.018609281666411397,0.05201455329470422,0.08450704225352113,0.0,0.42857142857142855,1.0
1632,0.9428571428571428,0.44736842105263164,0.06937977407964888,0.18676928575075305,0.7891119795175852,0.943661971830986,0.0,0.7142857142857142,0.6666666666666666
3727,0.7714285714285715,0.10526315789473684,0.02073515551366635,0.0942334201255935,0.26492386470826035,0.7746478873239436,0.0,0.42857142857142855,0.6666666666666666
3386,0.49999999999999994,0.23684210526315788,0.038956958843858,0.09480778067085312,0.2665408974531734,0.014084507042253521,1.0,0.42857142857142855,0.6666666666666666
979,0.7142857142857143,0.506578947368421,0.07713773539576056,0.18662888650635626,0.6567847998921977,0.056338028169014086,0.5,0.5714285714285714,0.6666666666666666
3223,0.6571428571428571,0.3092105263157895,0.04939138107365591,0.1488455353040282,0.4186767282037461,0.6619718309859155,0.0,0.42857142857142855,1.0
3554,0.028571428571428574,0.29605263157894735,0.046497015394282123,0.0067391637310461015,0.023716480258725237,0.0,1.0,0.5714285714285714,0.3333333333333333
911,0.3142857142857143,0.3092105263157895,0.0494201532598451,0.057972124368203405,0.20401563131653416,0.323943661971831,0.0,0.5714285714285714,0.0
2345,0.7285714285714286,0.48684210526315785,0.0747661857463931,0.15431791494358504,0.6520684543862013,0.028169014084507043,1.0,0.7142857142857142,0.3333333333333333
632,0.2714285714285714,0.5723684210526315,0.08755890669180019,0.08132945320876092,0.28621479584961595,0.014084507042253521,0.5,0.5714285714285714,0.6666666666666666
3105,0.19999999999999998,0.09210526315789472,0.018787307571473448,0.01570557002093225,0.06670260072766472,0.014084507042253521,0.5,0.7142857142857142,0.6666666666666666
445,0.21428571428571427,0.618421052631579,0.09466305372290292,0.06957420738244754,0.24484570812558953,0.22535211267605634,0.0,0.5714285714285714,0.6666666666666666
617,0.5571428571428572,0.4013157894736842,0.06314797360980207,0.15454127737785267,0.4347123029241342,0.014084507042253521,1.0,0.42857142857142855,0.6666666666666666
2415,0.17142857142857143,0.07236842105263158,0.017110128325962443,0.019470822484300813,0.05444010241207384,0.18309859154929578,0.0,0.42857142857142855,0.6666666666666666
3690,0.21428571428571427,0.0394736842105263,0.0117813383600377,0.011060543071570793,0.055248618784530384,0.014084507042253521,0.5,0.8571428571428571,0.6666666666666666
2022,0.7142857142857143,0.3421052631578947,0.054221877252314685,0.1391484147648951,0.48969141625117907,0.056338028169014086,0.5,0.5714285714285714,1.0
1778,0.6285714285714286,0.02631578947368421,0.008671065032987747,0.06608975340787257,0.13879531060503975,0.6338028169014085,0.0,0.2857142857142857,0.0
1777,0.42857142857142855,0.368421052631579,0.058131403727463435,0.11175141675601165,0.3142433634281094,0.4366197183098592,0.0,0.42857142857142855,0.3333333333333333
3178,0.11428571428571427,0.2302631578947368,0.03801445177505498,0.018188083933221015,0.06400754615280958,0.0,1.0,0.5714285714285714,0.3333333333333333
2451,0.6,0.21710526315789472,0.036363237840562876,0.07160999642620106,0.30278938148497503,0.6056338028169014,0.0,0.7142857142857142,0.6666666666666666
2543,1.0,0.02631578947368421,0.009119751496727772,0.07992226987287487,0.22463279881417597,1.0,0.0,0.42857142857142855,0.3333333333333333
1962,0.5285714285714286,0.2828947368421052,0.0461580435537477,0.07582197375810486,0.320576741679019,0.04225352112676056,0.5,0.7142857142857142,0.6666666666666666
353,0.32857142857142857,0.5592105263157895,0.08490417844800502,0.09511410629499158,0.3347257781970085,0.014084507042253521,1.0,0.5714285714285714,0.6666666666666666
1232,0.17142857142857143,0.4671052631578947,0.07213804103530776,0.0445320876091285,0.15671742352782644,0.18309859154929578,0.0,0.5714285714285714,0.6666666666666666
613,0.9428571428571428,0.5460526315789473,0.08289842024561453,0.32641867054679125,0.9186093518393746,0.943661971830986,0.0,0.42857142857142855,0.6666666666666666
1467,1.0,0.2302631578947368,0.038138349417902326,0.18455161586766733,0.5192022638458429,0.07042253521126761,0.5,0.42857142857142855,0.6666666666666666
1801,0.11428571428571427,0.2894736842105263,0.0476489684783747,0.018003012201970692,0.07640479719714323,0.0,1.0,0.7142857142857142,0.0
2488,0.7857142857142857,0.29605263157894735,0.047832233741753064,0.23086741205901876,0.4867268562188384,0.7887323943661972,0.0,0.2857142857142857,0.6666666666666666
3483,0.8571428571428572,0.381578947368421,0.059486101883469034,0.1495634859856027,0.6319902978035304,0.8591549295774648,0.0,0.7142857142857142,0.0
3526,0.41428571428571426,0.032894736842105254,0.010336160854539742,0.047263491091029765,0.0990432556259264,0.4225352112676056,0.0,0.2857142857142857,1.0
3523,0.5857142857142857,0.21710526315789472,0.036780216327812934,0.14158625619033033,0.2982077887077213,0.014084507042253521,1.0,0.2857142857142857,0.3333333333333333
57,0.3142857142857143,0.11184210526315788,0.02085809121829283,0.031283504365140144,0.11009297938283248,0.323943661971831,0.0,0.5714285714285714,0.6666666666666666
1800,0.7714285714285715,0.1776315789473684,0.030468683060577498,0.09702864144585695,0.3414634146341463,0.028169014084507043,1.0,0.5714285714285714,0.6666666666666666
1905,0.3,0.493421052631579,0.07685716733784594,0.06653647827640782,0.2813636976148767,0.3098591549295775,0.0,0.7142857142857142,0.6666666666666666
3362,0.8428571428571429,0.30263157894736836,0.04896324222431668,0.1888593199571144,0.5313300094326909,0.8450704225352113,0.0,0.42857142857142855,1.0
1253,0.9857142857142858,0.48026315789473684,0.07397334051433957,0.41262061571450454,0.8705026276782104,0.9859154929577465,0.0,0.2857142857142857,0.6666666666666666
3123,0.2714285714285714,0.23684210526315788,0.03949104618284637,0.05297518762444479,0.14876701253200378,0.014084507042253521,0.5,0.42857142857142855,0.6666666666666666
2353,0.07142857142857142,0.6578947368421053,0.1003770028275212,0.03406915300964926,0.09553968467861473,0.08450704225352113,0.0,0.42857142857142855,0.0
2917,0.9285714285714286,0.09868421052631579,0.019078627938194384,0.08600091897687241,0.3026546287562323,0.9295774647887324,0.0,0.5714285714285714,1.0
1948,0.6428571428571429,0.3223684210526315,0.051510060238495275,0.15061648031857866,0.4236625791672281,0.647887323943662,0.0,0.42857142857142855,0.6666666666666666
3097,0.8,0.13157894736842105,0.024108338707277147,0.08584775616480318,0.3021156178412613,0.8028169014084507,0.0,0.5714285714285714,0.3333333333333333
3047,0.12857142857142856,0.4078947368421053,0.0645617342130066,0.025788788482156533,0.10928446301037595,0.0,0.5,0.7142857142857142,0.6666666666666666
1618,0.0857142857142857,0.26315789473684215,0.04173959876127642,0.015086536988819114,0.05309257512464627,0.09859154929577466,0.0,0.5714285714285714,0.0
560,0.04285714285714286,0.5789473684210527,0.09165881244109331,0.01650329300045949,0.05807842608812828,0.056338028169014086,0.0,0.5714285714285714,0.6666666666666666
707,0.07142857142857142,0.6118421052631579,0.09346528432296576,0.018034921121151785,0.08961056461393342,0.08450704225352113,0.0,0.8571428571428571,1.0
2714,0.6,0.256578947368421,0.04228130548188414,0.09637769949456272,0.3391726182455195,0.6056338028169014,0.0,0.5714285714285714,0.0
424,0.5571428571428572,0.3421052631578947,0.05336946277097078,0.17974932353091336,0.37878992049589,0.5633802816901409,0.0,0.2857142857142857,0.6666666666666666
1093,0.11428571428571427,0.19078947368421054,0.031835794324012984,0.02004518302956042,0.056057135156986924,0.1267605633802817,0.0,0.42857142857142855,0.0
1376,0.5714285714285715,0.04605263157894737,0.012344543803590721,0.05264014397304335,0.14782374343080448,0.5774647887323944,0.0,0.42857142857142855,1.0
647,0.39999999999999997,0.11842105263157895,0.022652669895024215,0.052257236942870273,0.1467457216008624,0.4084507042253521,0.0,0.42857142857142855,0.3333333333333333
72,0.7142857142857143,0.3486842105263158,0.05510894272883517,0.17636697809771787,0.4961595472308314,0.7183098591549296,0.0,0.42857142857142855,0.6666666666666666
1867,0.9714285714285714,0.13815789473684212,0.024628119493504894,0.17617552458263133,0.37124376768629563,0.971830985915493,0.0,0.2857142857142857,0.3333333333333333
1672,1.0,0.3092105263157895,0.049594456465465744,0.18057895542962168,0.6354938687508421,1.0,0.0,0.5714285714285714,1.0
3279,0.44285714285714284,0.13157894736842105,0.02438737040527804,0.03436317090781787,0.17005794367335939,0.028169014084507043,0.5,0.8571428571428571,0.0
1005,0.9,0.4671052631578947,0.0724405042412818,0.37056466023382856,0.7817005794367335,0.9014084507042254,0.0,0.2857142857142857,1.0
620,0.9571428571428572,0.6381578947368421,0.08985696069191107,0.2841553070914382,0.9999999999999999,0.9577464788732395,0.0,0.5714285714285714,0.0
1491,0.21428571428571427,0.45394736842105265,0.07151272384542884,0.06829146883136775,0.19188788572968601,0.014084507042253521,0.5,0.42857142857142855,1.0
2104,0.2857142857142857,0.5789473684210527,0.08841613931152102,0.08615408178894166,0.30319363967120333,0.014084507042253521,0.5,0.5714285714285714,0.3333333333333333
553,0.4857142857142857,0.14473684210526314,0.02504375925676585,0.053836728442334204,0.1894623366123164,0.014084507042253521,1.0,0.5714285714285714,0.6666666666666666
1641,0.5142857142857143,0.256578947368421,0.042132613291896985,0.10342318884974729,0.2907963886268697,0.5211267605633803,0.0,0.42857142857142855,0.3333333333333333
2053,0.9714285714285714,0.493421052631579,0.0758376702318021,0.24904273242456731,0.8764317477428917,0.07042253521126761,0.5,0.5714285714285714,0.3333333333333333
3323,0.5142857142857143,0.4605263157894737,0.07150317140892071,0.1267805176903048,0.44616628486726856,0.014084507042253521,1.0,0.5714285714285714,0.6666666666666666
3346,0.8,0.618421052631579,0.09347355192883246,0.3082305866135702,0.867403314917127,0.056338028169014086,0.5,0.42857142857142855,0.0
2706,0.5285714285714286,0.6513157894736842,0.09876481968351604,0.12292409688641884,0.6063872793424067,0.014084507042253521,1.0,0.8571428571428571,0.6666666666666666
998,0.44285714285714284,0.29605263157894735,0.047508246936852024,0.07838106907642824,0.27583883573642365,0.4507042253521127,0.0,0.5714285714285714,0.6666666666666666
1922,0.4857142857142857,0.5460526315789473,0.08288676450787666,0.11331495379588502,0.4789111979517585,0.49295774647887325,0.0,0.7142857142857142,0.6666666666666666
1497,0.5714285714285715,0.506578947368421,0.07795223098319579,0.1892422269872875,0.532408031262633,0.5774647887323944,0.0,0.42857142857142855,0.6666666666666666
2225,0.3714285714285714,0.10526315789473684,0.020490801829161867,0.030256037167509065,0.12814984503436194,0.38028169014084506,0.0,0.7142857142857142,0.3333333333333333
1397,0.04285714285714286,0.5657894736842105,0.08788878416588124,0.01589064175218257,0.05592238242824417,0.056338028169014086,0.0,0.5714285714285714,0.3333333333333333
3425,0.6857142857142857,0.26315789473684215,0.04322068129796687,0.13984722009496095,0.3933432152001078,0.6901408450704225,0.0,0.42857142857142855,0.6666666666666666
2005,0.2857142857142857,0.5921052631578947,0.08917912122436156,0.21781666411395315,0.30548443605983017,0.29577464788732394,0.0,0.14285714285714285,0.3333333333333333
3728,0.15714285714285714,0.35526315789473684,0.05639333961671379,0.04187088374942564,0.11750437946368412,0.014084507042253521,0.5,0.42857142857142855,0.6666666666666666
2181,0.14285714285714285,0.5,0.0760003427298432,0.039324551998774694,0.13839105241881147,0.0,0.5,0.5714285714285714,0.3333333333333333
2575,0.09999999999999999,0.5789473684210527,0.08989161168708765,0.05530453872466432,0.1160220994475138,0.11267605633802817,0.0,0.2857142857142857,0.3333333333333333
440,0.9,0.2236842105263158,0.03778864278982092,0.1320263440036759,0.4646274087050262,0.07042253521126761,0.5,0.5714285714285714,1.0
508,0.7000000000000001,0.6578947368421053,0.10024505183788877,0.2875057436054526,0.8090553833715132,0.056338028169014086,0.5,0.42857142857142855,0.6666666666666666
1100,0.9714285714285714,0.21710526315789472,0.03694900900162548,0.175170393628427,0.49279072901226245,0.028169014084507043,1.0,0.42857142857142855,0.3333333333333333
589,0.8285714285714286,0.08552631578947367,0.017092924807105545,0.12046255169244907,0.25360463549386875,0.8309859154929577,0.0,0.2857142857142857,0.3333333333333333
1739,0.05714285714285714,0.06578947368421054,0.016211121583411873,0.004441721550007658,0.019134887481471498,0.07042253521126761,0.0,0.7142857142857142,0.6666666666666666
649,0.5857142857142857,0.12499999999999997,0.02250796642879583,0.060384438658293765,0.21250505322732785,0.5915492957746479,0.0,0.5714285714285714,0.6666666666666666
3412,0.0,0.5131578947368421,0.0706880301602262,0.0028718027262980552,0.010106454655706778,0.014084507042253521,0.0,0.5714285714285714,0.3333333333333333
2183,0.9428571428571428,0.04605263157894737,0.011718035646461379,0.08422997396232194,0.23676054440102412,0.028169014084507043,1.0,0.42857142857142855,0.6666666666666666
3614,0.8428571428571429,0.18421052631578946,0.03136977693999372,0.1805151375912595,0.3804069532408031,0.07042253521126761,0.5,0.2857142857142857,0.3333333333333333
2573,0.2571428571428571,0.36184210526315785,0.05729450865618334,0.053875019145351505,0.18959708934105915,0.26760563380281693,0.0,0.5714285714285714,1.0
1455,0.42857142857142855,0.4144736842105263,0.06478976011674925,0.09767958339715117,0.3437542110227732,0.4366197183098592,0.0,0.5714285714285714,1.0
3011,0.2571428571428571,0.5,0.07678952328984573,0.06892326543115332,0.24255491173696267,0.26760563380281693,0.0,0.5714285714285714,0.6666666666666666
660,0.7857142857142857,0.5526315789473684,0.0839167900902114,0.1835783938326441,0.7756367066433095,0.7887323943661972,0.0,0.7142857142857142,1.0
630,0.7142857142857143,0.3355263157894737,0.0532054480604683,0.22876142339306685,0.4822800161703274,0.7183098591549296,0.0,0.2857142857142857,1.0
3231,0.0857142857142857,0.07236842105263158,0.27884744849872084,0.20709526726910707,0.2903921304406414,0.09859154929577466,0.0,0.14285714285714285,0.3333333333333333
1249,0.05714285714285714,0.4407894736842105,0.06804901036757775,0.026969418491856842,0.05619188788572968,0.0,0.5,0.2857142857142857,0.0
1539,0.4857142857142857,0.48684210526315785,0.07478120371617072,0.12455965691530096,0.43835062660018864,0.49295774647887325,0.0,0.5714285714285714,1.0
482,0.7142857142857143,0.4276315789473685,0.0664744691467539,0.20580295604227294,0.5790324754076269,0.7183098591549296,0.0,0.42857142857142855,1.0
1754,0.07142857142857142,0.0394736842105263,0.010367577756833175,0.005207535610353806,0.018326371109014958,0.08450704225352113,0.0,0.5714285714285714,0.0
3196,0.3142857142857143,0.11184210526315788,0.021800598287095845,0.04033925562873334,0.11319229214391589,0.323943661971831,0.0,0.42857142857142855,0.3333333333333333
1718,0.7571428571428571,0.32894736842105265,0.052536042168464414,0.14366671772093736,0.5055922382428244,0.7605633802816901,0.0,0.5714285714285714,1.0
1462,0.2714285714285714,0.5460526315789473,0.08341187558906692,0.07795987134323787,0.2743565557202533,0.0,1.0,0.5714285714285714,1.0
2600,0.9142857142857143,0.618421052631579,0.09385920394402958,0.23504748047174145,0.9929928581053765,0.9154929577464789,0.0,0.7142857142857142,1.0
2420,0.5285714285714286,0.4342105263157895,0.06681879061461382,0.12298973809159137,0.43282576472173556,0.5352112676056339,0.0,0.5714285714285714,0.0
2234,0.8,0.2763157894736842,0.044893099856143655,0.11155996324092511,0.47149979787090684,0.8028169014084507,0.0,0.7142857142857142,0.0
856,0.8857142857142858,0.19736842105263155,0.03321215385305866,0.09844539745749732,0.41611642635763374,0.8873239436619719,0.0,0.7142857142857142,1.0
1225,0.5571428571428572,0.17105263157894737,0.029877474081055608,0.0869581865523051,0.24444144993936126,0.04225352112676056,0.5,0.42857142857142855,1.0
1190,0.6285714285714286,0.5986842105263158,0.0914022410723636,0.31817021493847963,0.67106858913893,0.6338028169014085,0.0,0.2857142857142857,0.3333333333333333
2778,0.3,0.6052631578947368,0.09180875674749378,0.07767269107060806,0.32839239994609887,0.0,1.0,0.7142857142857142,0.6666666666666666
530,0.49999999999999994,0.5460526315789473,0.08322861032568855,0.14048858937050085,0.49440776175717555,0.5070422535211268,0.0,0.5714285714285714,0.6666666666666666
2500,0.6285714285714286,0.05921052631578946,0.013257932767829092,0.039764895083473736,0.16830615819970354,0.014084507042253521,1.0,0.7142857142857142,0.6666666666666666
49,0.7571428571428571,0.2894736842105263,0.04691590742486124,0.13133711134936438,0.46220185958765664,0.7605633802816901,0.0,0.5714285714285714,0.6666666666666666
3490,0.7571428571428571,0.4144736842105263,0.06435228819771703,0.12098221123339824,0.5968198356016708,0.7605633802816901,0.0,0.8571428571428571,0.0
858,0.7285714285714286,0.5328947368421053,0.0811643587326905,0.19880533006586001,0.6996361676323946,0.7323943661971831,0.0,0.5714285714285714,0.6666666666666666
3014,0.9428571428571428,0.19078947368421054,0.03179202948499726,0.15253101546944403,0.4290526883169384,0.943661971830986,0.0,0.42857142857142855,0.0
1072,0.3857142857142857,0.5328947368421053,0.08145953951797495,0.08919181089498138,0.37703813502223416,0.3943661971830986,0.0,0.7142857142857142,0.3333333333333333
719,0.8,0.45394736842105265,0.07073763579542636,0.24241844080257313,0.6821183128958361,0.028169014084507043,1.0,0.42857142857142855,0.6666666666666666
1850,0.5571428571428572,0.6578947368421053,0.09945805843543827,0.1825317812835044,0.6423662579167227,0.5633802816901409,0.0,0.5714285714285714,0.0
2013,0.2714285714285714,0.381578947368421,0.06065032987747407,0.04946520651452494,0.20927098773750166,0.28169014084507044,0.0,0.7142857142857142,0.0
2802,0.45714285714285713,0.6513157894736842,0.0994202153485848,0.10730696015578847,0.5294434712302923,0.028169014084507043,0.5,0.8571428571428571,0.6666666666666666
2653,0.8,0.506578947368421,0.0777816359938489,0.1750268034921121,0.7395229753402506,0.8028169014084507,0.0,0.7142857142857142,0.6666666666666666
2172,0.9285714285714286,0.02631578947368421,0.008596806900294175,0.05789554296216878,0.20374612585904864,0.9295774647887324,0.0,0.5714285714285714,1.0
3122,0.41428571428571426,0.32894736842105265,0.22038956958843858,0.35532815132485834,0.9999999999999999,0.014084507042253521,1.0,0.42857142857142855,0.0
2025,0.2571428571428571,0.4736842105263158,0.07267225556823255,0.08231543881145657,0.23137043525131382,0.0,1.0,0.42857142857142855,0.3333333333333333
2780,0.6857142857142857,0.05921052631578946,0.013502856373463618,0.08804308980446215,0.18515024929254817,0.6901408450704225,0.0,0.2857142857142857,0.6666666666666666
2571,0.2857142857142857,0.6118421052631579,0.09299403078856425,0.090059733496707,0.3169384180029645,0.29577464788732394,0.0,0.5714285714285714,0.6666666666666666
2019,0.5714285714285715,0.3421052631578947,0.05475736189972644,0.14094807780670854,0.39644252796119117,0.5774647887323944,0.0,0.42857142857142855,0.0
3372,0.32857142857142857,0.618421052631579,0.09417216462456802,0.26118088528105377,0.36652742218029916,0.3380281690140845,0.0,0.14285714285714285,0.0
3164,0.34285714285714286,0.5723684210526315,0.0873138548539114,0.10154694440189924,0.35736423662579164,0.35211267605633806,0.0,0.5714285714285714,0.6666666666666666
1965,0.39999999999999997,0.48684210526315785,0.07497806233546751,0.17260172563434933,0.3636976148767012,0.028169014084507043,0.5,0.2857142857142857,0.0
1563,0.05714285714285714,0.4736842105263158,0.0714420358152686,0.01379103487006688,0.05861743700309931,0.07042253521126761,0.0,0.7142857142857142,0.3333333333333333
1862,0.3142857142857143,0.06578947368421054,0.014424456009507026,0.025271863991422883,0.08893680097021964,0.0,1.0,0.5714285714285714,0.3333333333333333
2666,0.7142857142857143,0.19736842105263155,0.03374544916930014,0.16156123959769234,0.34038539280420427,0.056338028169014086,0.5,0.2857142857142857,0.6666666666666666
1385,0.9857142857142858,0.0394736842105263,0.010933081998114987,0.048476030019911166,0.239590351704622,0.028169014084507043,1.0,0.8571428571428571,0.6666666666666666
1399,0.22857142857142856,0.3092105263157895,0.04928757553916949,0.03542528207484556,0.14997978709068857,0.23943661971830987,0.0,0.7142857142857142,0.3333333333333333
1195,0.2571428571428571,0.48026315789473684,0.07554938240984176,0.06796599785572063,0.23918609351839373,0.26760563380281693,0.0,0.5714285714285714,0.6666666666666666
3530,0.11428571428571427,0.35526315789473684,0.057702377212273545,0.03186743758615408,0.08934105915644791,0.1267605633802817,0.0,0.42857142857142855,0.0
1475,0.5285714285714286,0.3223684210526315,0.05111860707376359,0.08220375759432277,0.3475272874275704,0.04225352112676056,0.5,0.7142857142857142,0.6666666666666666
1795,0.34285714285714286,0.631578947368421,0.09523091423185674,0.1830040332873845,0.3856623096617706,0.35211267605633806,0.0,0.2857142857142857,0.0
3277,0.19999999999999998,0.631578947368421,0.0958215519949733,0.05482590493694798,0.23190944616628487,0.2112676056338028,0.0,0.7142857142857142,1.0
2184,0.7428571428571429,0.13157894736842105,0.02413173759180552,0.06644075151886455,0.2809594394286484,0.7464788732394366,0.0,0.7142857142857142,0.6666666666666666
297,0.5285714285714286,0.6578947368421053,0.10007936901632025,0.17433757083780058,0.6135291739657728,0.014084507042253521,1.0,0.5714285714285714,0.0
3586,0.24285714285714283,0.15789473684210528,0.027070897476175512,0.036270868433144435,0.10173831020078156,0.2535211267605634,0.0,0.42857142857142855,0.0
1264,0.7285714285714286,0.17105263157894737,0.02950772130790981,0.11223005054372799,0.315590890715537,0.7323943661971831,0.0,0.42857142857142855,0.3333333333333333
1878,0.35714285714285715,0.26973684210526316,0.044189081418110635,0.07523165875325472,0.21142703139738578,0.36619718309859156,0.0,0.42857142857142855,0.0
958,0.12857142857142856,0.5263157894736842,0.08096135721017908,0.02678708181082205,0.13273143781161567,0.14084507042253522,0.0,0.8571428571428571,0.6666666666666666
1861,0.21428571428571427,0.032894736842105254,0.00977851083883129,0.014397304334507581,0.05066702600727664,0.22535211267605634,0.0,0.5714285714285714,1.0
3449,0.6857142857142857,0.6052631578947368,0.09275038950547232,0.26309542043191914,0.7403314917127072,0.056338028169014086,0.5,0.42857142857142855,1.0
2163,0.35714285714285715,0.10526315789473684,0.02066265496991227,0.05906979118803288,0.12397251044333647,0.028169014084507043,0.5,0.2857142857142857,0.6666666666666666
3742,0.9571428571428572,0.5526315789473684,0.08460386982314132,0.2696431306478787,0.948928715806495,0.028169014084507043,1.0,0.5714285714285714,0.6666666666666666
1374,1.0,0.15789473684210528,0.028036266610027748,0.11839485372951448,0.41665543727260473,1.0,0.0,0.5714285714285714,1.0
1286,0.5428571428571429,0.24999999999999997,0.04122864254815244,0.07132281615357125,0.30157660692629024,0.5492957746478874,0.0,0.7142857142857142,0.0
3736,0.1857142857142857,0.5328947368421053,0.0817961491854046,0.03805548869877251,0.18824956205363158,0.014084507042253521,0.5,0.8571428571428571,0.3333333333333333
349,0.1857142857142857,0.48684210526315785,0.07533324357075535,0.041424158880890384,0.1753133000943269,0.014084507042253521,0.5,0.7142857142857142,1.0
1368,0.5857142857142857,0.14473684210526314,0.025874063103092315,0.055017358452034516,0.23271796253874139,0.5915492957746479,0.0,0.7142857142857142,1.0
3709,0.2714285714285714,0.07236842105263158,0.015739868049010366,0.019056006534946646,0.08085163724565421,0.0,1.0,0.7142857142857142,1.0
643,0.8428571428571429,0.5,0.07693999371661954,0.18255730841884923,0.7713246193235412,0.8450704225352113,0.0,0.7142857142857142,0.6666666666666666
3396,0.42857142857142855,0.23684210526315788,0.03934206925906783,0.06563026497166488,0.23096617706508554,0.028169014084507043,0.5,0.5714285714285714,1.0
1808,0.6571428571428571,0.05263157894736842,0.012352858603886335,0.04011589319446572,0.16978843821587386,0.6619718309859155,0.0,0.7142857142857142,0.0
669,0.9142857142857143,0.4605263157894737,0.07107953309649821,0.2220094960943483,0.7812963212505053,0.9154929577464789,0.0,0.5714285714285714,1.0
3395,0.7857142857142857,0.5328947368421053,0.08196445401911942,0.17987695920763774,0.7600053901091497,0.7887323943661972,0.0,0.7142857142857142,0.6666666666666666
1950,0.4857142857142857,0.42105263157894735,0.065894708496028,0.09318042579261755,0.3938822261150788,0.014084507042253521,1.0,0.7142857142857142,0.6666666666666666
3411,0.17142857142857143,0.1513157894736842,0.025592691945189587,0.019949456272017153,0.0702061716749764,0.0,1.0,0.5714285714285714,0.6666666666666666
1611,0.1857142857142857,0.12499999999999997,0.022350881917328667,0.016311839485372952,0.06926290257377711,0.1971830985915493,0.0,0.7142857142857142,1.0
1179,0.8142857142857143,0.6578947368421053,0.09938574539309045,0.26474192066166335,0.9316803665274221,0.056338028169014086,0.5,0.5714285714285714,0.6666666666666666
2339,0.5142857142857143,0.44736842105263164,0.06954173777924956,0.10310409965793639,0.43579032475407625,0.014084507042253521,1.0,0.7142857142857142,0.3333333333333333
2359,0.09999999999999999,0.2236842105263158,0.03605089538171536,0.015469444018992189,0.05444010241207384,0.11267605633802817,0.0,0.5714285714285714,0.3333333333333333
2955,1.0,0.02631578947368421,0.008681684830946092,0.07834277837341094,0.220185958765665,0.07042253521126761,0.5,0.42857142857142855,0.6666666666666666
2117,0.8571428571428572,0.381578947368421,0.0594706509479149,0.29959922397508554,0.6318555450747877,0.028169014084507043,1.0,0.2857142857142857,0.6666666666666666
2227,0.4714285714285714,0.1644736842105263,0.02935632311359982,0.09742431204370246,0.20495890041773346,0.014084507042253521,1.0,0.2857142857142857,0.0
1357,0.6714285714285715,0.13157894736842105,0.024367734841344642,0.060505692551181905,0.2558954318824956,0.676056338028169,0.0,0.7142857142857142,0.6666666666666666
786,0.22857142857142856,0.1644736842105263,0.029827576648001328,0.029177515699188236,0.10268157930198085,0.23943661971830987,0.0,0.5714285714285714,0.3333333333333333
3359,0.8285714285714286,0.6052631578947368,0.09155098324254382,0.41791749629856534,0.8816871041638592,0.028169014084507043,1.0,0.2857142857142857,0.0
140,0.24285714285714283,0.381578947368421,0.06011100638810346,0.0888089038648083,0.18676728203746126,0.2535211267605634,0.0,0.2857142857142857,0.6666666666666666
788,0.5571428571428572,0.4736842105263158,0.07325636192271441,0.23361157910859243,0.49252122355477695,0.5633802816901409,0.0,0.2857142857142857,0.6666666666666666
323,0.5571428571428572,0.032894736842105254,0.009401508011310084,0.09126589064175218,0.1273413286619054,0.5633802816901409,0.0,0.14285714285714285,0.0
3564,0.2857142857142857,0.5986842105263158,0.09169247340783628,0.07403507428396386,0.3130305888694246,0.29577464788732394,0.0,0.7142857142857142,0.0
714,0.3714285714285714,0.013157894736842118,0.007295702865919643,0.01819446571705723,0.07721331356959978,0.38028169014084506,0.0,0.7142857142857142,1.0
2647,0.6,0.1644736842105263,0.02910812528768384,0.09184025118701179,0.2581862282711225,0.6056338028169014,0.0,0.42857142857142855,0.3333333333333333
2228,0.5571428571428572,0.2828947368421052,0.045098963242224316,0.0941951294225762,0.3314917127071823,0.5633802816901409,0.0,0.5714285714285714,1.0
3663,0.9714285714285714,0.6447368421052632,0.08836345258096681,0.35532815132485834,0.9999999999999999,0.028169014084507043,1.0,0.42857142857142855,0.0
1842,0.41428571428571426,0.4736842105263158,0.07279296261388626,0.10426558431612803,0.3669316803665274,0.4225352112676056,0.0,0.5714285714285714,0.3333333333333333
3496,0.3714285714285714,0.17105263157894737,0.03061402590149056,0.07955531730229233,0.16722813636976147,0.38028169014084506,0.0,0.2857142857142857,0.3333333333333333
1691,0.7857142857142857,0.4407894736842105,0.06863471118890534,0.2321756777454434,0.653281228944886,0.7887323943661972,0.0,0.42857142857142855,0.6666666666666666
618,0.9857142857142858,0.381578947368421,0.06022620169651273,0.5214619390412009,0.7329200916318555,0.9859154929577465,0.0,0.14285714285714285,0.6666666666666666
406,0.8571428571428572,0.08552631578947367,0.017814928693932416,0.12754633175065094,0.2685621883843148,0.8591549295774648,0.0,0.2857142857142857,0.6666666666666666
1822,0.028571428571428574,0.256578947368421,0.044926170279610426,0.006547710215959565,0.023042716615011453,0.0,0.5,0.5714285714285714,0.3333333333333333
2258,0.8714285714285714,0.1644736842105263,0.029324131221306733,0.10656302649716648,0.3750168440910928,0.028169014084507043,1.0,0.5714285714285714,0.0
3190,0.32857142857142857,0.013157894736842118,0.007422243166823751,0.01382294378924797,0.06885864438754884,0.3380281690140845,0.0,0.8571428571428571,0.6666666666666666
2439,0.5285714285714286,0.15789473684210528,0.02772955007688873,0.07843850513095421,0.22045546422315052,0.014084507042253521,1.0,0.42857142857142855,1.0
2271,0.8571428571428572,0.5723684210526315,0.08709692371873116,0.24800888344310004,0.8727934240668372,0.07042253521126761,0.5,0.5714285714285714,0.6666666666666666
497,0.9571428571428572,0.30263157894736836,0.04824804568387204,0.1692066166334814,0.5954723083142434,0.9577464788732395,0.0,0.5714285714285714,0.0
2342,0.22857142857142856,0.19736842105263155,0.03498364473027665,0.032738551079797826,0.11521358307505726,0.23943661971830987,0.0,0.5714285714285714,0.3333333333333333
342,0.34285714285714286,0.4342105263157895,0.0672196041470311,0.10155651707765355,0.28554103220590216,0.014084507042253521,1.0,0.42857142857142855,0.3333333333333333
3142,0.24285714285714283,0.5986842105263158,0.08948581003246413,0.07455199877469751,0.26236356286214796,0.014084507042253521,0.5,0.5714285714285714,1.0
2823,0.19999999999999998,0.5592105263157895,0.08608231228400878,0.1002961147700005,0.2110227732111575,0.014084507042253521,0.5,0.2857142857142857,0.0
782,0.014285714285714285,0.09868421052631579,0.017436380772855795,0.003612089651299331,0.006872389165880609,0.028169014084507043,0.0,0.2857142857142857,0.0
1323,0.12857142857142856,0.368421052631579,0.05721017907634307,0.028067085311686325,0.0987737501684409,0.14084507042253522,0.0,0.5714285714285714,0.3333333333333333
2171,0.3857142857142857,0.4605263157894737,0.07146223239531439,0.06825044307813491,0.33701657458563533,0.028169014084507043,0.5,0.8571428571428571,0.3333333333333333
1873,0.3857142857142857,0.2828947368421052,0.04544230510300256,0.08284193597794455,0.23285271526748416,0.3943661971830986,0.0,0.42857142857142855,0.6666666666666666
303,0.8428571428571429,0.1776315789473684,0.030662896638391453,0.10637157298207994,0.374343080447379,0.8450704225352113,0.0,0.5714285714285714,0.0
3053,0.32857142857142857,0.02631578947368421,0.009110901665095823,0.053836728442334204,0.07465301172348739,0.014084507042253521,1.0,0.14285714285714285,0.6666666666666666
3245,0.3142857142857143,0.5460526315789473,0.08306355775929189,0.14937203247051617,0.3146476216143377,0.0,1.0,0.2857142857142857,0.6666666666666666
664,0.4857142857142857,0.5131578947368421,0.07857816076477715,0.1299586460407413,0.45735076135291736,0.49295774647887325,0.0,0.5714285714285714,1.0
1177,0.6142857142857143,0.04605263157894737,0.011909862051238111,0.03686118343799459,0.15604365988411265,0.014084507042253521,1.0,0.7142857142857142,0.6666666666666666
1244,0.7857142857142857,0.6447368421052632,0.0970277366365962,0.20843544187471283,0.8806090823339172,0.056338028169014086,0.5,0.7142857142857142,0.3333333333333333
2289,0.3857142857142857,0.506578947368421,0.07735290157533324,0.06384017460560576,0.36059830211561783,0.3943661971830986,0.0,1.0,0.3333333333333333
3729,0.14285714285714285,0.14473684210526314,0.0235626767200754,0.019997319650788787,0.05592238242824417,0.15492957746478875,0.0,0.42857142857142855,0.3333333333333333
2826,0.3,0.38815789473684215,0.06139148316339646,0.06612804411088988,0.23271796253874139,0.3098591549295775,0.0,0.5714285714285714,0.0
3340,0.5571428571428572,0.35526315789473684,0.05619698397737982,0.14042158064022056,0.3949602479450209,0.5633802816901409,0.0,0.42857142857142855,0.3333333333333333
3271,0.4857142857142857,0.6052631578947368,0.09239262151608994,0.18713623832133558,0.5264789111979518,0.49295774647887325,0.0,0.42857142857142855,0.6666666666666666
84,0.7000000000000001,0.5723684210526315,0.08716305372290292,0.14507800363214668,0.7155369896240399,0.056338028169014086,0.5,0.8571428571428571,0.0
2757,0.3857142857142857,0.5657894736842105,0.08681163323010636,0.14166602848828305,0.39846381889233257,0.028169014084507043,0.5,0.42857142857142855,1.0
941,0.17142857142857143,0.26973684210526316,0.043427825708692816,0.02438479603818859,0.10335534294569464,0.0,1.0,0.7142857142857142,0.3333333333333333
961,0.1857142857142857,0.38815789473684215,0.05937794533459001,0.05106065247357942,0.14337690338229347,0.1971830985915493,0.0,0.42857142857142855,0.0
841,0.34285714285714286,0.05263157894736842,0.013157398680490102,0.02622913156685557,0.09230561918878856,0.014084507042253521,1.0,0.5714285714285714,1.0
2372,0.7428571428571429,0.3157894736842105,0.050770899649671894,0.1371955889110124,0.48281902708529845,0.7464788732394366,0.0,0.5714285714285714,0.6666666666666666
2958,0.3,0.375,0.30532944906177706,0.35532815132485834,0.9999999999999999,0.3098591549295775,0.0,0.42857142857142855,0.0
3662,0.0857142857142857,0.44736842105263164,0.07176518109600107,0.023625363761678665,0.08314243363428109,0.09859154929577466,0.0,0.5714285714285714,0.6666666666666666
2186,0.7857142857142857,0.2763157894736842,0.04476908576814326,0.13133711134936438,0.46220185958765664,0.7887323943661972,0.0,0.5714285714285714,0.0
3617,0.8571428571428572,0.5657894736842105,0.08647888629656525,0.24647725532240775,0.867403314917127,0.8591549295774648,0.0,0.5714285714285714,0.3333333333333333
290,0.2571428571428571,0.08552631578947367,0.01711394414405476,0.018960279777403378,0.08044737905942594,0.0,1.0,0.7142857142857142,0.3333333333333333
2656,0.3142857142857143,0.381578947368421,0.05978773101667828,0.05629371521927809,0.2381080716884517,0.0,1.0,0.7142857142857142,0.3333333333333333
3610,0.5714285714285715,0.6578947368421053,0.09919312199719547,0.18666717720937356,0.6569195526209405,0.014084507042253521,1.0,0.5714285714285714,0.3333333333333333
3596,0.39999999999999997,0.09868421052631579,0.019012642594819454,0.046896538520447235,0.13165341598167363,0.4084507042253521,0.0,0.42857142857142855,1.0
3136,0.3714285714285714,0.3355263157894737,0.05316438021433309,0.12078164088425997,0.25427839913758254,0.014084507042253521,1.0,0.2857142857142857,0.6666666666666666
3388,0.2857142857142857,0.17105263157894737,0.029397244288855977,0.044886276612038596,0.12599380137447783,0.014084507042253521,0.5,0.42857142857142855,0.6666666666666666
604,0.5428571428571429,0.4342105263157895,0.06761884047463688,0.15951906877010263,0.4487265867133809,0.5492957746478874,0.0,0.42857142857142855,0.6666666666666666
2540,0.34285714285714286,0.5657894736842105,0.08640904806786051,0.12591897687241538,0.35413017113596545,0.35211267605633806,0.0,0.42857142857142855,1.0
916,0.028571428571428574,0.625,0.09456487590323594,0.015881069076428243,0.04433364775636706,0.0,0.5,0.42857142857142855,0.3333333333333333
1964,0.35714285714285715,0.5328947368421053,0.08105560791705937,0.08242712002859039,0.3484705565287697,0.36619718309859156,0.0,0.7142857142857142,0.6666666666666666
2295,0.6714285714285715,0.019736842105263164,0.008482563619227144,0.05230510032164191,0.14688047432960516,0.028169014084507043,1.0,0.42857142857142855,0.6666666666666666
1099,0.7857142857142857,0.06578947368421054,0.01449104618284637,0.062452136621228366,0.21978170057943672,0.028169014084507043,1.0,0.5714285714285714,1.0
1088,0.42857142857142855,0.5855263157894737,0.0885956644674835,0.15971052228518917,0.44926559762835194,0.4366197183098592,0.0,0.42857142857142855,1.0
2618,0.35714285714285715,0.3486842105263158,0.05488291162183716,0.11931383060192985,0.2511790863764991,0.36619718309859156,0.0,0.2857142857142857,0.6666666666666666
1624,0.9285714285714286,0.5,0.07624310970211064,0.299232271404503,0.8420698019134887,0.07042253521126761,0.5,0.42857142857142855,0.3333333333333333
2031,0.05714285714285714,0.5328947368421053,0.08162111215834118,0.03156430285393373,0.06589408435520819,0.07042253521126761,0.0,0.2857142857142857,0.3333333333333333
821,0.22857142857142856,0.21710526315789472,0.03692410046016522,0.0283095930974626,0.11992992858105375,0.23943661971830987,0.0,0.7142857142857142,0.6666666666666666
2014,0.34285714285714286,0.4671052631578947,0.07166823751178134,0.14311788431102263,0.3014418541975475,0.014084507042253521,1.0,0.2857142857142857,0.3333333333333333
3539,0.0857142857142857,0.12499999999999997,0.023024101252187963,0.009764129269413386,0.034361945829403044,0.0,1.0,0.5714285714285714,1.0
3028,0.04285714285714286,0.11842105263157895,0.024269557021677664,0.007074207382447541,0.01953914566769977,0.0,0.5,0.42857142857142855,0.3333333333333333
3070,0.6857142857142857,0.35526315789473684,0.05593490930773817,0.17148491346301117,0.4824147688990702,0.6901408450704225,0.0,0.42857142857142855,0.3333333333333333
1302,0.9714285714285714,0.6513157894736842,0.08836345258096681,0.23670674426915814,0.9999999999999999,0.971830985915493,0.0,0.7142857142857142,0.0
1000,0.34285714285714286,0.3355263157894737,0.05308199811498586,0.1677515699188237,0.23500875892736828,0.028169014084507043,0.5,0.14285714285714285,0.0
3082,0.9,0.4407894736842105,0.06816976908576815,0.1757607086332772,0.742622288101334,0.9014084507042254,0.0,0.7142857142857142,0.6666666666666666
3717,0.9,0.5460526315789473,0.08323515551366635,0.4173431357533057,0.8804743296051745,0.028169014084507043,1.0,0.2857142857142857,0.0
1505,0.8142857142857143,0.38815789473684215,0.06114920861906464,0.2184388880379844,0.6146071957957148,0.028169014084507043,1.0,0.42857142857142855,0.6666666666666666
1477,0.5142857142857143,0.17105263157894737,0.029396031281045412,0.06348598560269567,0.22342002425549115,0.5211267605633803,0.0,0.5714285714285714,0.3333333333333333
18,0.7714285714285715,0.4605263157894737,0.0712192614171879,0.235238933986828,0.6619054035844225,0.056338028169014086,0.5,0.42857142857142855,0.3333333333333333
1637,0.9285714285714286,0.6381578947368421,0.09297975037843087,0.2841553070914382,0.9999999999999999,0.9295774647887324,0.0,0.5714285714285714,1.0
493,0.0,0.631578947368421,0.10084825636192271,0.00525539898912544,0.014418541975475003,0.014084507042253521,0.0,0.42857142857142855,0.6666666666666666
1125,0.11428571428571427,0.1644736842105263,0.030788564247565188,0.010951141062949915,0.054709607869559355,0.1267605633802817,0.0,0.8571428571428571,0.6666666666666666
1404,0.2857142857142857,0.019736842105263164,0.008168394596292806,0.01769030479399602,0.06225576067915375,0.014084507042253521,0.5,0.5714285714285714,0.0
2905,0.5142857142857143,0.45394736842105265,0.07078992281631302,0.15726948996783582,0.4423932084624713,0.5211267605633803,0.0,0.42857142857142855,0.0
2538,0.32857142857142857,0.2236842105263158,0.03691486019478479,0.060537601470362995,0.17005794367335939,0.028169014084507043,0.5,0.42857142857142855,0.6666666666666666
1907,0.3142857142857143,0.5789473684210527,0.08863664303569233,0.15805125848777252,0.33297399272335265,0.323943661971831,0.0,0.2857142857142857,0.3333333333333333
3315,0.3714285714285714,0.5921052631578947,0.0905504939435194,0.18913054577015367,0.3985985716210753,0.014084507042253521,1.0,0.2857142857142857,0.0
3354,0.6428571428571429,0.3157894736842105,0.050833913863049626,0.11912237708684331,0.4192157391187171,0.04225352112676056,0.5,0.5714285714285714,0.6666666666666666
2043,0.5428571428571429,0.625,0.09466154329490804,0.17035533772400063,0.599514890176526,0.5492957746478874,0.0,0.5714285714285714,0.3333333333333333
584,0.0,0.3355263157894737,0.05937794533459001,0.004377903711645479,0.008489421910793693,0.014084507042253521,0.0,0.2857142857142857,0.3333333333333333
2599,0.14285714285714285,0.1776315789473684,0.03058863850569788,0.019030479399601778,0.06697210618515023,0.15492957746478875,0.0,0.5714285714285714,0.3333333333333333
687,0.7428571428571429,0.3157894736842105,0.05052193551828997,0.1709584162965232,0.48093248888289986,0.028169014084507043,1.0,0.42857142857142855,0.6666666666666666
2302,0.7714285714285715,0.381578947368421,0.06011481449747237,0.13597028641445857,0.574585635359116,0.7746478873239436,0.0,0.7142857142857142,0.0
1726,0.8285714285714286,0.2236842105263158,0.03720506717359702,0.12027109817736253,0.42325832098099986,0.056338028169014086,0.5,0.5714285714285714,1.0
1608,0.6714285714285715,0.3157894736842105,0.05099355953502985,0.12463623832133558,0.43862013205767414,0.028169014084507043,1.0,0.5714285714285714,0.6666666666666666
2515,0.5571428571428572,0.08552631578947367,0.017554194156456173,0.04110506968907949,0.17396577280689934,0.5633802816901409,0.0,0.7142857142857142,0.6666666666666666
2095,0.14285714285714285,0.618421052631579,0.09485048410590352,0.03970107724511155,0.16803665274221802,0.0,1.0,0.7142857142857142,0.0
1009,0.24285714285714283,0.20394736842105263,0.036181799141271336,0.04459909633940879,0.12518528500202128,0.2535211267605634,0.0,0.42857142857142855,0.3333333333333333
3006,0.5857142857142857,0.375,0.05937794533459001,0.12329606371572982,0.43390378655167766,0.014084507042253521,1.0,0.5714285714285714,0.0
2167,0.7000000000000001,0.24999999999999997,0.04124410933081998,0.11004748047174147,0.3872793424066837,0.028169014084507043,1.0,0.5714285714285714,0.0
360,0.34285714285714286,0.11184210526315788,0.02152686145146089,0.04354610200643284,0.12222072496968062,0.028169014084507043,0.5,0.42857142857142855,0.6666666666666666
3185,0.8142857142857143,0.375,0.059247944359582694,0.2839638535763517,0.5988411265328123,0.8169014084507042,0.0,0.2857142857142857,1.0
3416,0.34285714285714286,0.5921052631578947,0.08991517436380773,0.13037027109817736,0.3666621749090419,0.35211267605633806,0.0,0.42857142857142855,0.6666666666666666
2401,0.3857142857142857,0.17105263157894737,0.03022754813518244,0.04885893705008424,0.17194448187575798,0.3943661971830986,0.0,0.5714285714285714,1.0
1310,0.0,0.5723684210526315,0.07445805843543826,0.00243145964159902,0.010645465570677805,0.014084507042253521,0.0,0.7142857142857142,0.0
1896,0.39999999999999997,0.5,0.07709057817933634,0.10583550313983765,0.3724565422449804,0.014084507042253521,1.0,0.5714285714285714,0.3333333333333333
2711,0.19999999999999998,0.05921052631578946,0.013132265158655357,0.010923790560794696,0.0545748551408166,0.014084507042253521,0.5,0.8571428571428571,1.0
2023,0.05714285714285714,0.35526315789473684,0.05636192271442035,0.011238321335579721,0.04783721870367875,0.07042253521126761,0.0,0.7142857142857142,1.0
2254,0.5142857142857143,0.5263157894736842,0.08059709096466872,0.11695257058252922,0.4942730090284328,0.014084507042253521,1.0,0.7142857142857142,0.3333333333333333
344,0.5714285714285715,0.5394736842105263,0.0830555619411048,0.15978710369122376,0.5623231370435251,0.5774647887323944,0.0,0.5714285714285714,0.6666666666666666
986,0.8,0.6513157894736842,0.09871521404831589,0.161433603920968,0.910119929928581,0.8028169014084507,0.0,1.0,0.6666666666666666
2836,0.11428571428571427,0.21052631578947364,0.035186930568645934,0.021576811150252718,0.06036922247675515,0.0,1.0,0.42857142857142855,0.0
743,0.1857142857142857,0.5592105263157895,0.08664332839639155,0.05624904273242457,0.1979517585231101,0.0,1.0,0.5714285714285714,1.0
2772,0.7857142857142857,0.6118421052631579,0.09320721691126968,0.2011921172206055,0.8500202129093114,0.028169014084507043,1.0,0.7142857142857142,0.0
1671,0.7000000000000001,0.256578947368421,0.04145146088595664,0.11046867820493184,0.38876162242285406,0.7042253521126761,0.0,0.5714285714285714,0.0
2299,0.5571428571428572,0.506578947368421,0.0781573986804901,0.1479169857558585,0.5205497911332704,0.5633802816901409,0.0,0.5714285714285714,0.0
1791,0.8714285714285714,0.5460526315789473,0.08324465659298896,0.3031092050850054,0.852984772941652,0.8732394366197184,0.0,0.42857142857142855,1.0
113,0.8285714285714286,0.15789473684210528,0.027540376044345755,0.09710522285189156,0.3417329200916318,0.8309859154929577,0.0,0.5714285714285714,0.3333333333333333
1437,0.17142857142857143,0.5328947368421053,0.08134561009207569,0.08268239138203912,0.17383102007815657,0.18309859154929578,0.0,0.2857142857142857,0.6666666666666666
3481,0.44285714285714284,0.48026315789473684,0.0742813383600377,0.14161816510951142,0.39832906616358976,0.4507042253521127,0.0,0.42857142857142855,0.6666666666666666
1241,1.0,0.17105263157894737,0.030186775696592366,0.20802062592535864,0.4384853793289314,1.0,0.0,0.2857142857142857,0.3333333333333333
1142,0.4857142857142857,0.3157894736842105,0.05062609398141914,0.09021289630877623,0.31747742891793557,0.014084507042253521,1.0,0.5714285714285714,0.0
2564,0.4714285714285714,0.631578947368421,0.09522093474524589,0.12425971307499874,0.5251313839105242,0.014084507042253521,1.0,0.7142857142857142,0.0
1216,0.6857142857142857,0.06578947368421054,0.014291484737155934,0.06786069842242304,0.1906751111710012,0.028169014084507043,1.0,0.42857142857142855,0.6666666666666666
1198,0.6142857142857143,0.5394736842105263,0.08236226544426356,0.2841553070914382,0.5992453847190405,0.619718309859155,0.0,0.2857142857142857,0.0
85,0.7285714285714286,0.29605263157894735,0.04719785398390488,0.15894470822484302,0.44710955396846785,0.056338028169014086,0.5,0.42857142857142855,0.0
2002,0.014285714285714285,0.06578947368421054,0.015080113100848256,0.0013784653086230663,0.006198625522166823,0.028169014084507043,0.0,0.7142857142857142,1.0
3692,0.32857142857142857,0.3157894736842105,0.050659754948162106,0.10323173533466075,0.21722139873332433,0.3380281690140845,0.0,0.2857142857142857,0.6666666666666666
1381,0.7142857142857143,0.4342105263157895,0.06745393727707859,0.4172155000765814,0.586174370030993,0.7183098591549296,0.0,0.14285714285714285,1.0
2495,0.41428571428571426,1.0,0.09447062519635564,0.16349172920814825,0.45991106319902975,0.028169014084507043,0.5,0.42857142857142855,0.6666666666666666
668,0.5142857142857143,0.4078947368421053,0.06365743689023615,0.09573313932710471,0.4046624444144994,0.014084507042253521,1.0,0.7142857142857142,0.6666666666666666
1014,0.24285714285714283,0.05263157894736842,0.013561629489998953,0.019030479399601778,0.06697210618515023,0.0,1.0,0.5714285714285714,0.6666666666666666
128,0.15714285714285714,0.4342105263157895,0.06738925541941565,0.09767958339715117,0.13636976148767013,0.0,1.0,0.14285714285714285,1.0
1364,0.8,0.05263157894736842,0.013310845445375929,0.050613927605044164,0.21412208597224092,0.056338028169014086,0.5,0.7142857142857142,0.6666666666666666
2954,0.34285714285714286,0.32894736842105265,0.05176248821866164,0.054442997906774905,0.23029241342137177,0.014084507042253521,1.0,0.7142857142857142,0.6666666666666666
1807,0.42857142857142855,0.5657894736842105,0.08531209145358913,0.15454127737785267,0.4347123029241342,0.014084507042253521,1.0,0.42857142857142855,0.0
891,0.3,0.45394736842105265,0.07055950646902578,0.09303683565630265,0.2615550464896914,0.3098591549295775,0.0,0.42857142857142855,0.6666666666666666
2413,0.7571428571428571,0.05921052631578946,0.013264914301672075,0.04092729142507057,0.20239859857162107,0.7605633802816901,0.0,0.8571428571428571,0.6666666666666666
1359,0.5285714285714286,0.4605263157894737,0.07066322734262612,0.128924797059274,0.4537124376768629,0.04225352112676056,0.5,0.5714285714285714,1.0
307,0.35714285714285715,0.42105263157894735,0.06593924454433409,0.06912110073007607,0.29227866864304003,0.36619718309859156,0.0,0.7142857142857142,0.0
3484,0.6428571428571429,0.14473684210526314,0.025959922960291766,0.09093084699035074,0.2556259264250101,0.647887323943662,0.0,0.42857142857142855,0.0
383,0.12857142857142856,0.5328947368421053,0.08199811498586239,0.03813754020523817,0.13421371782778602,0.0,0.5,0.5714285714285714,0.3333333333333333
150,0.45714285714285713,0.32894736842105265,0.05215205780710021,0.10897534078725686,0.3064277051610295,0.4647887323943662,0.0,0.42857142857142855,0.6666666666666666
1317,0.4857142857142857,0.23684210526315788,0.038965935101656114,0.07363302190228212,0.25912949737232177,0.014084507042253521,1.0,0.5714285714285714,0.6666666666666666
1451,0.7857142857142857,0.6578947368421053,0.09960280059243301,0.6410246592127432,0.9012262498315591,0.7887323943661972,0.0,0.14285714285714285,0.3333333333333333
1779,0.11428571428571427,0.24342105263157895,0.04052780395852969,0.013494737763385337,0.06724161164263576,0.0,1.0,0.8571428571428571,0.6666666666666666
3055,0.8714285714285714,0.4342105263157895,0.06745006232708035,0.33801756266911726,0.7129766877779274,0.8732394366197184,0.0,0.2857142857142857,1.0
426,0.3142857142857143,0.256578947368421,0.041511289595541526,0.050582018685863074,0.17800835466918205,0.323943661971831,0.0,0.5714285714285714,0.0
494,0.39999999999999997,0.3157894736842105,0.22844421333159995,0.2841553070914382,0.9999999999999999,0.4084507042253521,0.0,0.5714285714285714,0.6666666666666666
1207,0.9714285714285714,0.07236842105263158,0.015667472578508108,0.13431102261704192,0.282845977631047,0.971830985915493,0.0,0.2857142857142857,0.3333333333333333
2696,0.19999999999999998,0.019736842105263164,0.00885956644674835,0.01066396079032011,0.04541166958630912,0.2112676056338028,0.0,0.7142857142857142,1.0
2322,0.9428571428571428,0.30263157894736836,0.048658685835666154,0.11972408813425814,0.5906212100795041,0.028169014084507043,1.0,0.8571428571428571,0.0
1208,0.12857142857142856,0.6513157894736842,0.09915174363807729,0.037499361821616374,0.15873871445896778,0.14084507042253522,0.0,0.7142857142857142,0.0
2850,0.09999999999999999,0.013157894736842118,0.00824693685202639,0.005271353448715985,0.022638458428783183,0.11267605633802817,0.0,0.7142857142857142,0.6666666666666666
3022,0.2714285714285714,0.368421052631579,0.058058435438265776,0.04081788941644968,0.20185958765665005,0.28169014084507044,0.0,0.8571428571428571,0.3333333333333333
2740,0.7714285714285715,0.493421052631579,0.07562333990232199,0.19792464389646192,0.6965368548713111,0.028169014084507043,1.0,0.5714285714285714,0.6666666666666666
1743,0.6285714285714286,0.19078947368421054,0.03300869200963452,0.08393322101393781,0.2953779814041234,0.6338028169014085,0.0,0.5714285714285714,1.0
1239,0.8,0.08552631578947367,0.01704780329712122,0.11618675652218308,0.244576202668104,0.8028169014084507,0.0,0.2857142857142857,0.6666666666666666
1971,0.9428571428571428,0.5197368421052632,0.08000056269078734,0.2531398376474192,0.8908502897183668,0.943661971830986,0.0,0.5714285714285714,0.6666666666666666
2042,0.21428571428571427,0.1776315789473684,0.031102733270499526,0.017460560575892174,0.09944751381215468,0.22535211267605634,0.0,1.0,0.6666666666666666
275,0.7428571428571429,0.4736842105263158,0.07323102093077018,0.46469597181804256,0.6530117234874006,0.7464788732394366,0.0,0.14285714285714285,0.0
489,0.2714285714285714,0.2236842105263158,0.038689915174363806,0.04162199417981314,0.14647621614337689,0.0,1.0,0.5714285714285714,1.0
1904,0.1857142857142857,1.0,0.043759256765854314,0.08044876703936285,0.11211427031397385,0.1971830985915493,0.0,0.14285714285714285,0.6666666666666666
1229,0.2571428571428571,0.5986842105263158,0.09137358003869239,0.0801807321182417,0.2821722139873332,0.0,1.0,0.5714285714285714,0.6666666666666666
690,0.6428571428571429,0.21052631578947364,0.034831782977502765,0.11165568999846838,0.3139738579706239,0.04225352112676056,0.5,0.42857142857142855,1.0
3606,0.9571428571428572,0.05263157894736842,0.012335754282863005,0.1170163884208914,0.24632798814175985,0.028169014084507043,1.0,0.2857142857142857,0.0
2494,0.6142857142857143,0.381578947368421,0.06025619055779283,0.16358745596569152,0.46018056865651524,0.014084507042253521,1.0,0.42857142857142855,0.3333333333333333
1805,0.6142857142857143,0.6447368421052632,0.0977851083883129,0.24744409557359473,0.6962673494138256,0.619718309859155,0.0,0.42857142857142855,1.0
1876,0.24285714285714283,0.5723684210526315,0.08686773484134465,0.060441874712819726,0.2556259264250101,0.0,1.0,0.7142857142857142,1.0
2748,0.7142857142857143,0.3421052631578947,0.054332760436879735,0.13937815898299893,0.4904999326236356,0.7183098591549296,0.0,0.5714285714285714,0.6666666666666666
2592,0.41428571428571426,0.39473684210526316,0.061577128495130376,0.15135038545974372,0.31882495620536316,0.4225352112676056,0.0,0.2857142857142857,0.6666666666666666
1058,0.3142857142857143,0.42105263157894735,0.06536081629307872,0.09121802726298055,0.25643444279746663,0.014084507042253521,0.5,0.42857142857142855,0.3333333333333333
118,0.5428571428571429,0.06578947368421054,0.01546678266753667,0.05622989738091592,0.15793019808651124,0.04225352112676056,0.5,0.42857142857142855,0.6666666666666666
1024,0.49999999999999994,0.5921052631578947,0.09021887108597759,0.18852427630571297,0.5303867403314917,0.5070422535211268,0.0,0.42857142857142855,0.6666666666666666
2834,0.4714285714285714,0.5526315789473684,0.084465265842435,0.13436207688773166,0.47284732515833444,0.028169014084507043,0.5,0.5714285714285714,0.3333333333333333
281,0.7142857142857143,0.32894736842105265,0.05143131710742732,0.11104942053402768,0.46934375421102276,0.7183098591549296,0.0,0.7142857142857142,0.0
2873,0.6714285714285715,0.032894736842105254,0.009641061891297518,0.036574003165364785,0.15483088532542783,0.028169014084507043,1.0,0.7142857142857142,0.0
1316,0.8428571428571429,0.2302631578947368,0.03825007854225573,0.12486598253943942,0.4394286484301307,0.07042253521126761,0.5,0.5714285714285714,0.6666666666666666
2903,0.6714285714285715,0.368421052631579,0.05812126924285266,0.23125031908919183,0.4875353725912949,0.676056338028169,0.0,0.2857142857142857,0.6666666666666666
968,0.11428571428571427,0.05921052631578946,0.014451775054979576,0.007887884821565324,0.03368818218568926,0.1267605633802817,0.0,0.7142857142857142,1.0
1665,0.9571428571428572,0.2763157894736842,0.045018572933414644,0.1334813907183336,0.5640749225171809,0.07042253521126761,0.5,0.7142857142857142,0.6666666666666666
2351,0.9714285714285714,0.3157894736842105,0.05090904123809914,0.2989610455914637,0.6305080177873601,0.971830985915493,0.0,0.2857142857142857,0.6666666666666666
1860,0.45714285714285713,0.493421052631579,0.07617170765144374,0.14922844233420127,0.4197547500336882,0.4647887323943662,0.0,0.42857142857142855,0.6666666666666666
3740,0.9,0.07236842105263158,0.015433553251649388,0.09251033848981467,0.26007276647352107,0.9014084507042254,0.0,0.42857142857142855,0.0
619,0.9142857142857143,0.4605263157894737,0.07092003190023925,0.27711939041200795,0.779814041234335,0.9154929577464789,0.0,0.42857142857142855,0.0
1742,0.9714285714285714,0.019736842105263164,0.008578180278381073,0.07575815591974269,0.21290931141355612,0.971830985915493,0.0,0.42857142857142855,1.0
3599,0.04285714285714286,0.07894736842105263,0.015080113100848256,0.003293000459488436,0.014283789246732244,0.056338028169014086,0.0,0.7142857142857142,0.6666666666666666
155,0.6142857142857143,0.4605263157894737,0.0711592836946277,0.18794991576045336,0.5287697075865786,0.04225352112676056,0.5,0.42857142857142855,0.6666666666666666
3653,0.32857142857142857,0.2302631578947368,0.037935909519321395,0.061782049318425486,0.17356151462067107,0.028169014084507043,0.5,0.42857142857142855,1.0
1655,0.4857142857142857,0.2828947368421052,0.04572505722364346,0.13909736049420535,0.29295243228675377,0.014084507042253521,1.0,0.2857142857142857,0.6666666666666666
2312,0.22857142857142856,0.44736842105263164,0.06908022398403282,0.05628733343544188,0.19808651125185284,0.23943661971830987,0.0,0.5714285714285714,0.0
304,0.6285714285714286,0.17105263157894737,0.030244004607812333,0.09873257773012713,0.2775906212100795,0.04225352112676056,0.5,0.42857142857142855,1.0
2431,0.3142857142857143,0.3223684210526315,0.05122321026103348,0.04245891954576286,0.20994475138121546,0.323943661971831,0.0,0.8571428571428571,0.6666666666666666
3177,0.3142857142857143,0.6578947368421053,0.09986477072491087,0.1315189921886966,0.36989624039886804,0.014084507042253521,0.5,0.42857142857142855,0.6666666666666666
2562,0.19999999999999998,0.631578947368421,0.09550738297203895,0.054666360341042525,0.23123568252257107,0.2112676056338028,0.0,0.7142857142857142,0.6666666666666666
3744,0.8285714285714286,0.2763157894736842,0.04445757919455582,0.1722028641445857,0.48443605983021154,0.056338028169014086,0.5,0.42857142857142855,0.6666666666666666
2788,0.24285714285714283,0.3421052631578947,0.053356372395015186,0.02988110736713126,0.1693841800296456,0.2535211267605634,0.0,1.0,0.3333333333333333
1307,0.22857142857142856,0.2236842105263158,0.0370904252370128,0.057346709552254044,0.12033418676728203,0.23943661971830987,0.0,0.2857142857142857,0.3333333333333333
2098,0.0857142857142857,0.48026315789473684,0.07297697589874781,0.02396998008883443,0.0843552081929659,0.09859154929577466,0.0,0.5714285714285714,1.0
575,0.9,0.05263157894736842,0.012885838831291234,0.0672767652014091,0.23676054440102412,0.07042253521126761,0.5,0.5714285714285714,1.0
2545,0.14285714285714285,0.3157894736842105,0.05080969925456259,0.028067085311686325,0.0987737501684409,0.15492957746478875,0.0,0.5714285714285714,0.3333333333333333
3206,0.9285714285714286,0.4407894736842105,0.06846028617941907,0.27314672997396233,0.7686295647486862,0.07042253521126761,0.5,0.42857142857142855,0.6666666666666666
3270,0.028571428571428574,0.26973684210526316,0.04681118441721646,0.004687876069404634,0.023851232987467996,0.04225352112676056,0.0,0.8571428571428571,1.0
1706,0.7285714285714286,0.5131578947368421,0.07933372000290001,0.1390882436601536,0.6860261420293761,0.056338028169014086,0.5,0.8571428571428571,1.0
1299,0.7142857142857143,0.15789473684210528,0.027628393487460955,0.0699507326287844,0.2957822395903517,0.7183098591549296,0.0,0.7142857142857142,0.0
132,1.0,0.5986842105263158,0.08550264831211586,0.35532815132485834,0.9999999999999999,1.0,0.0,0.42857142857142855,0.6666666666666666
2937,0.8,0.5,0.07662417117251186,0.25945780364527493,0.7300902843282576,0.028169014084507043,1.0,0.42857142857142855,0.6666666666666666
3497,0.5142857142857143,0.4078947368421053,0.06365743689023615,0.07166583703476796,0.4046624444144994,0.04225352112676056,0.5,1.0,0.6666666666666666
3626,0.15714285714285714,0.39473684210526316,0.06079170593779454,0.05958033389493031,0.12505053227327853,0.16901408450704225,0.0,0.2857142857142857,0.0
843,0.21428571428571427,0.4276315789473685,0.06597549481621112,0.04234951753714198,0.17922112922786687,0.014084507042253521,0.5,0.7142857142857142,0.6666666666666666
1628,0.5857142857142857,0.19078947368421054,0.03271845967416184,0.13003522744677593,0.2738175448052823,0.5915492957746479,0.0,0.2857142857142857,0.6666666666666666
2707,0.6571428571428571,0.5460526315789473,0.08342190226001163,0.3069382753867361,0.6473521088802048,0.6619718309859155,0.0,0.2857142857142857,0.6666666666666666
269,0.6285714285714286,0.30263157894736836,0.04838202953188815,0.11203859702864145,0.3942864843013071,0.6338028169014085,0.0,0.5714285714285714,0.6666666666666666
629,0.7857142857142857,0.13815789473684212,0.025094250706880303,0.10835311686322562,0.3046759196873737,0.7887323943661972,0.0,0.42857142857142855,0.3333333333333333
1730,0.014285714285714285,0.013157894736842118,0.007540056550424126,0.0015699188237096034,0.0040425818622827105,0.028169014084507043,0.0,0.42857142857142855,0.0
1033,0.8142857142857143,0.06578947368421054,0.01433260749455621,0.08054449379690612,0.2263845842878318,0.8169014084507042,0.0,0.42857142857142855,0.0
2174,0.39999999999999997,0.30263157894736836,0.048327862458968446,0.09006930617246132,0.25320037730764045,0.4084507042253521,0.0,0.42857142857142855,0.6666666666666666
286,0.7714285714285715,0.35526315789473684,0.05673892554194157,0.1557282891713892,0.5480393477967929,0.7746478873239436,0.0,0.5714285714285714,0.6666666666666666
1326,0.8714285714285714,0.42105263157894735,0.06539782919339637,0.24691759840710675,0.6947850693976553,0.8732394366197184,0.0,0.42857142857142855,0.6666666666666666
2755,0.5428571428571429,0.48684210526315785,0.07540056550424128,0.13983764741920662,0.49211696536854865,0.5492957746478874,0.0,0.5714285714285714,0.3333333333333333
300,0.21428571428571427,0.18421052631578946,0.03216305372290292,0.03631873181191607,0.1018730629295243,0.22535211267605634,0.0,0.42857142857142855,0.0
2973,0.42857142857142855,0.32894736842105265,0.051837888784165884,0.06771710828610814,0.2863495485783587,0.4366197183098592,0.0,0.7142857142857142,0.6666666666666666
3361,0.3857142857142857,0.3157894736842105,0.05049145011444728,0.12020728033900036,0.2530656245788977,0.3943661971830986,0.0,0.2857142857142857,0.6666666666666666
1447,0.028571428571428574,0.3486842105263158,0.05906377631165567,0.010472507275233573,0.02910658940843552,0.04225352112676056,0.0,0.42857142857142855,1.0
1472,0.9857142857142858,0.6578947368421053,0.08691261613033525,0.35532815132485834,0.9999999999999999,0.9859154929577465,0.0,0.42857142857142855,0.6666666666666666
2651,0.8,0.48026315789473684,0.07353208657836864,0.1668262112625721,0.7048915240533621,0.8028169014084507,0.0,0.7142857142857142,1.0
2320,0.7571428571428571,0.19078947368421054,0.03242922470066673,0.24969367437586154,0.3503570947311683,0.7605633802816901,0.0,0.14285714285714285,0.6666666666666666
1186,0.22857142857142856,0.032894736842105254,0.010533902533680767,0.026777964976770305,0.05578762969950141,0.0,1.0,0.2857142857142857,0.6666666666666666
65,0.1857142857142857,0.506578947368421,0.07634307257304429,0.08434165517945576,0.17733459102546825,0.1971830985915493,0.0,0.2857142857142857,0.6666666666666666
3591,0.8285714285714286,0.5328947368421053,0.08116743078962922,0.2821929085618012,0.7940978304810672,0.8309859154929577,0.0,0.42857142857142855,0.6666666666666666
890,0.9,0.6513157894736842,0.09629771442035814,0.2028149136818152,0.9999999999999999,0.9014084507042254,0.0,0.8571428571428571,0.3333333333333333
3689,0.7142857142857143,0.6381578947368421,0.09633900685627692,0.22641292694133866,0.7967928850559223,0.7183098591549296,0.0,0.5714285714285714,1.0
3251,0.7142857142857143,0.14473684210526314,0.02616843155735433,0.05772049974837538,0.28513677401967386,0.028169014084507043,1.0,0.8571428571428571,0.6666666666666666
1766,0.8142857142857143,0.08552631578947367,0.017225129188468913,0.059197426864757235,0.25037057000404256,0.8169014084507042,0.0,0.7142857142857142,0.0
3268,0.17142857142857143,0.2894736842105263,0.046182846371347785,0.03866403737172615,0.1084759466379194,0.014084507042253521,0.5,0.42857142857142855,0.0
1921,0.4714285714285714,0.013157894736842118,0.006763874258468701,0.033925562873334356,0.09513542649238646,0.014084507042253521,1.0,0.42857142857142855,0.0
230,0.8428571428571429,0.23684210526315788,0.03879987433239082,0.21070097513657016,0.44414499393612716,0.028169014084507043,1.0,0.2857142857142857,0.6666666666666666
503,1.0,0.2894736842105263,0.04708552919780701,0.21681153315974883,0.6100256030184611,1.0,0.0,0.42857142857142855,0.0
2631,0.2571428571428571,0.04605263157894737,0.01210377498883873,0.01899218869658447,0.06683735345640748,0.014084507042253521,0.5,0.5714285714285714,0.0
2587,0.8142857142857143,0.21052631578947364,0.03542526568949267,0.09493541634757748,0.40129362619593045,0.8169014084507042,0.0,0.7142857142857142,0.3333333333333333
380,0.6714285714285715,0.09210526315789472,0.018084354382657868,0.05029483841323327,0.21277455868481335,0.028169014084507043,1.0,0.7142857142857142,0.6666666666666666
1525,0.04285714285714286,0.4342105263157895,0.06526861451460886,0.0154024352887119,0.042986120468939494,0.0,1.0,0.42857142857142855,0.0
2157,0.15714285714285714,0.36184210526315785,0.05702167766258247,0.03369581865523051,0.11858240129362618,0.0,1.0,0.5714285714285714,0.6666666666666666
1936,0.8857142857142858,0.13157894736842105,0.02417605433628054,0.07917241027211926,0.3347257781970085,0.8873239436619719,0.0,0.7142857142857142,1.0
1004,0.42857142857142855,0.13815789473684212,0.024170745796722508,0.07789605350487569,0.16372456542244979,0.014084507042253521,1.0,0.2857142857142857,0.0
836,0.8571428571428572,0.4013157894736842,0.06314797360980207,0.18865829376627355,0.6639266945155639,0.07042253521126761,0.5,0.5714285714285714,1.0
2232,0.24285714285714283,0.5526315789473684,0.08477327468844904,0.08901631183948537,0.2502358172752998,0.2535211267605634,0.0,0.42857142857142855,0.6666666666666666
374,0.24285714285714283,0.506578947368421,0.07833280971829511,0.047272607925081506,0.2336612316399407,0.2535211267605634,0.0,0.8571428571428571,0.0
2633,0.3,0.4407894736842105,0.06897438094422072,0.09126589064175218,0.2565691955262094,0.014084507042253521,0.5,0.42857142857142855,0.6666666666666666
2632,0.9285714285714286,0.5986842105263158,0.09119469911175848,0.23271812937152192,0.9831559089071553,0.07042253521126761,0.5,0.7142857142857142,0.6666666666666666
2762,0.8285714285714286,0.1776315789473684,0.030719340564545762,0.13104035840098024,0.3685487131114405,0.8309859154929577,0.0,0.42857142857142855,1.0
939,0.04285714285714286,0.24342105263157895,0.04005655042412818,0.013886761627610149,0.02856757849346449,0.0,0.5,0.2857142857142857,0.6666666666666666
1321,0.6857142857142857,0.42105263157894735,0.06495604839485276,0.15503905651707767,0.5456137986794232,0.6901408450704225,0.0,0.5714285714285714,0.3333333333333333
2374,0.0,0.24342105263157895,0.021677662582469365,0.0006445601674580079,0.003099312761083412,0.014084507042253521,0.0,0.7142857142857142,0.6666666666666666
2583,0.39999999999999997,0.493421052631579,0.07592056940427053,0.10445703783121457,0.3676054440102412,0.028169014084507043,0.5,0.5714285714285714,0.0
751,0.8857142857142858,0.0394736842105263,0.010741588498421672,0.050518200847500895,0.21371782778601267,0.07042253521126761,0.5,0.7142857142857142,1.0
99,0.8571428571428572,0.09868421052631579,0.019128258216034977,0.06621738908459693,0.28001617032744913,0.8591549295774648,0.0,0.7142857142857142,0.6666666666666666
1543,0.34285714285714286,0.5394736842105263,0.08301602262016965,0.08089549190789809,0.34200242554911736,0.028169014084507043,0.5,0.7142857142857142,0.0
2355,0.9142857142857143,0.17105263157894737,0.030073225549191618,0.09468014499412876,0.4002156043659884,0.9154929577464789,0.0,0.7142857142857142,0.6666666666666666
866,0.6142857142857143,0.10526315789473684,0.019728386599263126,0.058316740695359165,0.20522840587521896,0.619718309859155,0.0,0.5714285714285714,0.3333333333333333
1760,0.6142857142857143,0.14473684210526314,0.025940365007283007,0.11605912084545872,0.2443066972106185,0.619718309859155,0.0,0.2857142857142857,0.0
910,0.9714285714285714,0.375,0.059118414402600766,0.20217491193138307,0.7114944077617571,0.971830985915493,0.0,0.5714285714285714,0.0
2071,0.22857142857142856,0.48026315789473684,0.07406996728946055,0.04968856894879256,0.21021425683870099,0.0,1.0,0.7142857142857142,0.6666666666666666
1575,0.17142857142857143,0.04605263157894737,0.012760095700717757,0.009255409929326303,0.04635493868750842,0.18309859154929578,0.0,0.8571428571428571,1.0
529,0.7000000000000001,0.08552631578947367,0.01724787935909519,0.07676328687394701,0.215739118717154,0.7042253521126761,0.0,0.42857142857142855,0.0
1260,0.5571428571428572,0.5460526315789473,0.08357681432610745,0.19603882677285955,0.5515429187441045,0.5633802816901409,0.0,0.42857142857142855,0.3333333333333333
3623,0.1857142857142857,0.18421052631578946,0.03231452807324626,0.025348445397457495,0.08920630642770515,0.1971830985915493,0.0,0.5714285714285714,1.0
3415,0.5285714285714286,0.11184210526315788,0.021206409048067858,0.08797927196609996,0.18501549656380542,0.04225352112676056,0.5,0.2857142857142857,0.3333333333333333
636,0.7571428571428571,0.30263157894736836,0.049027821412364295,0.17009687547863378,0.4785069397655302,0.7605633802816901,0.0,0.42857142857142855,1.0
1269,0.9285714285714286,0.5657894736842105,0.08612515351440893,0.18968667264730982,0.9353186902034766,0.028169014084507043,1.0,0.8571428571428571,0.3333333333333333
185,0.6285714285714286,0.19078947368421054,0.032108074143889415,0.058623066319497624,0.2895836140681849,0.6338028169014085,0.0,0.8571428571428571,0.3333333333333333
2356,0.2714285714285714,1.0,0.02747408105560791,0.04077002603767805,0.11440506670260071,0.28169014084507044,0.0,0.42857142857142855,0.6666666666666666
1872,0.17142857142857143,0.35526315789473684,0.05502791270934532,0.179621687854189,0.12491577954453577,0.18309859154929578,0.0,0.0,0.0
2741,0.32857142857142857,0.5657894736842105,0.08616085453974238,0.09633940879154541,0.33903786551677667,0.3380281690140845,0.0,0.5714285714285714,1.0
1797,0.17142857142857143,0.10526315789473684,0.018632639744798084,0.02047595343850513,0.05726990971567174,0.0,1.0,0.42857142857142855,0.0
931,0.5714285714285715,0.18421052631578946,0.03117169720236316,0.09184025118701179,0.2581862282711225,0.04225352112676056,0.5,0.42857142857142855,0.6666666666666666
1441,0.15714285714285714,0.12499999999999997,0.022620169651272386,0.01692449073364987,0.05956070610429861,0.16901408450704225,0.0,0.5714285714285714,0.6666666666666666
2290,0.45714285714285713,0.006578947368421045,0.005854968154685402,0.03138880379843774,0.08799353186902033,0.028169014084507043,0.5,0.42857142857142855,0.6666666666666666
2856,0.8714285714285714,0.256578947368421,0.042488826730716606,0.1397227753101547,0.4917127071823204,0.8732394366197184,0.0,0.5714285714285714,0.0
2576,0.9285714285714286,0.4605263157894737,0.07138777025676178,0.1614609544231232,0.7962538741409513,0.028169014084507043,1.0,0.8571428571428571,1.0
1535,0.9285714285714286,0.20394736842105263,0.033901693656641814,0.1257466687088375,0.44252796119121407,0.9295774647887324,0.0,0.5714285714285714,0.3333333333333333
865,0.15714285714285714,0.4276315789473685,0.06778196669808358,0.03894164496860162,0.1370435251313839,0.014084507042253521,0.5,0.5714285714285714,0.3333333333333333
2987,0.6571428571428571,0.30263157894736836,0.048669460765636594,0.19634196150507988,0.41382562996900685,0.6619718309859155,0.0,0.2857142857142857,1.0
1273,0.5857142857142857,0.6513157894736842,0.09867151384587765,0.2380628733343544,0.6698558145802452,0.5915492957746479,0.0,0.42857142857142855,0.6666666666666666
2580,0.35714285714285715,0.02631578947368421,0.008917566881751611,0.028660591208454586,0.08031262633068319,0.36619718309859156,0.0,0.42857142857142855,0.3333333333333333
2185,0.5428571428571429,0.5921052631578947,0.08975567316754875,0.13539592586919896,0.5721600862417463,0.5492957746478874,0.0,0.7142857142857142,1.0
607,0.24285714285714283,0.5,0.07655251858833385,0.04634269085180404,0.22907963886268695,0.2535211267605634,0.0,0.8571428571428571,0.0
2457,0.09999999999999999,0.4276315789473685,0.06668237511781339,0.042732424567315054,0.08947581188519066,0.0,0.5,0.2857142857142857,1.0
1712,0.9285714285714286,0.21710526315789472,0.03654356953131694,0.22174146117322716,0.46745721600862417,0.9295774647887324,0.0,0.2857142857142857,1.0
3664,0.7285714285714286,0.5526315789473684,0.08401000507503806,0.1705914637259407,0.7207923460450074,0.056338028169014086,0.5,0.7142857142857142,0.6666666666666666
151,0.8714285714285714,0.5592105263157895,0.08558572253808033,0.24827691836422117,0.8737366931680366,0.028169014084507043,1.0,0.5714285714285714,0.6666666666666666
2685,0.17142857142857143,0.29605263157894735,0.04698035235264264,0.031245213662122837,0.10995822665408973,0.014084507042253521,0.5,0.5714285714285714,1.0
2669,0.9142857142857143,0.38815789473684215,0.06055245414340607,0.24289707459028947,0.6834658401832636,0.9154929577464789,0.0,0.42857142857142855,1.0
1405,0.32857142857142857,0.6052631578947368,0.09228715048696198,0.1708786439985705,0.3600592912006468,0.3380281690140845,0.0,0.2857142857142857,0.0
2398,0.014285714285714285,0.05263157894736842,0.007068803016022619,0.000836013682544545,0.003907829133539953,0.028169014084507043,0.0,0.7142857142857142,0.6666666666666666
731,0.5714285714285715,0.15789473684210528,0.027562584768166247,0.04795637047896199,0.23703004985850962,0.5774647887323944,0.0,0.8571428571428571,0.0
2378,0.15714285714285714,0.42105263157894735,0.06542569902607603,0.0377929238780824,0.1330009432691012,0.014084507042253521,0.5,0.5714285714285714,0.3333333333333333
2384,0.0857142857142857,0.256578947368421,0.04160495489430457,0.01245086026446112,0.05295782239590351,0.0,1.0,0.7142857142857142,1.0
3403,0.44285714285714284,0.3355263157894737,0.05369344957587181,0.1443942410782662,0.3041369087724026,0.4507042253521127,0.0,0.2857142857142857,0.6666666666666666
23,0.14285714285714285,0.5921052631578947,0.08816725216348213,0.056086307244601015,0.15752593990028296,0.15492957746478875,0.0,0.42857142857142855,0.3333333333333333
3140,0.5285714285714286,0.29605263157894735,0.047943846420953416,0.09385051309542043,0.3302789381484975,0.04225352112676056,0.5,0.5714285714285714,0.6666666666666666
158,0.028571428571428574,0.506578947368421,0.08325479107759974,0.009259968346352171,0.03948254952162781,0.04225352112676056,0.0,0.7142857142857142,1.0
1748,0.11428571428571427,0.5,0.077913917687716,0.05498544953285343,0.11534833580380001,0.0,0.5,0.2857142857142857,0.0
861,0.014285714285714285,0.07894736842105263,0.01837888784165881,0.002029407259917292,0.007141894623366124,0.028169014084507043,0.0,0.5714285714285714,0.0
1840,0.7428571428571429,0.11842105263157895,0.021837710952643467,0.07489661510185328,0.26357633742083275,0.7464788732394366,0.0,0.5714285714285714,0.3333333333333333
2835,0.8857142857142858,0.4144736842105263,0.0645093727091842,0.19834584162965233,0.6980191348874815,0.8873239436619719,0.0,0.5714285714285714,0.6666666666666666
902,0.6714285714285715,0.09210526315789472,0.018634150172792963,0.06153315974881299,0.21654763508961056,0.676056338028169,0.0,0.5714285714285714,0.6666666666666666
352,0.028571428571428574,0.05263157894736842,0.014451775054979576,0.002833512023280748,0.00997170192696402,0.04225352112676056,0.0,0.5714285714285714,0.0
1230,0.7000000000000001,0.10526315789473684,0.020301602262016966,0.08451715423495175,0.23756906077348064,0.056338028169014086,0.5,0.42857142857142855,0.6666666666666666
2810,0.04285714285714286,0.17105263157894737,0.030160226201696512,0.005335171287078164,0.022907963886268694,0.056338028169014086,0.0,0.7142857142857142,0.0
444,0.8714285714285714,0.006578947368421045,0.00608069076647107,0.03414436689057611,0.1689799218434173,0.8732394366197184,0.0,0.8571428571428571,0.6666666666666666
3668,0.45714285714285713,0.6578947368421053,0.09933453288778453,0.18804564251799663,0.5290392130440641,0.014084507042253521,1.0,0.42857142857142855,0.3333333333333333
754,0.9,0.18421052631578946,0.031323633364750234,0.1923852555266248,0.40547096078695594,0.9014084507042254,0.0,0.2857142857142857,0.0
1737,0.1857142857142857,0.4605263157894737,0.07149589336205736,0.05967606065247358,0.16763239455598974,0.014084507042253521,0.5,0.42857142857142855,0.6666666666666666
923,0.5285714285714286,0.381578947368421,0.05972518478099112,0.1401822637463624,0.3942864843013071,0.5352112676056339,0.0,0.42857142857142855,0.3333333333333333
1666,0.6,0.17105263157894737,0.03033557635403196,0.09452060039822331,0.2657323810807169,0.014084507042253521,1.0,0.42857142857142855,0.6666666666666666
3710,0.9857142857142858,0.3223684210526315,0.05167631614379964,0.1532011027722469,0.6473521088802048,0.9859154929577465,0.0,0.7142857142857142,0.6666666666666666
2623,0.7857142857142857,0.48026315789473684,0.07354921233337822,0.2461517843467606,0.6926290257377712,0.7887323943661972,0.0,0.42857142857142855,0.0
311,0.3142857142857143,0.3157894736842105,0.2914805556693849,0.2841553070914382,0.9999999999999999,0.0,1.0,0.5714285714285714,0.0
1375,0.8714285714285714,0.11842105263157895,0.021890486759295856,0.14675550109766683,0.30912275973588466,0.028169014084507043,1.0,0.2857142857142857,0.0
548,0.7571428571428571,0.375,0.058784514957936254,0.19685250421197734,0.5538337151327314,0.7605633802816901,0.0,0.42857142857142855,0.6666666666666666
3160,0.8857142857142858,0.5657894736842105,0.08626183743997126,0.3176596722315822,0.8939496024794501,0.07042253521126761,0.5,0.42857142857142855,0.0
1746,0.45714285714285713,0.3355263157894737,0.05312312569616999,0.06297179616217755,0.31100929793828325,0.028169014084507043,0.5,0.8571428571428571,0.6666666666666666
2166,0.04285714285714286,0.6447368421052632,0.09919886899151743,0.014684484607137387,0.06239051340789651,0.056338028169014086,0.0,0.7142857142857142,0.0
2932,0.14285714285714285,0.493421052631579,0.07625739011224401,0.04943329759534385,0.13879531060503975,0.15492957746478875,0.0,0.42857142857142855,1.0
1835,0.24285714285714283,0.44736842105263164,0.06948371557231124,0.07504020523816818,0.21088802048241476,0.0,1.0,0.42857142857142855,1.0
306,0.7714285714285715,0.26315789473684215,0.04251563704909605,0.15506777454434065,0.4361945829403045,0.056338028169014086,0.5,0.42857142857142855,1.0
287,0.8428571428571429,0.1513157894736842,0.026280238768457427,0.09568846684025119,0.33674706912814983,0.8450704225352113,0.0,0.5714285714285714,1.0
694,0.2571428571428571,0.3355263157894737,0.05347487474577113,0.05092663501301884,0.17922112922786687,0.26760563380281693,0.0,0.5714285714285714,1.0
308,0.34285714285714286,0.3421052631578947,0.054213006597549476,0.08504365140143973,0.23905134078965098,0.35211267605633806,0.0,0.42857142857142855,0.0
2749,0.4857142857142857,0.3486842105263158,0.05571563215295543,0.09744983917904733,0.34294569465031666,0.49295774647887325,0.0,0.5714285714285714,0.6666666666666666
1756,0.39999999999999997,0.19078947368421054,0.03269524521433911,0.06704702098330526,0.18838431478237433,0.014084507042253521,1.0,0.42857142857142855,0.0
2883,0.3142857142857143,0.13157894736842105,0.02483301233454903,0.02484519615780146,0.12316399407087993,0.0,1.0,0.8571428571428571,0.6666666666666666
2380,0.7285714285714286,0.493421052631579,0.07530993982454869,0.23318080869964772,0.656111036248484,0.7323943661971831,0.0,0.42857142857142855,0.0
749,0.2857142857142857,0.48026315789473684,0.07454782101341952,0.07432225455659366,0.2615550464896914,0.29577464788732394,0.0,0.5714285714285714,0.0
1590,0.8857142857142858,0.35526315789473684,0.056071690378947686,0.22107137387042428,0.6220185958765665,0.8873239436619719,0.0,0.42857142857142855,0.3333333333333333
1170,0.41428571428571426,0.39473684210526316,0.061797046811184406,0.09086383826007045,0.31976822530656246,0.4225352112676056,0.0,0.5714285714285714,0.3333333333333333
1953,0.5857142857142857,0.2236842105263158,0.03767784210762533,0.10797020983305254,0.3035978978574316,0.5915492957746479,0.0,0.42857142857142855,0.3333333333333333
1266,0.7857142857142857,0.26973684210526316,0.04391073111619766,0.0922641839704177,0.455329470421776,0.7887323943661972,0.0,0.8571428571428571,0.6666666666666666
2596,0.07142857142857142,0.5526315789473684,0.08608231228400878,0.02971358554143054,0.08327718636302384,0.0,0.5,0.42857142857142855,0.0
2382,0.9571428571428572,0.1513157894736842,0.026514941509120142,0.13659251033848982,0.3841800296456003,0.9577464788732395,0.0,0.42857142857142855,0.6666666666666666
908,0.9,0.32894736842105265,0.05283930254476908,0.21408332056976567,0.602344697480124,0.07042253521126761,0.5,0.42857142857142855,1.0
2130,0.6428571428571429,0.6513157894736842,0.09851247797401959,0.2604150712207076,0.7327853389031127,0.647887323943662,0.0,0.42857142857142855,0.0
86,0.45714285714285713,0.5921052631578947,0.09008082712135493,0.11484658191657732,0.48537932893141084,0.4647887323943662,0.0,0.7142857142857142,0.3333333333333333
2962,0.5857142857142857,0.3355263157894737,0.05262331134150172,0.0930527901158932,0.3933432152001078,0.5915492957746479,0.0,0.7142857142857142,0.0
2018,0.9857142857142858,0.019736842105263164,0.007970916924734076,0.059656915300964924,0.20994475138121546,0.9859154929577465,0.0,0.5714285714285714,1.0
3100,0.8571428571428572,0.2894736842105263,0.04661547256686392,0.37002220860775004,0.5197412747608139,0.8591549295774648,0.0,0.14285714285714285,0.0
970,0.35714285714285715,0.506578947368421,0.07772058290437178,0.07949149946393017,0.33607330548443604,0.36619718309859156,0.0,0.7142857142857142,0.3333333333333333
13,0.2714285714285714,0.5789473684210527,0.08732327992459944,0.08113799969367438,0.28554103220590216,0.0,1.0,0.5714285714285714,0.3333333333333333
873,0.5571428571428572,0.4276315789473685,0.06654099905749293,0.12903966916832593,0.4541166958630912,0.5633802816901409,0.0,0.5714285714285714,0.3333333333333333
1723,0.014285714285714285,0.24342105263157895,0.03204524033930255,0.00559044264052688,0.011049723756906077,0.028169014084507043,0.0,0.2857142857142857,0.0
808,0.19999999999999998,0.6052631578947368,0.09186302230600063,0.06348598560269567,0.22342002425549115,0.2112676056338028,0.0,0.5714285714285714,0.6666666666666666
3212,0.12857142857142856,0.368421052631579,0.056833176248821865,0.02791392249961709,0.09823473925346987,0.0,0.5,0.5714285714285714,0.3333333333333333
514,0.6714285714285715,0.32894736842105265,0.052171693371033626,0.12693368050237402,0.44670529578223955,0.056338028169014086,0.5,0.5714285714285714,1.0
3000,0.1857142857142857,0.032894736842105254,0.0111081190251784,0.013286873947005668,0.04675919687373669,0.1971830985915493,0.0,0.5714285714285714,0.0
409,0.8857142857142858,0.07894736842105263,0.01690528551980013,0.12786542094246184,0.2692359520280286,0.028169014084507043,1.0,0.2857142857142857,0.6666666666666666
2097,0.8571428571428572,0.4013157894736842,0.06269989647873178,0.1562005411752693,0.6600188653820239,0.8591549295774648,0.0,0.7142857142857142,1.0
1337,1.0,0.18421052631578946,0.031394777714353984,0.12808240159289325,0.4507478776445223,1.0,0.0,0.5714285714285714,0.6666666666666666
1413,0.7571428571428571,0.38815789473684215,0.06016336789192585,0.13357711747587686,0.5644791807034092,0.028169014084507043,1.0,0.7142857142857142,1.0
3158,0.8714285714285714,0.5789473684210527,0.0879875953908364,0.3180425792617553,0.8950276243093922,0.8732394366197184,0.0,0.42857142857142855,0.0
207,0.09999999999999999,0.11842105263157895,0.020617342130065976,0.008621789962730383,0.03678749494677267,0.0,0.5,0.7142857142857142,0.6666666666666666
2534,0.6857142857142857,0.2763157894736842,0.044624824482101984,0.11456578342778374,0.40318016439832904,0.6901408450704225,0.0,0.5714285714285714,0.6666666666666666
458,0.5857142857142857,0.631578947368421,0.09541762039405771,0.1847909327615255,0.6503166689125455,0.5915492957746479,0.0,0.5714285714285714,0.0
6,0.6,0.39473684210526316,0.06216162900291519,0.16401822637463623,0.4613933432152001,0.014084507042253521,1.0,0.42857142857142855,1.0
382,0.42857142857142855,0.5592105263157895,0.08522088109209205,0.12341093582478174,0.4343080447379059,0.028169014084507043,0.5,0.5714285714285714,0.6666666666666666
2260,0.04285714285714286,0.02631578947368421,0.007068803016022619,0.004952264256905091,0.009702196469478506,0.0,0.5,0.2857142857142857,1.0
3549,0.3142857142857143,0.4671052631578947,0.07199934434290867,0.13214121611272783,0.2782643848537933,0.0,1.0,0.2857142857142857,0.6666666666666666
1929,0.9428571428571428,0.2236842105263158,0.036715573874266744,0.169283198039516,0.4762161433769034,0.028169014084507043,1.0,0.42857142857142855,0.3333333333333333
2484,1.0,0.06578947368421054,0.014642046435066572,0.06637693368050238,0.2806899339711629,0.07042253521126761,0.5,0.7142857142857142,0.0
2310,0.44285714285714284,0.39473684210526316,0.06073279924599434,0.11960101087455965,0.33634281094192153,0.4507042253521127,0.0,0.42857142857142855,0.3333333333333333
1883,0.6714285714285715,0.1776315789473684,0.03055293748036443,0.08477561648031859,0.29834254143646405,0.676056338028169,0.0,0.5714285714285714,0.0
1713,0.2857142857142857,0.05921052631578946,0.013374624119204703,0.01565542743364768,0.07788707721331356,0.0,1.0,0.8571428571428571,0.6666666666666666
3487,0.7285714285714286,0.4671052631578947,0.07213804103530776,0.17973655996324092,0.6325293087185015,0.056338028169014086,0.5,0.5714285714285714,0.0
2437,0.09999999999999999,0.2763157894736842,0.0425306314797361,0.022103308316740695,0.061851502492925474,0.11267605633802817,0.0,0.42857142857142855,1.0
2092,0.4714285714285714,0.19078947368421054,0.03284914342739923,0.0448931142375774,0.22193774423932083,0.028169014084507043,0.5,0.8571428571428571,0.6666666666666666
1393,0.22857142857142856,0.3157894736842105,0.04973110827742973,0.03568055342829428,0.15105780892063064,0.014084507042253521,0.5,0.7142857142857142,1.0
552,0.3,0.618421052631579,0.09317967612029816,0.09453974574973197,0.3327044872658671,0.3098591549295775,0.0,0.5714285714285714,0.3333333333333333
3477,0.15714285714285714,0.6381578947368421,0.09652843229657555,0.037672581668599436,0.186363023851233,0.0,1.0,0.8571428571428571,0.6666666666666666
222,0.3,0.5789473684210527,0.08761031616828036,0.07454561699086129,0.3151866325293087,0.3098591549295775,0.0,0.7142857142857142,0.6666666666666666
1382,0.4714285714285714,0.39473684210526316,0.06129068026833731,0.08520319599734517,0.36019404392938953,0.47887323943661975,0.0,0.7142857142857142,0.0
1096,0.7571428571428571,0.256578947368421,0.041976472230949136,0.15076007045489356,0.4240668373534564,0.7605633802816901,0.0,0.42857142857142855,1.0
3238,0.5142857142857143,0.42105263157894735,0.06541508520773365,0.0979348547505999,0.4139603826977496,0.014084507042253521,1.0,0.7142857142857142,0.0
8,0.35714285714285715,0.032894736842105254,0.010838831291234682,0.024850666258232502,0.0874545209540493,0.36619718309859156,0.0,0.5714285714285714,0.6666666666666666
1925,0.9857142857142858,0.12499999999999997,0.023576141106772586,0.1040358400980242,0.36612316399407085,0.9859154929577465,0.0,0.5714285714285714,0.3333333333333333
634,0.5285714285714286,0.4605263157894737,0.07078724143062652,0.12911625057436055,0.4543862013205767,0.04225352112676056,0.5,0.5714285714285714,1.0
316,0.24285714285714283,0.3355263157894737,0.0537752644255943,0.04843773931689386,0.17046220185958766,0.2535211267605634,0.0,0.5714285714285714,0.0
3303,0.39999999999999997,0.0394736842105263,0.010920081900614251,0.027875631796599788,0.09809998652472711,0.4084507042253521,0.0,0.5714285714285714,0.0
1328,0.6428571428571429,0.48026315789473684,0.07396631561693234,0.2030747434522898,0.5713515698692898,0.04225352112676056,0.5,0.42857142857142855,1.0
427,0.39999999999999997,0.006578947368421045,0.007020052650394876,0.039158625619033036,0.08192965907559627,0.014084507042253521,1.0,0.2857142857142857,0.6666666666666666
2078,0.2571428571428571,0.0394736842105263,0.011756535542437621,0.018724153775463315,0.06589408435520819,0.014084507042253521,0.5,0.5714285714285714,0.3333333333333333
105,0.6,0.14473684210526314,0.0259956600837297,0.08504365140143973,0.23905134078965098,0.6056338028169014,0.0,0.42857142857142855,0.6666666666666666
2112,0.2714285714285714,0.5526315789473684,0.08459000942507068,0.0656749374585184,0.27772537393882224,0.014084507042253521,0.5,0.7142857142857142,0.6666666666666666
142,0.5857142857142857,0.5723684210526315,0.08731654773125083,0.17096798897227752,0.6016709338364101,0.5915492957746479,0.0,0.5714285714285714,1.0
121,0.6714285714285715,0.07236842105263158,0.015551366635249763,0.039505065312999146,0.1953914566769977,0.028169014084507043,1.0,0.8571428571428571,0.3333333333333333
3418,0.8285714285714286,0.12499999999999997,0.022923688876819122,0.10768302956042274,0.30278938148497503,0.028169014084507043,1.0,0.42857142857142855,0.3333333333333333
3278,0.07142857142857142,0.4605263157894737,0.07037386113729187,0.05039056517077654,0.06980191348874813,0.08450704225352113,0.0,0.14285714285714285,1.0
3580,0.04285714285714286,0.24342105263157895,0.040763430725730444,0.00823250114872109,0.02897183667969276,0.056338028169014086,0.0,0.5714285714285714,0.3333333333333333
1189,0.41428571428571426,0.3223684210526315,0.05174363807728559,0.06541966610506969,0.2766473521088802,0.4225352112676056,0.0,0.7142857142857142,0.6666666666666666
2462,0.2714285714285714,0.5328947368421053,0.08213949104618284,0.09629154541277378,0.27071823204419887,0.28169014084507044,0.0,0.42857142857142855,0.3333333333333333
3240,0.6,0.44736842105263164,0.0691098787892072,0.11928192168274877,0.504109958226654,0.6056338028169014,0.0,0.7142857142857142,0.0
2099,0.21428571428571427,0.1513157894736842,0.02786286522148916,0.026152550160820954,0.09203611373130305,0.22535211267605634,0.0,0.5714285714285714,0.0
1689,0.0,0.38815789473684215,0.06503298774740811,0.002112370449788125,0.009297938283250236,0.0,1.0,0.7142857142857142,1.0
115,0.04285714285714286,0.05921052631578946,0.011074458058435436,0.002750548833409915,0.011992992858105376,0.056338028169014086,0.0,0.7142857142857142,0.3333333333333333
2132,0.8285714285714286,0.5197368421052632,0.08024089841690762,0.22342625210598865,0.7862821722139873,0.8309859154929577,0.0,0.5714285714285714,1.0
1952,0.8428571428571429,1.0,0.06759346528432296,0.19639301577576962,0.6911467457216008,0.8450704225352113,0.0,0.5714285714285714,1.0
1949,0.39999999999999997,0.42105263157894735,0.0658454938412038,0.23227140450298667,0.3258320980999865,0.028169014084507043,0.5,0.14285714285714285,0.6666666666666666
3327,0.5285714285714286,0.5657894736842105,0.08616498834267572,0.25511819063664676,0.537932893141086,0.04225352112676056,0.5,0.2857142857142857,0.6666666666666666
1995,0.45714285714285713,0.5394736842105263,0.08211235826692943,0.09073255584972541,0.4477833176121816,0.028169014084507043,0.5,0.8571428571428571,1.0
2670,0.8428571428571429,0.24342105263157895,0.03989946591266101,0.16124215040588147,0.4535776849481202,0.028169014084507043,1.0,0.42857142857142855,0.6666666666666666
3493,0.41428571428571426,0.07894736842105263,0.016368206094879045,0.04450336958186552,0.12491577954453577,0.4225352112676056,0.0,0.42857142857142855,0.3333333333333333
3548,0.15714285714285714,0.06578947368421054,0.013744894753377316,0.015881069076428243,0.04433364775636706,0.16901408450704225,0.0,0.42857142857142855,0.6666666666666666
3682,0.8714285714285714,0.4736842105263158,0.07270985984007783,0.1540216178369035,0.7596011319229213,0.8732394366197184,0.0,0.8571428571428571,0.0
1951,0.19999999999999998,0.6381578947368421,0.09613572101790763,0.04705380390783975,0.23258320980999864,0.0,1.0,0.8571428571428571,0.3333333333333333
2522,0.21428571428571427,0.38815789473684215,0.060909519321394906,0.03387086186902392,0.16763239455598974,0.014084507042253521,0.5,0.8571428571428571,0.6666666666666666
2761,0.12857142857142856,0.4276315789473685,0.06701225259189443,0.03204931842548629,0.11278803395768763,0.0,0.5,0.5714285714285714,0.3333333333333333
672,0.2857142857142857,0.5789473684210527,0.08796732642161482,0.1073479859090213,0.30184611238377573,0.29577464788732394,0.0,0.42857142857142855,0.3333333333333333
2554,0.15714285714285714,0.06578947368421054,0.01398052152057807,0.032585388267728596,0.04473790594259534,0.16901408450704225,0.0,0.14285714285714285,1.0
91,0.04285714285714286,0.20394736842105263,0.03416588124410933,0.00908446929085618,0.025198760274895565,0.056338028169014086,0.0,0.42857142857142855,0.6666666666666666
1109,0.7142857142857143,0.1776315789473684,0.03064072000147844,0.15083984275284626,0.31774693437542106,0.7183098591549296,0.0,0.2857142857142857,1.0
2212,0.9285714285714286,0.5657894736842105,0.0862822380258761,0.22174146117322716,0.9368009702196469,0.9295774647887324,0.0,0.7142857142857142,0.6666666666666666
591,0.45714285714285713,0.1776315789473684,0.03050295604489761,0.09710522285189156,0.20428513677401966,0.014084507042253521,1.0,0.2857142857142857,0.0
2177,0.7714285714285715,0.506578947368421,0.07762830948504841,0.2024046561494869,0.7123029241342137,0.028169014084507043,1.0,0.5714285714285714,0.0
3479,0.42857142857142855,0.631578947368421,0.09528442431060168,0.22716597743401234,0.4789111979517585,0.014084507042253521,1.0,0.2857142857142857,0.6666666666666666
3330,0.12857142857142856,0.13157894736842105,0.022525918944392077,0.017604150712207077,0.04918474599110632,0.0,0.5,0.42857142857142855,1.0
888,0.6142857142857143,0.2302631578947368,0.03770028275212064,0.09044264052688007,0.3182859452903921,0.014084507042253521,1.0,0.5714285714285714,0.0
2375,0.7857142857142857,0.631578947368421,0.09521004443247609,0.24609434829223467,0.8660557876296995,0.7887323943661972,0.0,0.5714285714285714,0.6666666666666666
3193,0.4714285714285714,0.05263157894736842,0.013278261351666019,0.06040996579363864,0.12680231774693437,0.47887323943661975,0.0,0.2857142857142857,0.3333333333333333
1576,0.7714285714285715,0.24999999999999997,0.04092194327821095,0.15061648031857866,0.4236625791672281,0.7746478873239436,0.0,0.42857142857142855,0.0
3686,0.9142857142857143,0.42105263157894735,0.06587399405495542,0.5214619390412009,0.7329200916318555,0.028169014084507043,1.0,0.14285714285714285,1.0
1714,0.6142857142857143,0.11842105263157895,0.021784765658469714,0.07762482769183643,0.21816466783452365,0.619718309859155,0.0,0.42857142857142855,0.0
213,0.09999999999999999,0.5328947368421053,0.08164467483506126,0.03799395006892327,0.10658940843552081,0.11267605633802817,0.0,0.42857142857142855,0.0
778,0.6285714285714286,0.5592105263157895,0.08557964184731386,0.30042885587379387,0.6336073305484435,0.6338028169014085,0.0,0.2857142857142857,0.6666666666666666
2679,1.0,0.506578947368421,0.07744487661122247,0.2173380303262368,0.9182050936531464,0.07042253521126761,0.5,0.7142857142857142,0.3333333333333333
1448,0.05714285714285714,0.4078947368421053,0.06220546654099905,0.014780211364680655,0.05201455329470422,0.07042253521126761,0.0,0.5714285714285714,0.3333333333333333
2316,0.11428571428571427,0.2302631578947368,0.037909728767410195,0.018149793230203704,0.06387279342406682,0.0,0.5,0.5714285714285714,0.6666666666666666
800,0.1857142857142857,0.019736842105263164,0.008684529419684932,0.009834328891611782,0.041908098638997436,0.014084507042253521,0.5,0.7142857142857142,1.0
3084,0.7857142857142857,0.493421052631579,0.07612427628921502,0.2534748812988207,0.7132461932354129,0.7887323943661972,0.0,0.42857142857142855,0.3333333333333333
3593,0.028571428571428574,0.10526315789473684,0.023248507697141062,0.005016082095267269,0.013744778331761218,0.0,0.5,0.42857142857142855,0.6666666666666666
2218,0.3857142857142857,0.4013157894736842,0.06318163457654505,0.0615222195479509,0.30386740331491713,0.028169014084507043,0.5,0.8571428571428571,1.0
1567,0.19999999999999998,0.12499999999999997,0.023939679547596605,0.02775118701179354,0.0777523244845708,0.2112676056338028,0.0,0.42857142857142855,0.6666666666666666
2841,0.9857142857142858,0.09868421052631579,0.08691261613033525,0.2841553070914382,0.9999999999999999,0.9859154929577465,0.0,0.5714285714285714,0.3333333333333333
3321,0.9571428571428572,0.19736842105263155,0.03323723457337695,0.09108811237774325,0.44953510308583744,0.07042253521126761,0.5,0.8571428571428571,0.6666666666666666
1518,0.6714285714285715,0.6052631578947368,0.09163917687715992,0.25500650941951297,0.7175582805551812,0.676056338028169,0.0,0.42857142857142855,1.0
2210,0.15714285714285714,0.09210526315789472,0.01947847942192899,0.026012150916424157,0.054170596954588326,0.16901408450704225,0.0,0.2857142857142857,0.6666666666666666
3381,0.0,0.14473684210526314,0.030160226201696512,0.001665645581252872,0.004312087319768225,0.014084507042253521,0.0,0.42857142857142855,0.0
1343,0.7142857142857143,1.0,0.027905601448873614,0.08462245366824936,0.29780353052149305,0.7183098591549296,0.0,0.5714285714285714,0.6666666666666666
273,0.2571428571428571,0.5263157894736842,0.08100600228185921,0.09035648644509113,0.254008893680097,0.26760563380281693,0.0,0.42857142857142855,0.6666666666666666
1812,0.6142857142857143,0.4407894736842105,0.06839602433381886,0.09061973502833512,0.5113866055787629,0.619718309859155,0.0,1.0,0.3333333333333333
71,0.6285714285714286,0.04605263157894737,0.012273536495968164,0.11586766733037218,0.16197277994879394,0.6338028169014085,0.0,0.14285714285714285,1.0
720,0.9714285714285714,0.09210526315789472,0.01857695092133481,0.06308119817079842,0.31154830885325424,0.07042253521126761,0.5,0.8571428571428571,0.6666666666666666
1740,0.44285714285714284,0.06578947368421054,0.015139019792648443,0.04550850053606984,0.12774558684813367,0.4507042253521127,0.0,0.42857142857142855,0.6666666666666666
1087,0.9571428571428572,0.44736842105263164,0.06938515274158674,0.37969061111962016,0.8009702196469478,0.9577464788732395,0.0,0.2857142857142857,0.3333333333333333
394,0.04285714285714286,0.5526315789473684,0.08341187558906692,0.025629243886251082,0.053362080582131786,0.0,1.0,0.2857142857142857,0.6666666666666666
583,0.9142857142857143,0.11842105263157895,0.021967664757485676,0.07684305917189974,0.3248888289987872,0.9154929577464789,0.0,0.7142857142857142,0.6666666666666666
3625,0.21428571428571427,0.4342105263157895,0.06839066918001885,0.052496553836728445,0.1847459911063199,0.014084507042253521,0.5,0.5714285714285714,1.0
2510,0.8714285714285714,0.006578947368421045,0.005928673497309293,0.0476336345535304,0.16763239455598974,0.8732394366197184,0.0,0.5714285714285714,0.0
2517,0.9428571428571428,0.618421052631579,0.0913950511345253,0.2841553070914382,0.9999999999999999,0.028169014084507043,1.0,0.5714285714285714,0.6666666666666666
500,0.0857142857142857,0.5855263157894737,0.08819173286656792,0.028296829529790166,0.09958226654089744,0.09859154929577466,0.0,0.5714285714285714,0.0
2533,0.0,0.2828947368421052,0.03487276154571159,0.0014167560116403737,0.0049858509634820095,0.014084507042253521,0.0,0.5714285714285714,1.0
2769,0.44285714285714284,0.625,0.09469250706880301,0.23322867207841935,0.4917127071823204,0.014084507042253521,1.0,0.2857142857142857,0.6666666666666666
2525,0.6714285714285715,0.6381578947368421,0.09709786365064405,0.1786963291979374,0.7550195391456677,0.676056338028169,0.0,0.7142857142857142,0.6666666666666666
3721,0.6285714285714286,0.631578947368421,0.09609383181484972,0.2492150405881452,0.7012532003773075,0.6338028169014085,0.0,0.42857142857142855,1.0
3455,0.8,0.368421052631579,0.058055128395919114,0.16445856945933526,0.5787629699501414,0.028169014084507043,1.0,0.5714285714285714,0.6666666666666666
1967,0.34285714285714286,0.48684210526315785,0.07449575871819039,0.0885281053760147,0.31154830885325424,0.014084507042253521,1.0,0.5714285714285714,0.0
2458,0.42857142857142855,0.631578947368421,0.09634854519473411,0.11443176596722315,0.483627543457755,0.4366197183098592,0.0,0.7142857142857142,0.6666666666666666
2178,0.7000000000000001,0.08552631578947367,0.0176248821866164,0.05163501301883903,0.21843417329200915,0.7042253521126761,0.0,0.7142857142857142,0.6666666666666666
1763,0.8714285714285714,0.618421052631579,0.09376425161898391,0.26887731658753256,0.9462336612316399,0.8732394366197184,0.0,0.5714285714285714,0.6666666666666666
2830,0.7857142857142857,0.4078947368421053,0.06405681971186211,0.2923878082401593,0.6166284867268562,0.056338028169014086,0.5,0.2857142857142857,1.0
1259,0.2857142857142857,0.6381578947368421,0.09649477132983258,0.11644202787563179,0.32744913084489957,0.29577464788732394,0.0,0.42857142857142855,0.0
2659,0.5142857142857143,0.2763157894736842,0.0455205441067835,0.1465640475825803,0.30871850154965635,0.04225352112676056,0.5,0.2857142857142857,0.0
3562,0.6285714285714286,0.375,0.05872866268719237,0.1638267728595497,0.46085433230022904,0.6338028169014085,0.0,0.42857142857142855,1.0
2364,0.12857142857142856,0.11184210526315788,0.020546654099905748,0.009255409929326303,0.04635493868750842,0.14084507042253522,0.0,0.8571428571428571,1.0
205,0.9428571428571428,0.4736842105263158,0.07278405334308664,0.5845458722622148,0.8217221398733324,0.943661971830986,0.0,0.14285714285714285,0.6666666666666666
733,0.3142857142857143,1.0,0.043478260869565216,0.13185403584009803,0.18447648564883437,0.323943661971831,0.0,0.14285714285714285,0.0
1176,0.9571428571428572,0.3421052631578947,0.054374341631091644,0.31057589217338033,0.6550330144185419,0.07042253521126761,0.5,0.2857142857142857,0.6666666666666666
526,0.9857142857142858,0.5921052631578947,0.08691261613033525,0.4739495583805586,0.9999999999999999,0.028169014084507043,1.0,0.2857142857142857,0.6666666666666666
2934,0.2714285714285714,0.5328947368421053,0.0819038642789821,0.0638561290651963,0.27004446840048507,0.28169014084507044,0.0,0.7142857142857142,0.0
915,0.19999999999999998,0.5460526315789473,0.08237511781338361,0.047997396232194824,0.20307236221533484,0.0,1.0,0.7142857142857142,1.0
898,0.2571428571428571,0.19736842105263155,0.03318616994890619,0.035265737478940115,0.12410726317207922,0.26760563380281693,0.0,0.5714285714285714,0.6666666666666666
377,0.07142857142857142,0.17105263157894737,0.03204524033930255,0.010491652626742226,0.03692224767551543,0.0,1.0,0.5714285714285714,1.0
2620,0.5428571428571429,0.5460526315789473,0.08327895792551777,0.1905345382141216,0.5360463549386875,0.5492957746478874,0.0,0.42857142857142855,0.3333333333333333
1559,0.6857142857142857,0.29605263157894735,0.047202292792706144,0.19985194261499975,0.42123703004985846,0.028169014084507043,1.0,0.2857142857142857,1.0
2357,0.8,0.17105263157894737,0.029531888155827836,0.12314290090366059,0.3463145128688856,0.8028169014084507,0.0,0.42857142857142855,0.3333333333333333
1963,0.42857142857142855,0.42105263157894735,0.06582347754704934,0.16532649206106093,0.34833580380002693,0.028169014084507043,0.5,0.2857142857142857,0.3333333333333333
3344,0.3714285714285714,0.11184210526315788,0.02090969385974098,0.03687394700566703,0.12976687777927504,0.38028169014084506,0.0,0.5714285714285714,0.6666666666666666
348,0.6285714285714286,0.3421052631578947,0.0545816315844591,0.15434982386276613,0.43417329200916316,0.6338028169014085,0.0,0.42857142857142855,0.6666666666666666
386,0.8428571428571429,0.3223684210526315,0.050659754948162106,0.1291736866288865,0.5458833041369088,0.8450704225352113,0.0,0.7142857142857142,0.6666666666666666
198,0.12857142857142856,0.493421052631579,0.07615457115928369,0.02971358554143054,0.12585904864573508,0.0,0.5,0.7142857142857142,1.0
2584,0.9285714285714286,0.3092105263157895,0.049695827264159026,0.21025425026803493,0.5915644791807033,0.07042253521126761,0.5,0.42857142857142855,1.0
1709,0.5714285714285715,0.12499999999999997,0.02321785706075722,0.07527952213202635,0.21156178412612855,0.5774647887323944,0.0,0.42857142857142855,1.0
1050,0.028571428571428574,0.09868421052631579,0.02199183160540371,0.003752488895696125,0.01320576741679019,0.04225352112676056,0.0,0.5714285714285714,1.0
590,0.44285714285714284,1.0,0.0748114985862394,0.09480778067085312,0.4007546152809594,0.028169014084507043,0.5,0.7142857142857142,0.6666666666666666
519,0.8857142857142858,0.5197368421052632,0.07963436709902308,0.2964561954357482,0.8342541436464088,0.07042253521126761,0.5,0.42857142857142855,0.0
3024,0.7428571428571429,0.04605263157894737,0.012234808742197643,0.04509368458671568,0.19080986389974397,0.7464788732394366,0.0,0.7142857142857142,0.0
2542,1.0,0.4013157894736842,0.06272318169146832,0.5469252565477102,0.7687643174774289,0.028169014084507043,1.0,0.14285714285714285,0.6666666666666666
1083,0.5571428571428572,0.3157894736842105,0.050306314797360974,0.128455735947312,0.36127206575933163,0.04225352112676056,0.5,0.42857142857142855,0.6666666666666666
2213,0.014285714285714285,0.5197368421052632,0.08341187558906692,0.007313524276305713,0.025737771189866594,0.0,1.0,0.5714285714285714,0.6666666666666666
3745,0.7285714285714286,0.09868421052631579,0.019158268687015152,0.11337877163424721,0.2386470826034227,0.7323943661971831,0.0,0.2857142857142857,0.6666666666666666
1809,0.014285714285714285,0.5394736842105263,0.07728557964184732,0.011716955123296064,0.023985985716210752,0.0,1.0,0.2857142857142857,0.3333333333333333
3636,0.42857142857142855,0.5723684210526315,0.08701468486820103,0.10463572777862869,0.4422584557337286,0.4366197183098592,0.0,0.7142857142857142,0.0
792,0.7714285714285715,0.1776315789473684,0.03029731813897695,0.161433603920968,0.34011588734671877,0.7746478873239436,0.0,0.2857142857142857,0.6666666666666666
3550,0.7571428571428571,0.35526315789473684,0.05585227074388242,0.15094195129422577,0.5311952567039482,0.028169014084507043,1.0,0.5714285714285714,0.0
1980,0.6142857142857143,0.4736842105263158,0.0733441864450347,0.10995995886484475,0.5425144859183398,0.014084507042253521,1.0,0.8571428571428571,0.3333333333333333
2405,0.45714285714285713,0.493421052631579,0.07648587667437809,0.14975493950068924,0.42123703004985846,0.028169014084507043,0.5,0.42857142857142855,1.0
3355,0.24285714285714283,0.44736842105263164,0.07021677662582469,0.06046102006432839,0.21277455868481335,0.0,1.0,0.5714285714285714,0.0
1530,0.8142857142857143,0.48684210526315785,0.07525431440735805,0.20788022668096184,0.731572564344428,0.8169014084507042,0.0,0.5714285714285714,0.6666666666666666
1410,0.9571428571428572,0.05921052631578946,0.013638631701502466,0.07359473119926482,0.258994744643579,0.9577464788732395,0.0,0.5714285714285714,0.6666666666666666
3187,0.6571428571428571,0.5526315789473684,0.08406360920047326,0.2316013172001838,0.651664196199973,0.04225352112676056,0.5,0.42857142857142855,0.6666666666666666
2971,0.4857142857142857,0.30263157894736836,0.048525649656658135,0.08722622147342625,0.3069667160760005,0.49295774647887325,0.0,0.5714285714285714,1.0
83,0.0857142857142857,0.26315789473684215,0.04254746196310758,0.019279368969214276,0.053901091497102815,0.0,1.0,0.42857142857142855,1.0
2946,0.9857142857142858,0.3223684210526315,0.05090884610206005,0.22734147648950837,0.6396712033418677,0.9859154929577465,0.0,0.42857142857142855,0.3333333333333333
20,0.35714285714285715,0.19078947368421054,0.0321902414268107,0.04740389033542656,0.1668238781835332,0.028169014084507043,0.5,0.5714285714285714,0.0
2107,0.22857142857142856,0.4407894736842105,0.06769418417696957,0.09257415632817685,0.19471769303328393,0.23943661971830987,0.0,0.2857142857142857,0.0
1562,0.028571428571428574,0.6118421052631579,0.0942507068803016,0.021289630877622912,0.04419889502762431,0.04225352112676056,0.0,0.2857142857142857,1.0
973,0.8571428571428572,0.4078947368421053,0.06339518857866844,0.31580895491907895,0.666082738175448,0.8591549295774648,0.0,0.2857142857142857,0.6666666666666666
1710,0.24285714285714283,0.5394736842105263,0.0814221384438161,0.06865523051003217,0.24161164263576337,0.014084507042253521,0.5,0.5714285714285714,0.6666666666666666
2446,0.5857142857142857,0.1776315789473684,0.030160226201696512,0.07344156838719558,0.258455733728608,0.5915492957746479,0.0,0.5714285714285714,0.6666666666666666
1098,0.3857142857142857,0.39473684210526316,0.06096001077150935,0.06975927911369786,0.29497372321789517,0.3943661971830986,0.0,0.7142857142857142,0.6666666666666666
886,0.21428571428571427,0.21052631578947364,0.034754948162111214,0.03842472047786798,0.10780218299420562,0.22535211267605634,0.0,0.42857142857142855,0.6666666666666666
2270,0.3142857142857143,0.11842105263157895,0.0212678769003811,0.0397170317047021,0.11144050667026005,0.014084507042253521,0.5,0.42857142857142855,0.6666666666666666
2897,0.7000000000000001,0.44736842105263164,0.06953817153628652,0.1395121764435595,0.589543188249562,0.056338028169014086,0.5,0.7142857142857142,0.3333333333333333
3155,0.12857142857142856,0.3355263157894737,0.052591894439208295,0.0328725685403584,0.0921708664600458,0.14084507042253522,0.0,0.42857142857142855,1.0
737,0.44285714285714284,0.631578947368421,0.09545829406220546,0.1407183335886047,0.4952162781296321,0.4507042253521127,0.0,0.5714285714285714,0.3333333333333333
1453,0.4714285714285714,0.2236842105263158,0.037783445140544436,0.05814443253178128,0.24592372995553158,0.028169014084507043,0.5,0.7142857142857142,0.6666666666666666
2440,0.7428571428571429,0.44736842105263164,0.06924759482865933,0.17697962934599482,0.622827112249023,0.7464788732394366,0.0,0.5714285714285714,0.3333333333333333
3305,0.9571428571428572,0.2236842105263158,0.03688251926595332,0.13780824015928933,0.48497507074518253,0.9577464788732395,0.0,0.5714285714285714,0.6666666666666666
906,0.14285714285714285,0.24342105263157895,0.040870533801730786,0.023625363761678665,0.08314243363428109,0.15492957746478875,0.0,0.5714285714285714,0.6666666666666666
3667,0.9714285714285714,0.2828947368421052,0.04526765834801732,0.20431919130035228,0.5748551408166015,0.028169014084507043,1.0,0.42857142857142855,1.0
2758,0.39999999999999997,0.29605263157894735,0.0479378595339465,0.08949494562720171,0.2515833445627274,0.028169014084507043,0.5,0.42857142857142855,0.0
947,0.07142857142857142,0.5789473684210527,0.09142318567389256,0.031340940419666105,0.08785877914027758,0.08450704225352113,0.0,0.42857142857142855,1.0
2348,0.8428571428571429,0.07236842105263158,0.014985862393967951,0.17119773319038137,0.23985985716210753,0.07042253521126761,0.5,0.14285714285714285,0.6666666666666666
2503,0.8285714285714286,0.04605263157894737,0.011741401619834183,0.09908357584111911,0.20846247136504514,0.8309859154929577,0.0,0.2857142857142857,0.3333333333333333
715,0.35714285714285715,0.21710526315789472,0.03559776698325237,0.0638880379843774,0.17949063468535237,0.014084507042253521,1.0,0.42857142857142855,0.3333333333333333
3121,0.19999999999999998,0.24999999999999997,0.04059063776311656,0.026777964976770305,0.11346179760140142,0.2112676056338028,0.0,0.7142857142857142,0.0
686,0.6142857142857143,0.2236842105263158,0.037250449832919204,0.14975493950068924,0.3154561379867942,0.04225352112676056,0.5,0.2857142857142857,0.0
3198,0.1857142857142857,0.4013157894736842,0.06146492527265382,0.041928319803951605,0.14755423797331896,0.1971830985915493,0.0,0.5714285714285714,0.3333333333333333
3640,0.5714285714285715,0.11842105263157895,0.022551205719408753,0.07389148414764896,0.2076539549925886,0.04225352112676056,0.5,0.42857142857142855,1.0
3716,0.7857142857142857,0.381578947368421,0.05952941968493336,0.13734236993924542,0.5803800026950545,0.028169014084507043,1.0,0.7142857142857142,1.0
885,0.9285714285714286,0.45394736842105265,0.07030245908662497,0.22334967069995407,0.7860126667565017,0.9295774647887324,0.0,0.5714285714285714,0.6666666666666666
917,0.9857142857142858,0.24999999999999997,0.04082402046586778,0.12748251391228876,0.5387414095135427,0.028169014084507043,1.0,0.7142857142857142,0.6666666666666666
2314,0.8,0.35526315789473684,0.05560791705937794,0.1322369428702711,0.5588195660962134,0.8028169014084507,0.0,0.7142857142857142,0.6666666666666666
2370,0.49999999999999994,0.19078947368421054,0.03283066289663839,0.0667789860621841,0.23500875892736828,0.5070422535211268,0.0,0.5714285714285714,0.6666666666666666
1265,0.6142857142857143,0.375,0.05903521549138892,0.10706080563639149,0.45249966311817813,0.04225352112676056,0.5,0.7142857142857142,0.3333333333333333
483,0.6714285714285715,0.5855263157894737,0.08916509582155199,0.16580512584877727,0.7005794367335938,0.676056338028169,0.0,0.7142857142857142,1.0
2812,0.9285714285714286,0.4276315789473685,0.0661325793276783,0.5312260683106141,0.7466648699636167,0.9295774647887324,0.0,0.14285714285714285,0.6666666666666666
3239,0.9428571428571428,0.4276315789473685,0.06649598379450532,0.1802279573186297,0.76148767012532,0.028169014084507043,1.0,0.7142857142857142,0.6666666666666666
277,0.1857142857142857,0.5986842105263158,0.09142318567389256,0.09863685097258386,0.20751920226384582,0.1971830985915493,0.0,0.2857142857142857,0.0
988,0.45714285714285713,0.07236842105263158,0.015594207865649901,0.04771021595956502,0.1339442123703005,0.014084507042253521,1.0,0.42857142857142855,0.3333333333333333
2084,0.24285714285714283,0.48684210526315785,0.07513875798512934,0.08020945014550468,0.22544131518663252,0.2535211267605634,0.0,0.42857142857142855,1.0
1245,0.2714285714285714,0.21052631578947364,0.0349670122525919,0.032074845560831164,0.13583075057269908,0.014084507042253521,0.5,0.7142857142857142,0.0
571,0.5857142857142857,0.5789473684210527,0.0886181051119788,0.14423469648236076,0.6094865921034901,0.04225352112676056,0.5,0.7142857142857142,0.0
1435,0.9714285714285714,0.1644736842105263,0.02856206204155226,0.11651860928166641,0.41005255356420967,0.971830985915493,0.0,0.5714285714285714,1.0
993,0.6714285714285715,0.11842105263157895,0.02185438265786993,0.08490006126512482,0.2386470826034227,0.028169014084507043,1.0,0.42857142857142855,1.0
2127,0.1857142857142857,0.2763157894736842,0.044701763834657335,0.026905600653494666,0.11400080851637244,0.014084507042253521,0.5,0.7142857142857142,1.0
2123,0.9857142857142858,0.0394736842105263,0.010906153224720615,0.056580895491907895,0.23932084624713648,0.07042253521126761,0.5,0.7142857142857142,0.3333333333333333
585,0.04285714285714286,0.2828947368421052,0.04995287464655984,0.016567110838821668,0.03422719310066029,0.056338028169014086,0.0,0.2857142857142857,0.0
1349,0.5428571428571429,0.17105263157894737,0.029411053916237703,0.06697043957727064,0.23568252257108205,0.5492957746478874,0.0,0.5714285714285714,0.6666666666666666
1007,0.45714285714285713,0.48026315789473684,0.07365835546796905,0.19353397661714403,0.4078965099043255,0.4647887323943662,0.0,0.2857142857142857,0.3333333333333333
674,0.21428571428571427,0.3421052631578947,0.05501885014137606,0.05488972277531016,0.15415712168171405,0.22535211267605634,0.0,0.42857142857142855,0.3333333333333333
447,0.19999999999999998,0.4407894736842105,0.06880301602262016,0.08274620922040128,0.17396577280689934,0.0,1.0,0.2857142857142857,0.0
2140,0.34285714285714286,0.3223684210526315,0.0509707822808671,0.053772910603972025,0.22746260611777389,0.35211267605633806,0.0,0.7142857142857142,1.0
2815,0.8142857142857143,0.5921052631578947,0.09048067860508953,0.2437586154081789,0.8578358711763913,0.8169014084507042,0.0,0.5714285714285714,0.3333333333333333
2064,0.39999999999999997,0.24342105263157895,0.040137801033507746,0.062298973809159136,0.2192426896644657,0.014084507042253521,1.0,0.5714285714285714,0.6666666666666666
2968,0.9285714285714286,0.36184210526315785,0.05716448176391627,0.18812222392403125,0.6620401563131653,0.028169014084507043,1.0,0.5714285714285714,0.6666666666666666
2350,0.8142857142857143,0.5394736842105263,0.08245311839838798,0.37509572675754327,0.7912680231774692,0.8169014084507042,0.0,0.2857142857142857,1.0
1690,0.8428571428571429,0.506578947368421,0.07788250078542257,0.5544876703936285,0.7794097830481067,0.8450704225352113,0.0,0.14285714285714285,0.6666666666666666
3094,0.45714285714285713,0.4013157894736842,0.0623197098220661,0.2525654771021596,0.354399676593451,0.4647887323943662,0.0,0.14285714285714285,0.0
1247,0.34285714285714286,0.4078947368421053,0.06352497643732329,0.07738551079797826,0.27233526478911196,0.35211267605633806,0.0,0.5714285714285714,0.3333333333333333
1985,0.028571428571428574,0.35526315789473684,0.054665409990574926,0.006356256700873028,0.02722005120603692,0.04225352112676056,0.0,0.7142857142857142,0.0
294,0.5142857142857143,0.5789473684210527,0.08800978169498433,0.15159289324552,0.5334860530925751,0.014084507042253521,1.0,0.5714285714285714,0.0
1547,0.7142857142857143,0.4736842105263158,0.07362643455120031,0.2243260836268954,0.631181781431074,0.7183098591549296,0.0,0.42857142857142855,1.0
2012,0.5285714285714286,0.375,0.058658663624187715,0.13812413845918212,0.3884921169653685,0.014084507042253521,1.0,0.42857142857142855,1.0
588,0.6,0.006578947368421045,0.00618109286982443,0.08408638382600704,0.11723487400619861,0.014084507042253521,1.0,0.14285714285714285,0.0
2129,1.0,0.14473684210526314,0.026058329240286206,0.14099594118548017,0.3965772806899339,1.0,0.0,0.42857142857142855,0.0
2909,0.34285714285714286,0.5328947368421053,0.08086710650329877,0.23830219022821258,0.3343215200107802,0.35211267605633806,0.0,0.14285714285714285,1.0
425,0.9,0.006578947368421045,0.006582822808671063,0.12802496553836729,0.1790863764991241,0.9014084507042254,0.0,0.14285714285714285,1.0
1054,0.014285714285714285,0.11184210526315788,0.39161168708765315,0.03235564404962475,0.11386605578762968,0.028169014084507043,0.0,0.5714285714285714,1.0
3115,0.9142857142857143,0.13815789473684212,0.02521568911766838,0.10089600245060498,0.3550734402371648,0.07042253521126761,0.5,0.5714285714285714,1.0
556,0.6,0.375,0.059027245029919115,0.08958383475920619,0.4421237030049858,0.014084507042253521,1.0,0.8571428571428571,0.3333333333333333
2425,0.09999999999999999,0.618421052631579,0.09519321394910461,0.0434982386276612,0.12208597224093787,0.11267605633802817,0.0,0.42857142857142855,0.3333333333333333
3319,0.8571428571428572,0.3421052631578947,0.05431003847282953,0.13887399805993772,0.5868481336747069,0.07042253521126761,0.5,0.7142857142857142,0.3333333333333333
3316,0.24285714285714283,0.6381578947368421,0.09697350507906587,0.10016847909327616,0.2816332030723622,0.2535211267605634,0.0,0.42857142857142855,0.6666666666666666
3045,0.3857142857142857,0.506578947368421,0.07738656254207621,0.12826428243222546,0.3607330548443606,0.3943661971830986,0.0,0.42857142857142855,0.6666666666666666
1193,0.49999999999999994,0.6513157894736842,0.0983087234265368,0.20331406034614796,0.5720253335130036,0.5070422535211268,0.0,0.42857142857142855,0.6666666666666666
1716,0.5428571428571429,0.4013157894736842,0.06285797143478576,0.11996477255322407,0.42218029915105776,0.04225352112676056,0.5,0.5714285714285714,0.6666666666666666
3129,0.014285714285714285,0.35526315789473684,0.05136663524976437,0.006021213049471588,0.016574585635359115,0.0,0.5,0.42857142857142855,0.6666666666666666
3377,0.35714285714285715,0.4605263157894737,0.0715217864133981,0.11132064634706694,0.3130305888694246,0.36619718309859156,0.0,0.42857142857142855,0.6666666666666666
3675,0.7571428571428571,0.19078947368421054,0.032778301392816,0.10032164190534537,0.3530521493060234,0.7605633802816901,0.0,0.5714285714285714,0.0
2309,0.5571428571428572,0.06578947368421054,0.014043355325164937,0.03635064073109715,0.15388761622422853,0.5633802816901409,0.0,0.7142857142857142,0.6666666666666666
1285,0.9714285714285714,0.3421052631578947,0.054255624308486655,0.13452070980023192,0.6635224363293356,0.971830985915493,0.0,0.8571428571428571,0.6666666666666666
2341,0.4714285714285714,0.381578947368421,0.05954427011143759,0.08319293408893653,0.35170462201859587,0.014084507042253521,1.0,0.7142857142857142,1.0
2366,0.6857142857142857,0.32894736842105265,0.052030237165554244,0.10766707510083218,0.4550599649642905,0.6901408450704225,0.0,0.7142857142857142,0.6666666666666666
2996,0.9428571428571428,0.625,0.0913950511345253,0.2841553070914382,0.9999999999999999,0.943661971830986,0.0,0.5714285714285714,0.6666666666666666
2087,0.8571428571428572,0.0394736842105263,0.011031967985661532,0.0745137080716802,0.20940574046624444,0.07042253521126761,0.5,0.42857142857142855,1.0
1889,0.7000000000000001,0.05263157894736842,0.01236569274269557,0.036551211080235436,0.18083816197277994,0.028169014084507043,1.0,0.8571428571428571,0.6666666666666666
1591,0.9,0.10526315789473684,0.020587888784165884,0.10926252105988667,0.307236221533486,0.9014084507042254,0.0,0.42857142857142855,0.0
3409,0.2857142857142857,0.12499999999999997,0.022799694807234865,0.02505488334099147,0.10618515024929254,0.014084507042253521,0.5,0.7142857142857142,0.6666666666666666
2249,0.41428571428571426,0.1513157894736842,0.026170279610430412,0.047442181038443866,0.16695863091227597,0.4225352112676056,0.0,0.5714285714285714,0.6666666666666666
3021,0.14285714285714285,0.10526315789473684,0.021591980121669088,0.012418951345280033,0.05282306966716076,0.15492957746478875,0.0,0.7142857142857142,0.6666666666666666
1137,0.5857142857142857,0.381578947368421,0.059714555002019665,0.12387042426098943,0.435925077482819,0.04225352112676056,0.5,0.5714285714285714,0.3333333333333333
2396,0.6142857142857143,0.06578947368421054,0.01473738325764716,0.08268239138203912,0.17383102007815657,0.014084507042253521,1.0,0.2857142857142857,0.3333333333333333
3525,0.9428571428571428,0.5723684210526315,0.08758282105026234,0.2737785265737479,0.9634820105107128,0.07042253521126761,0.5,0.5714285714285714,0.6666666666666666
3544,0.2571428571428571,0.26315789473684215,0.04266084627213652,0.05335809465461786,0.14984503436194582,0.0,1.0,0.42857142857142855,1.0
1711,0.3,0.36184210526315785,0.057150201353782876,0.051858375453106655,0.21937744239320844,0.014084507042253521,0.5,0.7142857142857142,1.0
3095,0.34285714285714286,0.48684210526315785,0.07491046182846371,0.14860621841017002,0.3130305888694246,0.028169014084507043,0.5,0.2857142857142857,1.0
453,0.0857142857142857,0.618421052631579,0.09088461020600512,0.029062643590136314,0.10227732111575258,0.09859154929577466,0.0,0.5714285714285714,0.6666666666666666
913,0.5142857142857143,0.6052631578947368,0.09193264895432662,0.1574896615101853,0.5542379733189596,0.5211267605633803,0.0,0.5714285714285714,0.3333333333333333
2512,0.4714285714285714,0.3092105263157895,0.04925985474302822,0.061084611513467384,0.301711359655033,0.028169014084507043,0.5,0.8571428571428571,1.0
1199,0.9571428571428572,0.2828947368421052,0.045600709652381215,0.20250038290703018,0.5697345371243767,0.9577464788732395,0.0,0.42857142857142855,0.6666666666666666
1274,0.5857142857142857,0.26315789473684215,0.04331044387594811,0.09587992035533772,0.33742083277186363,0.5915492957746479,0.0,0.5714285714285714,1.0
37,0.8571428571428572,0.07236842105263158,0.01623893326740934,0.06025042119773319,0.25481741005255354,0.8591549295774648,0.0,0.7142857142857142,0.6666666666666666
974,0.6142857142857143,0.07236842105263158,0.015487104789649559,0.06355299433297595,0.17854736558415307,0.619718309859155,0.0,0.42857142857142855,0.6666666666666666
983,0.12857142857142856,0.506578947368421,0.07822808671065033,0.036605912084545875,0.12882360867807574,0.0,1.0,0.5714285714285714,0.3333333333333333
2505,0.8857142857142858,0.1644736842105263,0.0980356955851772,0.2841553070914382,0.9999999999999999,0.8873239436619719,0.0,0.5714285714285714,0.0
1418,0.6428571428571429,0.20394736842105263,0.03407367946563947,0.07307780670853117,0.30898800700714185,0.647887323943662,0.0,0.7142857142857142,1.0
1560,0.9857142857142858,0.2236842105263158,0.03679816884340918,0.14163731046102007,0.4984503436194583,0.9859154929577465,0.0,0.5714285714285714,0.0
39,0.34285714285714286,0.19736842105263155,0.034081055607917056,0.03947771481084393,0.16709338364101872,0.35211267605633806,0.0,0.7142857142857142,0.6666666666666666
1486,0.9,0.24342105263157895,0.040130183788878414,0.1381145657834278,0.48605309257512463,0.9014084507042254,0.0,0.5714285714285714,0.6666666666666666
2392,0.8714285714285714,0.32894736842105265,0.052734790672220366,0.11808305800494497,0.5825360463549386,0.07042253521126761,0.5,0.8571428571428571,0.6666666666666666
169,0.3,0.368421052631579,0.05800702596178563,0.06310307857252259,0.22207249696806358,0.3098591549295775,0.0,0.5714285714285714,0.6666666666666666
1355,0.42857142857142855,0.3421052631578947,0.05433097199841902,0.08450758155919742,0.29739927233526475,0.4366197183098592,0.0,0.5714285714285714,0.0
2241,0.5857142857142857,0.11184210526315788,0.02066783358018042,0.07168976872415378,0.20145532947042177,0.5915492957746479,0.0,0.42857142857142855,1.0
3366,0.8142857142857143,0.24342105263157895,0.040381552861646464,0.10466763669780978,0.4423932084624713,0.056338028169014086,0.5,0.7142857142857142,0.0
2461,0.9857142857142858,0.493421052631579,0.07620842870607245,0.3172767652014091,0.8928715806495081,0.028169014084507043,1.0,0.42857142857142855,0.3333333333333333
2891,0.9,0.2763157894736842,0.04519615928369462,0.2525016592637974,0.532408031262633,0.9014084507042254,0.0,0.2857142857142857,0.0
1640,0.3,0.05921052631578946,0.013494987576043182,0.019343186807576452,0.08206441180433903,0.3098591549295775,0.0,0.7142857142857142,0.3333333333333333
1290,0.5571428571428572,0.48026315789473684,0.07408105560791706,0.1412926941338643,0.49723756906077343,0.5633802816901409,0.0,0.5714285714285714,0.6666666666666666
1380,0.8142857142857143,0.36184210526315785,0.05685917644382334,0.13702328074743453,0.5790324754076269,0.8169014084507042,0.0,0.7142857142857142,0.0
1933,0.9571428571428572,0.14473684210526314,0.025724898819094087,0.13386429774850667,0.37649912410726316,0.9577464788732395,0.0,0.42857142857142855,0.0
579,0.39999999999999997,0.3223684210526315,0.05109038317787383,0.07520294072599173,0.2646543592507748,0.4084507042253521,0.0,0.5714285714285714,1.0
2030,0.4857142857142857,0.5921052631578947,0.08980745927023025,0.12151554602542503,0.513542649238647,0.028169014084507043,0.5,0.7142857142857142,1.0
892,0.24285714285714283,0.0394736842105263,0.2233741753063148,0.2877929238780824,0.6069262902573777,0.2535211267605634,0.0,0.2857142857142857,1.0
780,0.22857142857142856,0.36184210526315785,0.05666130731274603,0.07987440649410324,0.16790190001347527,0.23943661971830987,0.0,0.2857142857142857,0.3333333333333333
159,0.0857142857142857,0.013157894736842118,0.19025178403123738,0.09589268392301016,0.20172483492790727,0.09859154929577466,0.0,0.2857142857142857,0.6666666666666666
2,0.8428571428571429,0.6381578947368421,0.09673264216148288,0.2674222698728749,0.9411130575394151,0.8450704225352113,0.0,0.5714285714285714,1.0
3154,0.49999999999999994,0.2236842105263158,0.03762174049638705,0.06139914228825241,0.2596685082872928,0.04225352112676056,0.5,0.7142857142857142,0.6666666666666666
849,1.0,0.1644736842105263,0.02850088277070529,0.11973502833512024,0.42137178277860127,1.0,0.0,0.5714285714285714,1.0
3405,1.0,0.4013157894736842,0.06219219179355112,0.2169168325930464,0.7633742083277186,1.0,0.0,0.5714285714285714,0.3333333333333333
1596,0.42857142857142855,0.006578947368421045,0.006597549481621112,0.02439117782202481,0.08583748820913623,0.4366197183098592,0.0,0.5714285714285714,0.0
1776,0.9714285714285714,0.6052631578947368,0.08836345258096681,0.4739495583805586,0.9999999999999999,0.07042253521126761,0.5,0.2857142857142857,0.6666666666666666
1913,0.7714285714285715,0.5855263157894737,0.08864707394396366,0.22702557818961555,0.7989489287158065,0.056338028169014086,0.5,0.5714285714285714,0.6666666666666666
1043,0.8,1.0,0.0691171850455545,0.13561472988644072,0.6689125454790459,0.8028169014084507,0.0,0.8571428571428571,0.0
1544,0.6,0.13815789473684212,0.02485588409354931,0.08255475570531474,0.23204419889502761,0.6056338028169014,0.0,0.42857142857142855,0.0
2285,0.3714285714285714,0.368421052631579,0.057807100219918306,0.09681804257926176,0.2722005120603692,0.38028169014084506,0.0,0.42857142857142855,0.0
53,0.0857142857142857,0.20394736842105263,0.035680624747542744,0.011046867820493184,0.0470287023312222,0.0,0.5,0.7142857142857142,0.3333333333333333
3611,0.5285714285714286,0.10526315789473684,0.019718239992063097,0.05027569306172461,0.17693033283923998,0.04225352112676056,0.5,0.5714285714285714,1.0
1911,0.17142857142857143,0.3223684210526315,0.051185383890379174,0.05613417062337265,0.11777388492116964,0.0,1.0,0.2857142857142857,0.3333333333333333
2516,0.2571428571428571,0.23684210526315788,0.03894042363212461,0.04976834124674529,0.13973857970623904,0.014084507042253521,0.5,0.42857142857142855,1.0
824,0.7857142857142857,0.631578947368421,0.0956812979668776,0.24716648797671925,0.8698288640344967,0.7887323943661972,0.0,0.5714285714285714,1.0
3349,0.6571428571428571,0.18421052631578946,0.03200513365552369,0.07138663399193343,0.30184611238377573,0.014084507042253521,1.0,0.7142857142857142,1.0
1389,0.028571428571428574,0.5328947368421053,0.08325479107759974,0.009259968346352171,0.03948254952162781,0.0,0.5,0.7142857142857142,0.6666666666666666
3341,0.07142857142857142,0.5986842105263158,0.09126610116242538,0.04190279266860673,0.08772402641153482,0.08450704225352113,0.0,0.2857142857142857,1.0
2347,0.45714285714285713,0.3157894736842105,0.050666895153228794,0.10648644509113188,0.29942056326640615,0.4647887323943662,0.0,0.42857142857142855,1.0
1607,0.3857142857142857,0.5,0.07587181903864279,0.0838949303109205,0.3546691820509365,0.3943661971830986,0.0,0.7142857142857142,0.3333333333333333
1594,0.8142857142857143,0.05921052631578946,0.013601352010140073,0.07839064175218258,0.22032071149440774,0.8169014084507042,0.0,0.42857142857142855,0.6666666666666666
771,0.3,0.625,0.09523605517950476,0.16098687905243272,0.3391726182455195,0.3098591549295775,0.0,0.2857142857142857,1.0
1868,0.6857142857142857,0.13157894736842105,0.024062782511685164,0.061271506611528054,0.25912949737232177,0.056338028169014086,0.5,0.7142857142857142,1.0
1085,0.21428571428571427,0.19078947368421054,0.03298774740810556,0.049497115433706024,0.10375960113192291,0.22535211267605634,0.0,0.2857142857142857,0.3333333333333333
2553,0.5428571428571429,0.032894736842105254,0.009304236448440029,0.035112574666870885,0.1235682522571082,0.5492957746478874,0.0,0.5714285714285714,0.3333333333333333
1325,0.8285714285714286,0.4013157894736842,0.06247703637438297,0.22619275539898914,0.6364371378520415,0.8309859154929577,0.0,0.42857142857142855,0.6666666666666666
1463,0.8,0.4342105263157895,0.06736445260181556,0.18601623525807934,0.6546287562323136,0.8028169014084507,0.0,0.5714285714285714,0.6666666666666666
806,0.11428571428571427,0.1776315789473684,0.030683841239920413,0.019518685863072448,0.0545748551408166,0.1267605633802817,0.0,0.42857142857142855,0.3333333333333333
2304,0.07142857142857142,0.36184210526315785,0.058435438265786996,0.021289630877622912,0.05956070610429861,0.0,0.5,0.42857142857142855,0.6666666666666666
3093,0.2714285714285714,0.5328947368421053,0.0814326107445806,0.06353703987338541,0.26869694111305753,0.28169014084507044,0.0,0.7142857142857142,0.6666666666666666
2108,0.44285714285714284,0.5723684210526315,0.08659283694627709,0.16162505743605454,0.4546557067780622,0.4507042253521127,0.0,0.42857142857142855,1.0
2951,0.9857142857142858,0.12499999999999997,0.022916386158610476,0.17062337264512176,0.3595202802856758,0.9859154929577465,0.0,0.2857142857142857,0.0
3681,0.6285714285714286,0.2302631578947368,0.03855901141480783,0.11773433910246592,0.331087454520954,0.6338028169014085,0.0,0.42857142857142855,1.0
963,0.2857142857142857,0.368421052631579,0.05812126924285266,0.10087047531526011,0.21223554776984233,0.29577464788732394,0.0,0.2857142857142857,0.0
398,0.9714285714285714,0.5723684210526315,0.08721605267111966,0.35130762750804106,0.9886807707856083,0.971830985915493,0.0,0.42857142857142855,0.3333333333333333
3512,0.5142857142857143,0.04605263157894737,0.011310084825636193,0.036299586460407415,0.12774558684813367,0.5211267605633803,0.0,0.5714285714285714,0.6666666666666666
704,0.8142857142857143,0.08552631578947367,0.017745133088498167,0.0602185122785521,0.2546826573238108,0.028169014084507043,1.0,0.7142857142857142,0.3333333333333333
431,0.7000000000000001,0.02631578947368421,0.009048067860508956,0.05594271710828611,0.15712168171405472,0.7042253521126761,0.0,0.42857142857142855,0.3333333333333333
292,0.7285714285714286,0.12499999999999997,0.023508301312259845,0.09638727217031705,0.27098773750168437,0.7323943661971831,0.0,0.42857142857142855,1.0
3540,0.42857142857142855,0.26973684210526316,0.04405460460308291,0.07156532393934753,0.2518528500202129,0.4366197183098592,0.0,0.5714285714285714,0.6666666666666666
145,0.3714285714285714,0.3092105263157895,0.0492198135930464,0.06792770715270333,0.23905134078965098,0.38028169014084506,0.0,0.5714285714285714,0.6666666666666666
2033,0.8,0.11184210526315788,0.020817831572333287,0.09791890029100934,0.2752998248214526,0.8028169014084507,0.0,0.42857142857142855,0.6666666666666666
2630,0.028571428571428574,0.35526315789473684,0.05812126924285266,0.01032891713891867,0.028702331222207247,0.0,0.5,0.42857142857142855,0.0
1165,0.8,0.5789473684210527,0.08852952362054996,0.23502833512023283,0.8271122490230427,0.028169014084507043,1.0,0.5714285714285714,0.6666666666666666
2050,0.19999999999999998,0.3486842105263158,0.05397423814011938,0.06768519936692705,0.14216412882360868,0.2112676056338028,0.0,0.2857142857142857,0.3333333333333333
3406,0.5857142857142857,0.2828947368421052,0.04586867734841344,0.08344820544238526,0.3527826438485379,0.04225352112676056,0.5,0.7142857142857142,0.3333333333333333
339,0.3857142857142857,0.4276315789473685,0.06600915578295409,0.07454561699086129,0.3151866325293087,0.3943661971830986,0.0,0.7142857142857142,0.3333333333333333
2268,0.9428571428571428,0.5657894736842105,0.08668251579051023,0.33929391943636084,0.9548578358711763,0.943661971830986,0.0,0.42857142857142855,0.3333333333333333
265,0.9714285714285714,0.3223684210526315,0.050881722192626586,0.22399103997549397,0.6302385123298746,0.971830985915493,0.0,0.42857142857142855,0.3333333333333333
2915,0.9857142857142858,0.4078947368421053,0.06376733539787263,0.2183335886046868,0.7683600592912005,0.9859154929577465,0.0,0.5714285714285714,1.0
1771,0.7285714285714286,0.618421052631579,0.09401508011310085,0.28257581559197426,0.7951758523110093,0.028169014084507043,1.0,0.42857142857142855,1.0
271,0.8857142857142858,0.5657894736842105,0.08573822240174737,0.4214912952468474,0.8892332569734537,0.028169014084507043,1.0,0.2857142857142857,1.0
696,0.12857142857142856,0.05921052631578946,0.01357210179076343,0.010338489814672997,0.0363832367605444,0.0,0.5,0.5714285714285714,0.6666666666666666
3714,0.7142857142857143,0.5131578947368421,0.07837593095673707,0.15757262470005617,0.6658132327179624,0.028169014084507043,1.0,0.7142857142857142,0.0
244,0.3857142857142857,0.4671052631578947,0.07146223239531439,0.11984032776841783,0.33701657458563533,0.3943661971830986,0.0,0.42857142857142855,1.0
3517,0.8571428571428572,0.4407894736842105,0.06878756508706602,0.14458569459335274,0.7131114405066702,0.8591549295774648,0.0,0.8571428571428571,0.0
476,0.32857142857142857,0.07894736842105263,0.016415331448319196,0.028335120232807477,0.09971701926964019,0.3380281690140845,0.0,0.5714285714285714,0.6666666666666666
2032,0.3,0.5197368421052632,0.07955616485305457,0.06854674018481646,0.2898531195256704,0.3098591549295775,0.0,0.7142857142857142,0.0
3180,0.21428571428571427,0.625,0.09489868049010368,0.08729323020370654,0.24538471904056056,0.014084507042253521,0.5,0.42857142857142855,0.6666666666666666
2354,0.17142857142857143,0.5328947368421053,0.07960559704197782,0.048476030019911166,0.1705969545883304,0.18309859154929578,0.0,0.5714285714285714,0.6666666666666666
813,0.35714285714285715,0.3157894736842105,0.05031537736533025,0.0553683565630265,0.23420024255491173,0.36619718309859156,0.0,0.7142857142857142,0.6666666666666666
1914,0.11428571428571427,0.5855263157894737,0.0891192795057074,0.03687394700566703,0.12976687777927504,0.0,1.0,0.5714285714285714,0.6666666666666666
3159,0.24285714285714283,0.032894736842105254,0.00952979369567494,0.016082095267269107,0.05659614607195795,0.2535211267605634,0.0,0.5714285714285714,0.6666666666666666
3687,0.028571428571428574,0.5131578947368421,0.08136977693999371,0.013870807168019604,0.03867403314917127,0.04225352112676056,0.0,0.42857142857142855,0.6666666666666666
1804,0.5714285714285715,0.0394736842105263,0.010965265166318013,0.03970745902894777,0.13973857970623904,0.04225352112676056,0.5,0.5714285714285714,1.0
2964,0.3142857142857143,0.4605263157894737,0.0715895586608204,0.19752259151478022,0.2769168575663657,0.0,1.0,0.14285714285714285,0.0
250,0.7142857142857143,0.3157894736842105,0.05011919942340744,0.10878388727217032,0.459776310470287,0.028169014084507043,1.0,0.7142857142857142,0.6666666666666666
545,0.5285714285714286,0.19078947368421054,0.03249169105610397,0.08762827385510798,0.24632798814175985,0.04225352112676056,0.5,0.42857142857142855,0.6666666666666666
738,0.42857142857142855,0.381578947368421,0.06047246967255479,0.11543689692142747,0.3246193235413017,0.028169014084507043,0.5,0.42857142857142855,0.0
310,0.07142857142857142,0.5328947368421053,0.08199811498586239,0.016038334463820754,0.07977361541571215,0.0,1.0,0.8571428571428571,0.0
1131,0.8857142857142858,0.3092105263157895,0.0495639034753078,0.13332184612242814,0.5634011588734672,0.8873239436619719,0.0,0.7142857142857142,0.6666666666666666
1449,0.14285714285714285,0.2763157894736842,0.04352669008653928,0.024812375555215194,0.08731976822530654,0.0,1.0,0.5714285714285714,0.6666666666666666
3631,0.45714285714285713,0.4013157894736842,0.06229114900179933,0.125966840251187,0.35426492386470826,0.4647887323943662,0.0,0.42857142857142855,0.0
15,0.5428571428571429,0.5592105263157895,0.08494647043186157,0.19383711134936438,0.5453442932219377,0.04225352112676056,0.5,0.42857142857142855,0.6666666666666666
3283,0.2571428571428571,0.11184210526315788,0.021181606230467782,0.021576811150252718,0.09149710281633201,0.26760563380281693,0.0,0.7142857142857142,0.6666666666666666
2624,0.2857142857142857,0.29605263157894735,0.04797809793097257,0.08644764384540767,0.18178143107397923,0.0,1.0,0.2857142857142857,1.0
3010,0.8857142857142858,0.11184210526315788,0.02124381012222671,0.08760912850359932,0.3083142433634281,0.8873239436619719,0.0,0.5714285714285714,0.6666666666666666
363,0.21428571428571427,0.5855263157894737,0.0896559849198869,0.055176903047939964,0.23339172618245518,0.22535211267605634,0.0,0.7142857142857142,1.0
182,0.6857142857142857,0.32894736842105265,0.05197253265113773,0.10757134834328891,0.4546557067780622,0.056338028169014086,0.5,0.7142857142857142,0.0
1194,0.7285714285714286,0.013157894736842118,0.0069238019285144635,0.07030173073977639,0.1476889907020617,0.056338028169014086,0.5,0.2857142857142857,0.0
2321,0.34285714285714286,0.11842105263157895,0.022092365692742692,0.04426405268800735,0.12424201590082197,0.028169014084507043,0.5,0.42857142857142855,0.6666666666666666
1121,0.49999999999999994,0.07236842105263158,0.015001570845114671,0.06819574207382448,0.14324215065355073,0.5070422535211268,0.0,0.2857142857142857,0.6666666666666666
3633,0.9714285714285714,0.21052631578947364,0.03487276154571159,0.2240389033542656,0.4723083142433634,0.028169014084507043,1.0,0.2857142857142857,1.0
1182,0.3857142857142857,0.38815789473684215,0.0601521475696782,0.13852299994894574,0.291739657728069,0.3943661971830986,0.0,0.2857142857142857,0.6666666666666666
2743,0.7571428571428571,0.006578947368421045,0.0057946730896778036,0.06889773829580845,0.14472443066972107,0.056338028169014086,0.5,0.2857142857142857,0.6666666666666666
614,1.0,0.032894736842105254,0.009279048466102932,0.06429009036605912,0.22624983155908907,1.0,0.0,0.5714285714285714,0.6666666666666666
1466,0.15714285714285714,0.625,0.09385799560163367,0.06470171542349518,0.18178143107397923,0.16901408450704225,0.0,0.42857142857142855,0.6666666666666666
401,0.24285714285714283,0.04605263157894737,0.012147868886794429,0.030351763925052334,0.0633337825090958,0.2535211267605634,0.0,0.2857142857142857,0.0
934,0.22857142857142856,0.5526315789473684,0.39901313965737095,0.23670674426915814,0.9999999999999999,0.23943661971830987,0.0,0.7142857142857142,1.0
2474,0.7142857142857143,0.04605263157894737,0.012326514017482582,0.04353014754684229,0.18420698019134887,0.056338028169014086,0.5,0.7142857142857142,1.0
2527,0.5428571428571429,0.29605263157894735,0.048067860508953814,0.09653086230663195,0.33971162916049047,0.04225352112676056,0.5,0.5714285714285714,0.3333333333333333
726,0.35714285714285715,0.6578947368421053,0.09983324874936561,0.09895594016439474,0.41827247001751783,0.36619718309859156,0.0,0.7142857142857142,0.0
826,0.028571428571428574,0.5131578947368421,0.08231228400879673,0.014014397304334507,0.039078291335399536,0.0,0.5,0.42857142857142855,1.0
1521,0.9,0.2894736842105263,0.0466246465598492,0.193884974728136,0.5454790459506804,0.9014084507042254,0.0,0.42857142857142855,0.0
136,0.9857142857142858,0.48026315789473684,0.0744176652753467,0.20709526726910707,0.8749494677267214,0.9859154929577465,0.0,0.7142857142857142,0.6666666666666666
628,0.7142857142857143,0.38815789473684215,0.060468296649479766,0.2538418338694032,0.535237838566231,0.7183098591549296,0.0,0.2857142857142857,0.6666666666666666
334,0.5571428571428572,0.4605263157894737,0.07090009425070687,0.1361234492265278,0.47904595068050126,0.5633802816901409,0.0,0.5714285714285714,0.0
390,0.5571428571428572,0.3421052631578947,0.05452403393025447,0.10951141062949915,0.3853928042042851,0.5633802816901409,0.0,0.5714285714285714,0.6666666666666666
2872,0.4714285714285714,0.48026315789473684,0.07382048012418917,0.19978812477663754,0.4211022773211157,0.014084507042253521,1.0,0.2857142857142857,0.0
1817,1.0,0.2236842105263158,0.036943622147588645,0.3610238933986828,0.5070745182589947,1.0,0.0,0.14285714285714285,0.6666666666666666
3365,0.1857142857142857,0.48026315789473684,0.07324626363269152,0.06092050850053607,0.17113596550330143,0.1971830985915493,0.0,0.42857142857142855,0.3333333333333333
710,0.3142857142857143,0.48684210526315785,0.07511371552677949,0.1026095114106295,0.2885055922382428,0.323943661971831,0.0,0.42857142857142855,0.3333333333333333
1039,0.4714285714285714,0.5460526315789473,0.08307922603537173,0.22110328278960537,0.46610968872119657,0.028169014084507043,0.5,0.2857142857142857,1.0
2452,0.4857142857142857,0.4078947368421053,0.06387505049145012,0.0777410673259961,0.38377577145937203,0.028169014084507043,0.5,0.8571428571428571,1.0
3379,0.04285714285714286,0.45394736842105265,0.0680961357210179,0.010472507275233573,0.044603153213852574,0.056338028169014086,0.0,0.7142857142857142,1.0
1561,0.6857142857142857,0.08552631578947367,0.017522937544480564,0.037682838106907646,0.2133135695997844,0.6901408450704225,0.0,1.0,0.0
3440,0.39999999999999997,0.13815789473684212,0.024895186713900355,0.05555981007811304,0.15604365988411265,0.4084507042253521,0.0,0.42857142857142855,1.0
3137,0.7142857142857143,1.0,0.04662637910960803,0.1027531015469444,0.4343080447379059,0.7183098591549296,0.0,0.7142857142857142,0.3333333333333333
1112,0.5285714285714286,0.21052631578947364,0.034922367180911754,0.09231888497472814,0.25953375555855007,0.5352112676056339,0.0,0.42857142857142855,0.6666666666666666
1223,0.7285714285714286,0.4276315789473685,0.0664104980787356,0.13960790320110278,0.5899474464357903,0.7323943661971831,0.0,0.7142857142857142,0.6666666666666666
2496,0.22857142857142856,0.26315789473684215,0.042690026057548375,0.06379231122683413,0.1339442123703005,0.23943661971830987,0.0,0.2857142857142857,0.3333333333333333
1508,0.0857142857142857,0.2763157894736842,0.04699070957317894,0.016579874406494104,0.058347931545613796,0.09859154929577466,0.0,0.5714285714285714,0.6666666666666666
1750,0.8,0.3486842105263158,0.054797691684442026,0.1569153009649257,0.5522166823878183,0.056338028169014086,0.5,0.5714285714285714,0.0
3351,0.14285714285714285,0.45394736842105265,0.06974552309142318,0.06123959769234697,0.12855410322059022,0.0,1.0,0.2857142857142857,0.3333333333333333
338,0.22857142857142856,0.5263157894736842,0.0798358928868437,0.05300709654362588,0.2242285406279477,0.23943661971830987,0.0,0.7142857142857142,0.3333333333333333
215,0.9428571428571428,0.19736842105263155,0.033845850858806814,0.21287078164088427,0.4487265867133809,0.943661971830986,0.0,0.2857142857142857,0.6666666666666666
1341,0.8285714285714286,0.19078947368421054,0.03295579801594274,0.11008577117475876,0.38741409513542646,0.028169014084507043,1.0,0.5714285714285714,0.0
3131,0.3142857142857143,0.5394736842105263,0.08248985780436831,0.11122491958952367,0.3127610834119391,0.323943661971831,0.0,0.42857142857142855,0.6666666666666666
3505,0.3,0.5986842105263158,0.09120897952189186,0.09277837341093582,0.3265058617437003,0.0,1.0,0.5714285714285714,0.3333333333333333
2424,0.5142857142857143,0.506578947368421,0.077998828234455,0.13654464695971819,0.48052823069667155,0.5211267605633803,0.0,0.5714285714285714,0.0
2330,0.6714285714285715,0.6513157894736842,0.09794219289978008,0.3606728952876908,0.7608139064816062,0.676056338028169,0.0,0.2857142857142857,1.0
2529,0.15714285714285714,0.368421052631579,0.05670750863964813,0.05626180630009701,0.11804339037865515,0.16901408450704225,0.0,0.2857142857142857,1.0
101,0.09999999999999999,0.08552631578947367,0.018614514608859566,0.009802419972430693,0.0344966985581458,0.11267605633802817,0.0,0.5714285714285714,0.0
2678,0.5428571428571429,0.5855263157894737,0.08973150631963073,0.1625440343084699,0.5720253335130036,0.04225352112676056,0.5,0.5714285714285714,0.0
171,0.6142857142857143,0.5789473684210527,0.08836003770028275,0.1810001531628121,0.6369761487670125,0.619718309859155,0.0,0.5714285714285714,0.6666666666666666
107,0.44285714285714284,0.3355263157894737,0.053546182846371346,0.1079223464542809,0.3034631451286888,0.028169014084507043,0.5,0.42857142857142855,0.3333333333333333
2622,0.1857142857142857,0.5723684210526315,0.08792244513262422,0.07135472507275234,0.20051206036922248,0.014084507042253521,0.5,0.42857142857142855,1.0
3731,0.8,0.11842105263157895,0.02184301469980323,0.08060192985143208,0.28365449400350357,0.028169014084507043,1.0,0.5714285714285714,0.0
2949,0.2571428571428571,0.5460526315789473,0.08408155166426906,0.09332401592893246,0.26236356286214796,0.26760563380281693,0.0,0.42857142857142855,0.3333333333333333
2499,0.24285714285714283,0.36184210526315785,0.056498062624358567,0.06317008730280288,0.17746934375421103,0.2535211267605634,0.0,0.42857142857142855,0.6666666666666666
2381,0.42857142857142855,0.0394736842105263,0.010033139764677266,0.03603155153928626,0.10106454655706777,0.4366197183098592,0.0,0.42857142857142855,0.0
2541,0.0857142857142857,0.13157894736842105,0.02342803285310354,0.012482769183642212,0.03476620401563132,0.09859154929577466,0.0,0.42857142857142855,0.3333333333333333
2506,0.44285714285714284,0.13157894736842105,0.024240103675777565,0.0481314136927554,0.1693841800296456,0.028169014084507043,0.5,0.5714285714285714,1.0
2807,0.32857142857142857,0.4342105263157895,0.0675856110587496,0.09791890029100934,0.2752998248214526,0.3380281690140845,0.0,0.42857142857142855,1.0
2910,0.028571428571428574,0.5328947368421053,0.08262645303173108,0.014062260683106141,0.0392130440641423,0.04225352112676056,0.0,0.42857142857142855,1.0
3209,0.14285714285714285,0.30263157894736836,0.04883900265615628,0.03411701638842089,0.09567443740735748,0.15492957746478875,0.0,0.42857142857142855,0.6666666666666666
1040,0.7428571428571429,0.6118421052631579,0.09332598296374016,0.228825241231429,0.805282306966716,0.056338028169014086,0.5,0.5714285714285714,1.0
2120,0.9857142857142858,0.3157894736842105,0.05004712535344015,0.14934012355133508,0.6310470287023312,0.9859154929577465,0.0,0.7142857142857142,0.3333333333333333
1524,0.5428571428571429,0.35526315789473684,0.056139587713574524,0.09101061928830347,0.3847190405605713,0.04225352112676056,0.5,0.7142857142857142,0.6666666666666666
3400,0.9714285714285714,0.14473684210526314,0.02608968842628638,0.09123398172257109,0.3856623096617706,0.971830985915493,0.0,0.7142857142857142,0.0
2248,0.6857142857142857,0.3355263157894737,0.05283810036738541,0.130915913616174,0.4607195795714863,0.056338028169014086,0.5,0.5714285714285714,1.0
481,0.8571428571428572,0.1513157894736842,0.02725545031751673,0.08300148057385,0.3508961056461393,0.028169014084507043,1.0,0.7142857142857142,0.6666666666666666
2657,0.3714285714285714,0.506578947368421,0.07669214926519356,0.12271213049471588,0.34510173831020075,0.028169014084507043,0.5,0.42857142857142855,1.0
2764,0.6571428571428571,0.6513157894736842,0.09872260212164358,0.2665894470822484,0.7501684409109284,0.6619718309859155,0.0,0.42857142857142855,0.6666666666666666
1762,0.028571428571428574,0.5,0.07351555136663525,0.025884515239699802,0.03530521493060234,0.0,1.0,0.14285714285714285,0.0
3048,0.8142857142857143,0.17105263157894737,0.02967272254541909,0.0836396589574718,0.35359116022099446,0.056338028169014086,0.5,0.7142857142857142,0.0
3165,0.14285714285714285,0.6513157894736842,0.09819210007711422,0.06168632256088222,0.17329200916318555,0.15492957746478875,0.0,0.42857142857142855,0.6666666666666666
2585,0.2571428571428571,0.4013157894736842,0.06156059328339698,0.05716801960483994,0.20118582401293625,0.26760563380281693,0.0,0.5714285714285714,0.6666666666666666
2555,0.4714285714285714,0.45394736842105265,0.06985640627598826,0.09506305202430183,0.40183263711090145,0.47887323943661975,0.0,0.7142857142857142,0.0
405,0.5857142857142857,0.5263157894736842,0.08027018535972354,0.19881490274161434,0.5593585770111844,0.04225352112676056,0.5,0.42857142857142855,0.6666666666666666
757,0.44285714285714284,0.13157894736842105,0.023739396795475966,0.03947771481084393,0.16709338364101872,0.014084507042253521,1.0,0.7142857142857142,0.3333333333333333
2447,0.6714285714285715,0.5460526315789473,0.08288171536286522,0.23365944248736406,0.6574585635359116,0.676056338028169,0.0,0.42857142857142855,1.0
97,1.0,0.39473684210526316,0.061847048359904955,0.2159212743145964,0.7598706373804069,0.07042253521126761,0.5,0.5714285714285714,1.0
1333,0.6857142857142857,0.4078947368421053,0.06380195810652253,0.15274161433603922,0.5375286349548578,0.056338028169014086,0.5,0.5714285714285714,0.3333333333333333
2972,0.5714285714285715,0.09210526315789472,0.017769706443530032,0.051041507122070756,0.17962538741409512,0.5774647887323944,0.0,0.5714285714285714,0.6666666666666666
3500,0.04285714285714286,0.506578947368421,0.0794062205466541,0.014512176443559503,0.051071284193504915,0.0,1.0,0.5714285714285714,0.0
2460,0.7857142857142857,0.2763157894736842,0.04495422108522956,0.21995456169908614,0.46368413960382693,0.7887323943661972,0.0,0.2857142857142857,0.0
2058,0.0857142857142857,0.4407894736842105,0.06812979668776088,0.018736917343135755,0.07950410995822664,0.09859154929577466,0.0,0.7142857142857142,0.6666666666666666
2626,0.21428571428571427,0.4671052631578947,0.0722196041470311,0.13826772859549702,0.1935049184745991,0.22535211267605634,0.0,0.14285714285714285,1.0
148,0.2857142857142857,0.3092105263157895,0.04820250437592567,0.04311533159748813,0.18245519471769303,0.014084507042253521,0.5,0.7142857142857142,0.6666666666666666
28,0.07142857142857142,0.5,0.07885642475651901,0.02190228212589983,0.07707856084085701,0.0,1.0,0.5714285714285714,1.0
3389,0.17142857142857143,0.02631578947368421,0.008337562531718988,0.007587029297857909,0.03813502223420024,0.014084507042253521,0.5,0.8571428571428571,0.0
2463,0.05714285714285714,0.21710526315789472,0.038265786993402454,0.012530632562413846,0.03490095674437407,0.07042253521126761,0.0,0.42857142857142855,0.0
692,0.21428571428571427,0.05263157894736842,0.012664938737040526,0.02047595343850513,0.05726990971567174,0.014084507042253521,0.5,0.42857142857142855,1.0
1386,0.7000000000000001,0.24342105263157895,0.03975494816211121,0.1339121611272783,0.3766338768360059,0.7042253521126761,0.0,0.42857142857142855,0.3333333333333333
1845,0.2714285714285714,0.11842105263157895,0.021866163996229974,0.03507428396385358,0.09836949198221262,0.0,1.0,0.42857142857142855,0.0
2627,0.21428571428571427,0.618421052631579,0.09336710650329877,0.057187164956348596,0.24188114809324887,0.22535211267605634,0.0,0.7142857142857142,0.6666666666666666
1599,0.35714285714285715,0.42105263157894735,0.06499673747553107,0.08205697656608975,0.28877509769572834,0.36619718309859156,0.0,0.5714285714285714,0.3333333333333333
701,0.44285714285714284,0.4605263157894737,0.07107092365692742,0.1820467657119518,0.3836410187306293,0.028169014084507043,0.5,0.2857142857142857,1.0
1708,0.7000000000000001,0.6052631578947368,0.09163053722902921,0.2656321795068157,0.7474733863360733,0.7042253521126761,0.0,0.42857142857142855,0.6666666666666666
454,0.41428571428571426,0.05921052631578946,0.01407477222745837,0.05485781385612906,0.1150788303463145,0.028169014084507043,0.5,0.2857142857142857,0.6666666666666666
2040,0.45714285714285713,0.3486842105263158,0.054779653271641957,0.06455812528718027,0.31882495620536316,0.4647887323943662,0.0,0.8571428571428571,1.0
3306,0.6142857142857143,0.26973684210526316,0.04404078485134093,0.1273548782355644,0.3581727529982482,0.619718309859155,0.0,0.42857142857142855,1.0
2315,0.5857142857142857,0.45394736842105265,0.0699923701808716,0.14140756624291623,0.49764182724700173,0.04225352112676056,0.5,0.5714285714285714,1.0
609,0.7571428571428571,0.39473684210526316,0.06220546654099905,0.20623372645121765,0.5802452499663118,0.056338028169014086,0.5,0.42857142857142855,0.6666666666666666
167,0.9571428571428572,0.10526315789473684,0.020333203969618005,0.11524544340634094,0.3240803126263307,0.9577464788732395,0.0,0.42857142857142855,1.0
730,0.4714285714285714,0.3157894736842105,0.04992515385041858,0.10844884362076888,0.3049454251448592,0.47887323943661975,0.0,0.42857142857142855,1.0
2689,0.7857142857142857,0.19736842105263155,0.0331392217584489,0.13123181191606678,0.3690877240264115,0.7887323943661972,0.0,0.42857142857142855,0.0
3350,0.17142857142857143,0.5657894736842105,0.08837816283622127,0.06652052381681728,0.186902034766204,0.18309859154929578,0.0,0.42857142857142855,1.0
2481,0.7571428571428571,0.14473684210526314,0.02553496003071875,0.1056727676520141,0.29712976687777926,0.7605633802816901,0.0,0.42857142857142855,0.6666666666666666
1622,0.8142857142857143,0.631578947368421,0.09577821833663752,0.15994983917904734,0.9017652607465301,0.028169014084507043,1.0,1.0,0.0
587,0.3714285714285714,0.6052631578947368,0.09194680071211644,0.11479552764588757,0.4039886807707856,0.38028169014084506,0.0,0.5714285714285714,0.3333333333333333
1401,0.07142857142857142,0.4342105263157895,0.0666038328620798,0.01567366110175116,0.06656784799892197,0.0,0.5,0.7142857142857142,0.3333333333333333
1700,0.7142857142857143,0.0394736842105263,0.010811110495093416,0.03499223245738792,0.1731572564344428,0.7183098591549296,0.0,0.8571428571428571,0.6666666666666666
2727,0.2857142857142857,0.14473684210526314,0.02603114761455949,0.041296523204166026,0.11588734671877104,0.29577464788732394,0.0,0.42857142857142855,0.6666666666666666
3677,0.45714285714285713,0.21710526315789472,0.03718618798731899,0.0838949303109205,0.2358172752998248,0.028169014084507043,0.5,0.42857142857142855,0.6666666666666666
1379,0.6285714285714286,0.0394736842105263,0.011414807833280971,0.03695691019553786,0.15644791807034092,0.6338028169014085,0.0,0.7142857142857142,0.6666666666666666
2089,0.22857142857142856,0.5526315789473684,0.08382768753118588,0.05530453872466432,0.2339307370974262,0.23943661971830987,0.0,0.7142857142857142,0.0
2175,0.14285714285714285,0.4342105263157895,0.06811755633621797,0.044886276612038596,0.12599380137447783,0.15492957746478875,0.0,0.42857142857142855,0.6666666666666666
2936,0.2857142857142857,0.4671052631578947,0.07243840043086038,0.051648688269916636,0.25522166823878184,0.0,1.0,0.8571428571428571,0.6666666666666666
2406,0.2714285714285714,0.23684210526315788,0.03878416588124411,0.052257236942870273,0.1467457216008624,0.28169014084507044,0.0,0.42857142857142855,0.6666666666666666
3032,0.6571428571428571,0.07894736842105263,0.01662422042633405,0.07063677439117783,0.1984907694380811,0.04225352112676056,0.5,0.42857142857142855,0.6666666666666666
441,0.9714285714285714,0.2894736842105263,0.04638773921239192,0.2778373410935825,0.5859048645735075,0.971830985915493,0.0,0.2857142857142857,0.0
2051,0.49999999999999994,0.29605263157894735,0.048146402764687395,0.08917904732730894,0.31383910524188113,0.5070422535211268,0.0,0.5714285714285714,0.6666666666666666
1301,0.1857142857142857,0.4342105263157895,0.06671603608455635,0.03192897621600333,0.158064950815254,0.1971830985915493,0.0,0.8571428571428571,0.0
3163,0.2857142857142857,0.5328947368421053,0.08096584533907814,0.07979782508806862,0.2808246866999057,0.29577464788732394,0.0,0.5714285714285714,0.3333333333333333
1304,0.5857142857142857,0.3092105263157895,0.049324536600691166,0.08836217899627304,0.37353456407492247,0.5915492957746479,0.0,0.7142857142857142,0.6666666666666666
236,0.07142857142857142,0.4276315789473685,0.06471881872447377,0.023204166028488283,0.06495081525400888,0.08450704225352113,0.0,0.42857142857142855,0.3333333333333333
520,0.8571428571428572,0.18421052631578946,0.031597163208232255,0.13821986521672538,0.38876162242285406,0.028169014084507043,1.0,0.42857142857142855,1.0
735,0.028571428571428574,0.11842105263157895,0.016336789192585608,0.003963087762291316,0.010780218299420562,0.04225352112676056,0.0,0.42857142857142855,0.6666666666666666
3310,0.9428571428571428,0.24342105263157895,0.040288660373908027,0.1814404962475111,0.5104433364775637,0.028169014084507043,1.0,0.42857142857142855,0.6666666666666666
2106,0.6,0.2302631578947368,0.03846743966858821,0.08971511716955123,0.3157256434442797,0.6056338028169014,0.0,0.5714285714285714,0.6666666666666666
592,0.3857142857142857,0.48026315789473684,0.07425609263498048,0.08236330219022821,0.3482010510712842,0.3943661971830986,0.0,0.7142857142857142,0.0
1303,0.24285714285714283,0.02631578947368421,0.008849094145983873,0.015584316128044111,0.05484436059830211,0.0,1.0,0.5714285714285714,0.0
1387,0.44285714285714284,0.44736842105263164,0.06895028275212065,0.1774518813498749,0.37393882226115077,0.028169014084507043,0.5,0.2857142857142857,1.0
3486,0.04285714285714286,0.5789473684210527,0.08671065032987747,0.01975800275693062,0.055248618784530384,0.056338028169014086,0.0,0.42857142857142855,0.3333333333333333
2776,0.7285714285714286,0.6381578947368421,0.09620822156166171,0.28836728442334203,0.8114809324888829,0.028169014084507043,1.0,0.42857142857142855,1.0
3482,0.7428571428571429,0.625,0.09457080362064979,0.23150559044264052,0.814714997978709,0.056338028169014086,0.5,0.5714285714285714,0.3333333333333333
904,0.8285714285714286,0.3486842105263158,0.05532037252991262,0.204749961709297,0.5760679153752863,0.8309859154929577,0.0,0.42857142857142855,1.0
3168,0.8714285714285714,0.05263157894736842,0.013103888601745158,0.04086575279522132,0.23123568252257107,0.07042253521126761,0.5,1.0,0.6666666666666666
1279,0.6571428571428571,0.6513157894736842,0.09892313554053783,0.3562694644407005,0.751515968198356,0.04225352112676056,0.5,0.2857142857142857,0.3333333333333333
2988,0.1857142857142857,0.3486842105263158,0.05473273192406085,0.038099249502220864,0.13407896509904324,0.1971830985915493,0.0,0.5714285714285714,0.6666666666666666
3595,0.5142857142857143,0.6052631578947368,0.09190717579030491,0.3944325317812835,0.5541032205902169,0.5211267605633803,0.0,0.14285714285714285,1.0
2308,0.45714285714285713,0.6447368421052632,0.09707822808671064,0.18426443559503752,0.5183937474733863,0.028169014084507043,0.5,0.42857142857142855,0.6666666666666666
2970,0.3857142857142857,0.44736842105263164,0.069913827925138,0.09400367590748966,0.3308179490634685,0.3943661971830986,0.0,0.5714285714285714,0.0
3066,0.8285714285714286,0.11184210526315788,0.020862953082317608,0.10150865369888191,0.2854062794771594,0.056338028169014086,0.5,0.42857142857142855,1.0
2963,0.5714285714285715,0.5197368421052632,0.07983724512080181,0.1285993260836269,0.5434577550195391,0.5774647887323944,0.0,0.7142857142857142,0.0
706,0.24285714285714283,0.2763157894736842,0.04529270080636716,0.042234645428090065,0.148632259803261,0.2535211267605634,0.0,0.5714285714285714,0.3333333333333333
3295,0.6,0.4407894736842105,0.06799202156806873,0.1412926941338643,0.49723756906077343,0.04225352112676056,0.5,0.5714285714285714,0.3333333333333333
745,0.07142857142857142,0.368421052631579,0.06016336789192585,0.02181612804411089,0.06104298612046894,0.0,0.5,0.42857142857142855,0.0
1939,0.5714285714285715,0.6578947368421053,0.0993770258154985,0.15572190738755295,0.6579975744508826,0.04225352112676056,0.5,0.7142857142857142,0.3333333333333333
3282,0.9,0.4407894736842105,0.06836121583411875,0.26453132179506816,0.7443740735749899,0.028169014084507043,1.0,0.42857142857142855,1.0
513,0.05714285714285714,0.5657894736842105,0.08803016022620169,0.05086919895849288,0.07047567713246192,0.0,1.0,0.14285714285714285,0.6666666666666666
81,0.12857142857142856,0.4671052631578947,0.07389255419415645,0.02894777148108439,0.12262498315590889,0.14084507042253522,0.0,0.7142857142857142,1.0
1308,0.41428571428571426,0.0,0.005812126924285267,0.038073722366875985,0.0796388626869694,0.4225352112676056,0.0,0.2857142857142857,0.6666666666666666
3101,0.09999999999999999,0.0394736842105263,0.012959472196041471,0.006547710215959565,0.028028567578493462,0.0,0.5,0.7142857142857142,0.3333333333333333
914,0.11428571428571427,0.13815789473684212,0.024191014765944076,0.016551156379231123,0.04622018595876566,0.1267605633802817,0.0,0.42857142857142855,0.3333333333333333
3511,0.6,0.4078947368421053,0.06371786160489228,0.13382600704548936,0.47096078695593585,0.6056338028169014,0.0,0.5714285714285714,0.6666666666666666
3429,0.15714285714285714,0.24342105263157895,0.041784480050267046,0.026267422269872876,0.09244037191753132,0.16901408450704225,0.0,0.5714285714285714,0.0
774,0.6714285714285715,0.14473684210526314,0.02586003770028275,0.09466419053453821,0.26613663926694514,0.056338028169014086,0.5,0.42857142857142855,1.0
329,0.07142857142857142,0.20394736842105263,0.032673578385171216,0.008781334558635829,0.037461258590486456,0.08450704225352113,0.0,0.7142857142857142,0.3333333333333333
2054,0.5714285714285715,0.09210526315789472,0.01809153812556033,0.04289196916322051,0.18151192561649374,0.5774647887323944,0.0,0.7142857142857142,0.6666666666666666
2001,0.14285714285714285,0.18421052631578946,0.031531145574500895,0.01945167713279216,0.06845438620132056,0.0,1.0,0.5714285714285714,0.6666666666666666
943,0.9714285714285714,0.5855263157894737,0.08836345258096681,0.23670674426915814,0.9999999999999999,0.971830985915493,0.0,0.7142857142857142,0.3333333333333333
822,0.45714285714285713,0.2894736842105263,0.046182846371347785,0.06580257313524276,0.2782643848537933,0.4647887323943662,0.0,0.7142857142857142,1.0
909,0.028571428571428574,0.21052631578947364,0.03612943763744895,0.006978480624904273,0.019269640210214257,0.0,0.5,0.42857142857142855,0.6666666666666666
181,0.7142857142857143,0.30263157894736836,0.04877012067786587,0.1278526573747894,0.44993936127206574,0.056338028169014086,0.5,0.5714285714285714,0.0
164,0.45714285714285713,0.375,0.058721046468454566,0.09587992035533772,0.33742083277186363,0.4647887323943662,0.0,0.5714285714285714,0.6666666666666666
1523,0.7142857142857143,0.5131578947368421,0.07844985307978045,0.23681842548629192,0.6663522436329335,0.7183098591549296,0.0,0.42857142857142855,0.0
451,0.1857142857142857,0.26973684210526316,0.04389390063282617,0.05358145708888549,0.11238377577145936,0.1971830985915493,0.0,0.2857142857142857,0.6666666666666666
1311,0.44285714285714284,0.21710526315789472,0.03646324222431668,0.10706080563639149,0.22530656245788977,0.014084507042253521,1.0,0.2857142857142857,0.6666666666666666
1111,0.19999999999999998,0.12499999999999997,0.02199183160540371,0.035201919640577936,0.07357498989354533,0.2112676056338028,0.0,0.2857142857142857,0.0
3098,0.05714285714285714,0.3355263157894737,0.048821866163996225,0.02045999897891459,0.042447109553968465,0.0,1.0,0.2857142857142857,0.6666666666666666
1287,1.0,0.375,0.05855491099281837,0.17193163833154645,0.7264519606522032,1.0,0.0,0.7142857142857142,0.6666666666666666
327,0.7000000000000001,0.3223684210526315,0.05110273327049952,0.13007351814979323,0.45775501953914566,0.7042253521126761,0.0,0.5714285714285714,0.3333333333333333
1790,0.014285714285714285,0.4013157894736842,0.05560791705937794,0.006451983458416297,0.01778736019404393,0.028169014084507043,0.0,0.42857142857142855,0.6666666666666666
3570,0.6142857142857143,0.618421052631579,0.09345814411789906,0.15833843876040232,0.6690472982077886,0.04225352112676056,0.5,0.7142857142857142,0.6666666666666666
2007,0.05714285714285714,0.6381578947368421,0.09500471253534401,0.01516311839485373,0.07546152809594393,0.07042253521126761,0.0,0.8571428571428571,0.0
1858,0.8428571428571429,0.5855263157894737,0.0886899151743638,0.6203476795833972,0.8721196604231235,0.8450704225352113,0.0,0.14285714285714285,1.0
312,0.9,0.10526315789473684,0.020337535344015077,0.07212053913309849,0.3049454251448592,0.07042253521126761,0.5,0.7142857142857142,0.0
832,0.6428571428571429,0.45394736842105265,0.07060607302380854,0.19522514933374177,0.5492521223554777,0.647887323943662,0.0,0.42857142857142855,0.6666666666666666
1201,0.9285714285714286,0.1776315789473684,0.030731442607031673,0.11724613263899526,0.41261285541032205,0.07042253521126761,0.5,0.5714285714285714,1.0
2877,0.7571428571428571,0.21710526315789472,0.03571054560686982,0.13357711747587686,0.3756906077348066,0.028169014084507043,1.0,0.42857142857142855,0.6666666666666666
3597,0.45714285714285713,0.05263157894736842,0.012681004198440576,0.0341553070914382,0.12019943403853926,0.028169014084507043,0.5,0.5714285714285714,0.0
2134,0.22857142857142856,0.3157894736842105,0.05006375783112492,0.043153622300505436,0.1518663252930872,0.23943661971830987,0.0,0.5714285714285714,1.0
2209,0.9428571428571428,0.15789473684210528,0.027515579501174614,0.07861628339496314,0.38808785877914026,0.07042253521126761,0.5,0.8571428571428571,0.0
2886,0.1857142857142857,0.6447368421052632,0.09889592029083075,0.10572063103078573,0.22247675515429186,0.1971830985915493,0.0,0.2857142857142857,0.0
1481,0.3,0.30263157894736836,0.048067860508953814,0.05421963547250728,0.19080986389974397,0.3098591549295775,0.0,0.5714285714285714,0.6666666666666666
777,0.5714285714285715,0.4736842105263158,0.07287188800257464,0.14282432225455657,0.5026276782104837,0.014084507042253521,1.0,0.5714285714285714,0.3333333333333333
799,0.22857142857142856,0.05921052631578946,0.015301879469978377,0.0240657068463777,0.0673763643713785,0.014084507042253521,0.5,0.42857142857142855,0.0
54,0.14285714285714285,0.42105263157894735,0.06546140005140948,0.03461479552764589,0.12181646678345234,0.15492957746478875,0.0,0.5714285714285714,0.3333333333333333
1920,0.8142857142857143,0.05263157894736842,0.012333842503818776,0.09972175422474089,0.2098099986524727,0.8169014084507042,0.0,0.2857142857142857,0.0
3221,0.12857142857142856,0.14473684210526314,0.026107445805843545,0.010869089556484256,0.05430534968333108,0.0,1.0,0.8571428571428571,0.3333333333333333
2684,0.45714285714285713,0.4342105263157895,0.06706080598634793,0.08912799305661918,0.37676862956474866,0.4647887323943662,0.0,0.7142857142857142,0.6666666666666666
1701,0.3,0.4144736842105263,0.06507582897780824,0.06942104457037832,0.2443066972106185,0.3098591549295775,0.0,0.5714285714285714,0.6666666666666666
2161,0.5142857142857143,0.5657894736842105,0.08625213337748681,0.1240363506407311,0.5241881148093248,0.04225352112676056,0.5,0.7142857142857142,0.0
3747,0.2857142857142857,0.4013157894736842,0.06382119294466136,0.08159748812988206,0.22934914432017248,0.29577464788732394,0.0,0.42857142857142855,1.0
987,0.5428571428571429,0.32894736842105265,0.05164455400082167,0.08507556032062083,0.35965503301441853,0.04225352112676056,0.5,0.7142857142857142,0.0
3287,0.35714285714285715,0.4407894736842105,0.06786050895381715,0.07081227344667382,0.29942056326640615,0.014084507042253521,1.0,0.7142857142857142,0.6666666666666666
1394,0.0857142857142857,0.36184210526315785,0.05722364346304025,0.03284065962117731,0.06858913893006333,0.0,1.0,0.2857142857142857,0.6666666666666666
768,0.17142857142857143,0.6447368421052632,0.09860073950554629,0.09787103691223771,0.20590216951893275,0.18309859154929578,0.0,0.2857142857142857,0.6666666666666666
3309,0.34285714285714286,0.5789473684210527,0.08848256361922714,0.08552228518915607,0.3615415712168171,0.028169014084507043,0.5,0.7142857142857142,0.6666666666666666
285,0.2571428571428571,0.36184210526315785,0.056352001587380324,0.04420023484964517,0.18703678749494676,0.26760563380281693,0.0,0.7142857142857142,0.6666666666666666
3584,0.7857142857142857,0.24342105263157895,0.04012387235761411,0.08611032098549329,0.4250101064546557,0.7887323943661972,0.0,0.8571428571428571,0.0
428,0.7142857142857143,0.15789473684210528,0.02803496516419951,0.07065272885076837,0.29874679962269235,0.7183098591549296,0.0,0.7142857142857142,0.6666666666666666
2332,0.5428571428571429,0.12499999999999997,0.023151840305468956,0.07145045183029561,0.20078156582670798,0.5492957746478874,0.0,0.42857142857142855,0.0
2079,0.7428571428571429,0.6118421052631579,0.09243682535166182,0.28377240006126514,0.7985446705295781,0.7464788732394366,0.0,0.42857142857142855,1.0
722,0.014285714285714285,0.6052631578947368,0.09283694627709707,0.01382294378924797,0.028432825764721732,0.028169014084507043,0.0,0.2857142857142857,0.6666666666666666
951,0.8857142857142858,0.4407894736842105,0.06847388657002228,0.1736547199673253,0.733728608004312,0.8873239436619719,0.0,0.7142857142857142,0.0
2262,0.0857142857142857,0.24999999999999997,0.04200888649522014,0.01908791545412774,0.053362080582131786,0.09859154929577466,0.0,0.42857142857142855,0.6666666666666666
989,0.8285714285714286,0.44736842105263164,0.0686592437578875,0.24471588298361158,0.6885864438754884,0.8309859154929577,0.0,0.42857142857142855,0.6666666666666666
3488,0.42857142857142855,0.19736842105263155,0.03371743030008209,0.147170317047021,0.2060369222476755,0.4366197183098592,0.0,0.14285714285714285,0.3333333333333333
2530,0.12857142857142856,0.256578947368421,0.041187558906691804,0.021557665798744068,0.0758657862821722,0.0,1.0,0.5714285714285714,0.3333333333333333
326,0.0857142857142857,0.11184210526315788,0.020465867779722632,0.011429774850666258,0.03180164398329066,0.09859154929577466,0.0,0.42857142857142855,0.6666666666666666
1383,0.6142857142857143,0.5789473684210527,0.08836003770028275,0.22638420891407568,0.6369761487670125,0.619718309859155,0.0,0.42857142857142855,0.6666666666666666
1724,0.6714285714285715,0.625,0.09509503612943764,0.210637157298208,0.7412747608139064,0.676056338028169,0.0,0.5714285714285714,0.3333333333333333
1086,0.8571428571428572,0.26315789473684215,0.04286089522720601,0.2309950477357431,0.48699636167632393,0.028169014084507043,1.0,0.2857142857142857,0.0
341,0.9285714285714286,0.2302631578947368,0.03849998571958987,0.17272936131107366,0.48591833984638183,0.07042253521126761,0.5,0.42857142857142855,0.0
147,0.11428571428571427,0.032894736842105254,0.009634516703319718,0.006420074539235207,0.027489556663522433,0.0,0.5,0.7142857142857142,0.3333333333333333
2907,0.04285714285714286,0.21052631578947364,0.033930254476908575,0.009036605912084546,0.02506400754615281,0.056338028169014086,0.0,0.42857142857142855,0.3333333333333333
1107,1.0,0.6052631578947368,0.08550264831211586,0.2841553070914382,0.9999999999999999,0.07042253521126761,0.5,0.5714285714285714,0.6666666666666666
848,0.2714285714285714,0.4342105263157895,0.06729500471253534,0.06486445091131873,0.2282711224902304,0.28169014084507044,0.0,0.5714285714285714,0.6666666666666666
966,0.2714285714285714,0.4342105263157895,0.06724787935909518,0.08116671772093735,0.22813636976148766,0.0,1.0,0.42857142857142855,0.3333333333333333
3063,0.028571428571428574,0.2302631578947368,0.03612943763744895,0.005475570531474958,0.019269640210214257,0.0,1.0,0.5714285714285714,0.6666666666666666
2203,0.4857142857142857,0.5263157894736842,0.08035545980880571,0.11031551539286262,0.4662444414499393,0.49295774647887325,0.0,0.7142857142857142,1.0
661,0.2571428571428571,0.4342105263157895,0.06726524133141525,0.061571450451830295,0.2166823878183533,0.0,1.0,0.5714285714285714,0.0
1002,0.8,0.09868421052631579,0.01928005688112836,0.09346760606524736,0.2627678210483762,0.8028169014084507,0.0,0.42857142857142855,0.6666666666666666
3443,0.7857142857142857,0.08552631578947367,0.01731856738925542,0.06888497472813601,0.2424201590082199,0.056338028169014086,0.5,0.5714285714285714,1.0
3133,0.11428571428571427,0.39473684210526316,0.061053513456906475,0.044710777556542604,0.09365314647621613,0.1267605633802817,0.0,0.2857142857142857,0.6666666666666666
3091,0.9285714285714286,0.506578947368421,0.077913917687716,0.3048322867207842,0.8578358711763913,0.9295774647887324,0.0,0.42857142857142855,1.0
3311,0.014285714285714285,0.15789473684210528,0.028275212064090477,0.00367590748966151,0.00997170192696402,0.028169014084507043,0.0,0.42857142857142855,1.0
1879,0.21428571428571427,0.07236842105263158,0.01561027332704995,0.018188083933221015,0.06400754615280958,0.22535211267605634,0.0,0.5714285714285714,0.6666666666666666
3521,0.014285714285714285,0.4605263157894737,0.06927426955702168,0.006164803185786491,0.021695189327583884,0.028169014084507043,0.0,0.5714285714285714,0.6666666666666666
1203,0.7714285714285715,0.6513157894736842,0.09814069060063405,0.2482386276612039,0.8736019404392938,0.056338028169014086,0.5,0.5714285714285714,0.6666666666666666
1990,0.11428571428571427,0.3092105263157895,0.04723007644779558,0.02708109970899066,0.0758657862821722,0.1267605633802817,0.0,0.42857142857142855,0.3333333333333333
24,0.5285714285714286,0.5,0.07659110074904509,0.23048450502884568,0.48591833984638183,0.5352112676056339,0.0,0.2857142857142857,0.6666666666666666
3513,0.9285714285714286,0.02631578947368421,0.008625367720560936,0.07259917292081483,0.20401563131653416,0.9295774647887324,0.0,0.42857142857142855,0.0
2526,0.6,0.15789473684210528,0.028384805909300134,0.05999514984428448,0.2537393882226115,0.6056338028169014,0.0,0.7142857142857142,0.0
2589,0.8,0.24342105263157895,0.039965606759594555,0.10205110532496044,0.43134348470556527,0.8028169014084507,0.0,0.7142857142857142,0.6666666666666666
2862,0.0,0.006578947368421045,0.002827521206409049,0.0005488334099147394,0.0004042581862282713,0.0,0.5,0.2857142857142857,0.6666666666666666
875,0.3142857142857143,0.625,0.09498832110806048,0.10055138612344923,0.35386066567847996,0.0,1.0,0.5714285714285714,0.3333333333333333
3360,0.42857142857142855,0.032894736842105254,0.010033139764677266,0.023842344412110073,0.10106454655706777,0.028169014084507043,0.5,0.7142857142857142,1.0
938,0.15714285714285714,1.0,0.09134464341815897,0.03586744852635494,0.17746934375421103,0.16901408450704225,0.0,0.8571428571428571,1.0
2394,0.49999999999999994,0.493421052631579,0.07553146926379725,0.10760325726247001,0.45479045950680497,0.04225352112676056,0.5,0.7142857142857142,0.3333333333333333
3671,0.35714285714285715,0.5986842105263158,0.09149568621764663,0.06857864910399755,0.3872793424066837,0.36619718309859156,0.0,1.0,1.0
3711,0.22857142857142856,0.11184210526315788,0.021677662582469365,0.02354878235564405,0.08287292817679556,0.0,1.0,0.5714285714285714,0.0
385,0.24285714285714283,0.13157894736842105,0.024714629804167977,0.03411701638842089,0.09567443740735748,0.2535211267605634,0.0,0.42857142857142855,0.0
2855,0.9571428571428572,0.09210526315789472,0.01860065421078893,0.08730280287946086,0.307236221533486,0.9577464788732395,0.0,0.5714285714285714,1.0
3336,0.42857142857142855,0.3421052631578947,0.053814113283268974,0.08385663960790321,0.2951084759466379,0.014084507042253521,1.0,0.5714285714285714,0.3333333333333333
2739,0.8428571428571429,0.4342105263157895,0.06746779767514922,0.13990875872481018,0.6900687238916587,0.8450704225352113,0.0,0.8571428571428571,0.6666666666666666
2291,0.12857142857142856,0.2894736842105263,0.047785108388312916,0.030431536223005054,0.08529847729416519,0.14084507042253522,0.0,0.42857142857142855,0.3333333333333333
2602,0.7285714285714286,0.375,0.05888856666424998,0.1898165875325471,0.5340250640075461,0.028169014084507043,1.0,0.42857142857142855,0.3333333333333333
936,0.8714285714285714,0.42105263157894735,0.065793074093217,0.24816204625516924,0.698288640344967,0.8732394366197184,0.0,0.42857142857142855,0.6666666666666666
3215,0.8428571428571429,0.17105263157894737,0.02962613886270813,0.17343135753305763,0.36544940035035706,0.07042253521126761,0.5,0.2857142857142857,0.0
2360,0.12857142857142856,0.4671052631578947,0.07210179076343072,0.05721907387552969,0.1200646813097965,0.0,1.0,0.2857142857142857,0.6666666666666666
3651,0.8428571428571429,0.15789473684210528,0.028275212064090477,0.1258232501148721,0.35386066567847996,0.07042253521126761,0.5,0.42857142857142855,0.6666666666666666
1332,0.5428571428571429,0.4276315789473685,0.0663138306870635,0.31440496247511107,0.441449939361272,0.014084507042253521,1.0,0.14285714285714285,0.3333333333333333
1934,0.9714285714285714,0.5460526315789473,0.08345968391864388,0.19299608340809138,0.9516237703813502,0.07042253521126761,0.5,0.8571428571428571,0.6666666666666666
935,0.9428571428571428,0.506578947368421,0.07824215398033396,0.1772421941666849,0.8740061986255221,0.943661971830986,0.0,0.8571428571428571,0.6666666666666666
2418,0.6571428571428571,0.19736842105263155,0.03360940100667776,0.07393934752642059,0.31262633068319634,0.6619718309859155,0.0,0.7142857142857142,0.0
566,0.9,0.618421052631579,0.09355855325164938,0.693387195588911,0.9749359924538471,0.9014084507042254,0.0,0.14285714285714285,0.3333333333333333
1854,0.7000000000000001,0.09210526315789472,0.017983034872761542,0.05224128248327973,0.22099447513812154,0.7042253521126761,0.0,0.7142857142857142,0.6666666666666666
3015,0.22857142857142856,0.5263157894736842,0.07989133447912623,0.05303900546280696,0.22436329335669047,0.014084507042253521,0.5,0.7142857142857142,1.0
2467,0.8285714285714286,0.19736842105263155,0.03364270994744325,0.13979935671618932,0.39320846247136504,0.8309859154929577,0.0,0.42857142857142855,0.6666666666666666
1645,0.9142857142857143,0.375,0.058884941637062274,0.23739278603155153,0.6679692763778466,0.9154929577464789,0.0,0.42857142857142855,0.3333333333333333
2725,0.2714285714285714,0.3092105263157895,0.04999999999999999,0.05081176290396692,0.1788168710416386,0.28169014084507044,0.0,0.5714285714285714,0.6666666666666666
1792,0.028571428571428574,0.013157894736842118,0.010995915802701855,0.0024123142900903663,0.008489421910793693,0.0,1.0,0.5714285714285714,0.3333333333333333
1430,0.7714285714285715,0.381578947368421,0.05910376146002913,0.1610124061877776,0.5666352243632933,0.7746478873239436,0.0,0.5714285714285714,0.6666666666666666
2884,0.22857142857142856,0.15789473684210528,0.027221821810722406,0.02272553224077194,0.09634820105107127,0.23943661971830987,0.0,0.7142857142857142,1.0
1013,0.7142857142857143,0.5986842105263158,0.09118293877400159,0.1796855056925512,0.7591968737366931,0.056338028169014086,0.5,0.7142857142857142,0.0
1928,0.2571428571428571,0.6447368421052632,0.0976238900739124,0.10639071833358861,0.2991510578089206,0.0,1.0,0.42857142857142855,0.6666666666666666
2803,0.9285714285714286,0.618421052631579,0.09297975037843087,0.711192372491959,0.9999999999999999,0.07042253521126761,0.5,0.14285714285714285,0.3333333333333333
126,0.3,0.3355263157894737,0.05282323708336903,0.04863557461581661,0.20576741679019,0.0,1.0,0.7142857142857142,0.0
2608,0.35714285714285715,0.42105263157894735,0.06535924019430145,0.1377571858885996,0.2901226249831559,0.014084507042253521,1.0,0.2857142857142857,0.0
1347,0.41428571428571426,0.2763157894736842,0.04586867734841344,0.08944708224843008,0.2514485918339846,0.014084507042253521,1.0,0.42857142857142855,0.6666666666666666
355,0.24285714285714283,0.11184210526315788,0.02057807100219918,0.02004518302956042,0.08502897183667968,0.0,1.0,0.7142857142857142,0.3333333333333333
827,0.6857142857142857,0.35526315789473684,0.056261901556098406,0.11468703732067188,0.48470556528769704,0.6901408450704225,0.0,0.7142857142857142,0.6666666666666666
1639,0.014285714285714285,0.5592105263157895,0.08435438265786993,0.006069076428243223,0.02600727664735211,0.028169014084507043,0.0,0.7142857142857142,0.6666666666666666
984,0.2857142857142857,0.2894736842105263,0.04613796508235716,0.031101623525807934,0.1762565691955262,0.29577464788732394,0.0,1.0,0.6666666666666666
2188,0.5428571428571429,0.11184210526315788,0.021339326711617007,0.03854779773756646,0.1906751111710012,0.04225352112676056,0.5,0.8571428571428571,0.6666666666666666
3293,0.8142857142857143,0.6052631578947368,0.09184568884266632,0.2057231837443202,0.8691551003907828,0.028169014084507043,1.0,0.7142857142857142,1.0
2443,0.8428571428571429,0.09210526315789472,0.01814326107445806,0.1267805176903048,0.2669451556394017,0.07042253521126761,0.5,0.2857142857142857,0.6666666666666666
362,0.6857142857142857,0.48026315789473684,0.0745349977879936,0.2177688007351815,0.6127206575933162,0.028169014084507043,1.0,0.42857142857142855,0.6666666666666666
2349,0.2857142857142857,0.13815789473684212,0.02472959023383152,0.03990848521978864,0.11197951758523109,0.29577464788732394,0.0,0.42857142857142855,1.0
345,0.07142857142857142,0.24999999999999997,0.03879987433239082,0.01002578240669832,0.042716615011453976,0.08450704225352113,0.0,0.7142857142857142,0.6666666666666666
2567,0.9285714285714286,0.48684210526315785,0.07468654499757234,0.588566396079032,0.8273817544805282,0.07042253521126761,0.5,0.14285714285714285,0.6666666666666666
3166,0.9,0.07894736842105263,0.01664114043355325,0.04794953285342319,0.27112249023042717,0.9014084507042254,0.0,1.0,0.0
711,0.35714285714285715,0.4671052631578947,0.07195678967592256,0.11189500689232655,0.3146476216143377,0.014084507042253521,1.0,0.42857142857142855,1.0
2570,0.5142857142857143,0.6578947368421053,0.09947270550475075,0.21116365446469598,0.5941247810268158,0.04225352112676056,0.5,0.42857142857142855,0.6666666666666666
10,0.6,0.6118421052631579,0.09271639304736645,0.13162155657177868,0.6492386470826034,0.6056338028169014,0.0,0.8571428571428571,0.6666666666666666
3004,0.42857142857142855,0.19736842105263155,0.033200571584932045,0.09684995149844285,0.20374612585904864,0.014084507042253521,1.0,0.2857142857142857,0.6666666666666666
2116,0.7428571428571429,0.5657894736842105,0.08681734924332686,0.15328315427871256,0.7559628082468669,0.7464788732394366,0.0,0.8571428571428571,0.0
1834,0.14285714285714285,0.5526315789473684,0.0839688115842687,0.03564864450911319,0.1509230561918879,0.15492957746478875,0.0,0.7142857142857142,0.3333333333333333
793,0.39999999999999997,0.44736842105263164,0.0696480223601677,0.06918036015141238,0.34159816736288906,0.4084507042253521,0.0,0.8571428571428571,0.3333333333333333
3450,0.8428571428571429,0.1776315789473684,0.030427269871190696,0.132380533006586,0.3723217895162377,0.8450704225352113,0.0,0.42857142857142855,0.6666666666666666
94,0.6,0.013157894736842118,0.006794818402998486,0.034385051309542045,0.12100795041099581,0.6056338028169014,0.0,0.5714285714285714,0.6666666666666666
129,0.49999999999999994,0.29605263157894735,0.04730861870352916,0.06267094063847013,0.3095270179221129,0.5070422535211268,0.0,0.8571428571428571,0.6666666666666666
2371,0.5428571428571429,0.38815789473684215,0.06111795838468788,0.11720784193597794,0.41247810268157925,0.5492957746478874,0.0,0.5714285714285714,0.3333333333333333
2789,0.6,0.3421052631578947,0.05433662845494597,0.1174375861540818,0.4132866190540358,0.6056338028169014,0.0,0.5714285714285714,0.6666666666666666
3628,0.7142857142857143,0.19736842105263155,0.03402265713071279,0.16251850717312502,0.3424066837353456,0.028169014084507043,1.0,0.2857142857142857,0.0
2263,0.3857142857142857,0.06578947368421054,0.014608859566446749,0.02205544493796906,0.1094192157391187,0.3943661971830986,0.0,0.8571428571428571,0.6666666666666666
1900,0.07142857142857142,0.2236842105263158,0.03691486019478479,0.011678664420278756,0.041099582266540896,0.08450704225352113,0.0,0.5714285714285714,1.0
2730,0.3,0.48026315789473684,0.07398680490103676,0.07738551079797826,0.27233526478911196,0.3098591549295775,0.0,0.5714285714285714,1.0
2980,0.5571428571428572,0.2894736842105263,0.04729029217719132,0.12232922346454281,0.3440237164802587,0.5633802816901409,0.0,0.42857142857142855,0.0
1932,0.14285714285714285,0.5657894736842105,0.08696769771227829,0.07406698320314495,0.15563940169788437,0.15492957746478875,0.0,0.2857142857142857,0.6666666666666666
2673,0.8142857142857143,0.2828947368421052,0.04548409113068348,0.22991014448358607,0.48470556528769704,0.028169014084507043,1.0,0.2857142857142857,0.3333333333333333
1865,0.15714285714285714,0.5789473684210527,0.08788878416588124,0.08159748812988206,0.1715402236895297,0.014084507042253521,0.5,0.2857142857142857,0.6666666666666666
1658,0.21428571428571427,0.368421052631579,0.058671065032987746,0.07732169295961608,0.162511790863765,0.014084507042253521,0.5,0.2857142857142857,0.0
516,0.6571428571428571,0.506578947368421,0.0780476066336455,0.17368662888650635,0.6112383775771459,0.04225352112676056,0.5,0.5714285714285714,0.6666666666666666
1857,0.5428571428571429,0.10526315789473684,0.02005848377196162,0.037098221123339825,0.18353321654763508,0.5492957746478874,0.0,0.8571428571428571,0.6666666666666666
2243,0.32857142857142857,0.4342105263157895,0.06676091737354696,0.06443048961045592,0.2724700175178547,0.3380281690140845,0.0,0.7142857142857142,0.6666666666666666
1277,0.22857142857142856,0.618421052631579,0.09397349891888894,0.0734798590902129,0.2585904864573507,0.0,1.0,0.5714285714285714,0.3333333333333333
3613,0.39999999999999997,0.30263157894736836,0.04813286099645747,0.11988819114718946,0.2523918609351839,0.4084507042253521,0.0,0.2857142857142857,0.0
950,0.14285714285714285,0.6052631578947368,0.09168023305629337,0.04633175065094195,0.16305080177873602,0.0,0.5,0.5714285714285714,0.6666666666666666
1120,0.24285714285714283,0.618421052631579,0.09498376793381505,0.07857252259151477,0.27651259938013745,0.2535211267605634,0.0,0.5714285714285714,0.3333333333333333
2204,0.2857142857142857,0.368421052631579,0.05722364346304025,0.05954204319191301,0.2095404931949872,0.29577464788732394,0.0,0.5714285714285714,0.0
419,1.0,0.5328947368421053,0.08153349882518485,0.2727063868892633,0.9597089341059156,0.028169014084507043,1.0,0.5714285714285714,0.3333333333333333
922,0.14285714285714285,0.29605263157894735,0.04875332019535601,0.027148108439270943,0.09553968467861473,0.15492957746478875,0.0,0.5714285714285714,0.0
2742,0.32857142857142857,0.07236842105263158,0.015472824379516179,0.1392249961709297,0.09648295377981403,0.3380281690140845,0.0,0.0,0.6666666666666666
477,0.35714285714285715,0.21052631578947364,0.03606902051765388,0.06451026190840864,0.1812424201590082,0.36619718309859156,0.0,0.42857142857142855,0.6666666666666666
2035,0.7571428571428571,0.4013157894736842,0.06278144308304534,0.16614336039209682,0.5846920900148228,0.7605633802816901,0.0,0.5714285714285714,0.0
2715,0.35714285714285715,0.5526315789473684,0.0849706372797796,0.07352908999409229,0.36302385123298747,0.014084507042253521,1.0,0.8571428571428571,0.0
1692,0.4857142857142857,0.631578947368421,0.09557021677662583,0.19278411701638842,0.5423797331895971,0.028169014084507043,0.5,0.42857142857142855,0.0
3125,0.028571428571428574,0.618421052631579,0.09770656613257933,0.01072777862868229,0.04568117504379463,0.04225352112676056,0.0,0.7142857142857142,0.6666666666666666
1471,0.14285714285714285,0.07236842105263158,0.015422842944049352,0.015450298667483535,0.04312087319768225,0.0,1.0,0.42857142857142855,0.6666666666666666
1202,0.9714285714285714,0.19078947368421054,0.03300140693084183,0.12896308776229132,0.45384719040560567,0.971830985915493,0.0,0.5714285714285714,0.0
2438,0.5285714285714286,0.07894736842105263,0.016692296244853414,0.0763644253841834,0.16049049993262363,0.04225352112676056,0.5,0.2857142857142857,0.3333333333333333
1669,0.12857142857142856,0.29605263157894735,0.047408105560791704,0.040498800224638795,0.08475946637919417,0.0,0.5,0.2857142857142857,0.0
3466,0.32857142857142857,0.06578947368421054,0.014844486333647502,0.01899218869658447,0.09432691011992991,0.3380281690140845,0.0,0.8571428571428571,0.6666666666666666
1970,0.7428571428571429,0.10526315789473684,0.01970373268365551,0.058495430642773266,0.24740600997170192,0.056338028169014086,0.5,0.7142857142857142,0.3333333333333333
2151,0.7428571428571429,0.21710526315789472,0.036828908292283885,0.10717567774544341,0.37717288775097696,0.028169014084507043,1.0,0.5714285714285714,0.6666666666666666
820,0.2571428571428571,0.6052631578947368,0.09102634059229128,0.06650456935722673,0.2812289448861339,0.26760563380281693,0.0,0.7142857142857142,1.0
1997,0.6428571428571429,0.3355263157894737,0.053333606523788046,0.1548763210292541,0.4356555720253335,0.014084507042253521,1.0,0.42857142857142855,0.3333333333333333
3583,0.6571428571428571,0.26315789473684215,0.04323500511360218,0.07642824322254557,0.3773076404797197,0.014084507042253521,1.0,0.8571428571428571,0.6666666666666666
1248,0.3857142857142857,0.32894736842105265,0.05224182038508146,0.09251033848981467,0.26007276647352107,0.3943661971830986,0.0,0.42857142857142855,0.0
3139,0.7285714285714286,0.3157894736842105,0.049771623287174646,0.3320186858630724,0.4662444414499393,0.028169014084507043,1.0,0.14285714285714285,1.0
3318,0.0,0.1513157894736842,0.031102733270499526,0.0009636493592689028,0.004446840048510982,0.0,0.5,0.7142857142857142,0.6666666666666666
2190,0.2857142857142857,0.6118421052631579,0.0926798617656299,0.08979169857558585,0.3159951489017652,0.0,1.0,0.5714285714285714,0.6666666666666666
3259,0.9857142857142858,0.10526315789473684,0.02041201023293389,0.07910859243375709,0.33445627273952294,0.9859154929577465,0.0,0.7142857142857142,1.0
1046,0.41428571428571426,0.4407894736842105,0.06839459629280552,0.16519885638433654,0.34806629834254144,0.4225352112676056,0.0,0.2857142857142857,0.6666666666666666
1888,0.6428571428571429,0.2763157894736842,0.044338810801950575,0.13386429774850667,0.37649912410726316,0.647887323943662,0.0,0.42857142857142855,1.0
2469,0.6428571428571429,0.381578947368421,0.05937794533459001,0.11248532189717671,0.47540762700444683,0.647887323943662,0.0,0.7142857142857142,1.0
615,0.24285714285714283,0.24999999999999997,0.041103780500575976,0.02782640089272039,0.13785204150384045,0.2535211267605634,0.0,0.8571428571428571,0.6666666666666666
1318,0.3714285714285714,0.3092105263157895,0.050197228331064325,0.06899984683718793,0.24282441719444817,0.38028169014084506,0.0,0.5714285714285714,0.0
3603,0.6714285714285715,0.2302631578947368,0.03785736726358781,0.07057523576132858,0.3484705565287697,0.676056338028169,0.0,0.8571428571428571,0.0
3641,0.028571428571428574,0.15789473684210528,0.027332704995287463,0.0035801807321182415,0.015496563805417057,0.04225352112676056,0.0,0.7142857142857142,0.0
3655,0.8571428571428572,0.3421052631578947,0.05460360624835833,0.27949660489099915,0.5894084355208192,0.07042253521126761,0.5,0.2857142857142857,0.3333333333333333
2136,0.49999999999999994,0.18421052631578946,0.030971829510943558,0.08020945014550468,0.22544131518663252,0.5070422535211268,0.0,0.42857142857142855,0.6666666666666666
3058,0.6571428571428571,0.2763157894736842,0.04481921912286682,0.07858893289280791,0.3879531060503975,0.04225352112676056,0.5,0.8571428571428571,0.3333333333333333
1772,0.5142857142857143,0.04605263157894737,0.012048806582265582,0.046896538520447235,0.13165341598167363,0.5211267605633803,0.0,0.42857142857142855,0.6666666666666666
3685,0.15714285714285714,0.10526315789473684,0.022463085139805217,0.028437228774186963,0.05929120064681309,0.16901408450704225,0.0,0.2857142857142857,0.0
131,0.7428571428571429,0.6381578947368421,0.09697152917326125,0.19713968448460714,0.8329066163589812,0.056338028169014086,0.5,0.7142857142857142,0.6666666666666666
77,0.9,0.5657894736842105,0.08616576343072573,0.2578113034155307,0.9072901226249831,0.028169014084507043,1.0,0.5714285714285714,0.6666666666666666
2052,0.8857142857142858,0.07894736842105263,0.015992699310324193,0.18622683412467453,0.26101603557472036,0.07042253521126761,0.5,0.14285714285714285,0.0
724,0.5285714285714286,0.6118421052631579,0.09291135472989731,0.16327155766579876,0.574585635359116,0.5352112676056339,0.0,0.5714285714285714,0.6666666666666666
1314,0.3857142857142857,0.4078947368421053,0.06287868587585835,0.06127606502855392,0.3026546287562323,0.028169014084507043,0.5,0.8571428571428571,0.0
1851,0.35714285714285715,0.5921052631578947,0.08975567316754875,0.09008526063205187,0.3808112114270314,0.36619718309859156,0.0,0.7142857142857142,0.6666666666666666
3648,0.9714285714285714,0.631578947368421,0.08836345258096681,0.23670674426915814,0.9999999999999999,0.971830985915493,0.0,0.7142857142857142,0.3333333333333333
2857,0.7142857142857143,0.4144736842105263,0.06373935059414906,0.1588681268188084,0.5590890715536989,0.7183098591549296,0.0,0.5714285714285714,0.6666666666666666
3090,0.8,0.5526315789473684,0.08437918547547,0.22541736866288867,0.7932893141086106,0.8028169014084507,0.0,0.5714285714285714,1.0
1372,0.22857142857142856,0.18421052631578946,0.0323224483007152,0.03090059733496707,0.10874545209540491,0.23943661971830987,0.0,0.5714285714285714,0.3333333333333333
1855,0.5857142857142857,0.3092105263157895,0.04966114626812082,0.13352925409710523,0.37555585500606387,0.5915492957746479,0.0,0.42857142857142855,1.0
1319,0.2714285714285714,0.5526315789473684,0.08435438265786993,0.07872568540358402,0.27705161029510844,0.28169014084507044,0.0,0.5714285714285714,0.0
2560,0.42857142857142855,0.4276315789473685,0.06637073971603175,0.12472239240312452,0.3507613529173966,0.4366197183098592,0.0,0.42857142857142855,0.6666666666666666
3590,0.8142857142857143,0.24342105263157895,0.04028405213039098,0.10447618318272324,0.4415846920900148,0.8169014084507042,0.0,0.7142857142857142,1.0
2704,0.19999999999999998,0.19078947368421054,0.032359409362236885,0.02722468984530556,0.09580919013610024,0.0,1.0,0.5714285714285714,1.0
375,0.4714285714285714,0.12499999999999997,0.022537007262848588,0.06115982539439424,0.17180972914701523,0.47887323943661975,0.0,0.42857142857142855,0.6666666666666666
1908,0.6714285714285715,0.4671052631578947,0.07227851083883129,0.20781321795068158,0.5846920900148228,0.676056338028169,0.0,0.42857142857142855,0.6666666666666666
333,0.2857142857142857,0.5921052631578947,0.09061532247206139,0.11017192525654772,0.3097965233795984,0.29577464788732394,0.0,0.42857142857142855,0.6666666666666666
3109,0.7571428571428571,0.10526315789473684,0.020263901979264844,0.12180272629805483,0.25643444279746663,0.056338028169014086,0.5,0.2857142857142857,0.6666666666666666
2864,0.2857142857142857,0.30263157894736836,0.04945918046766304,0.05291775156991882,0.1862282711224902,0.29577464788732394,0.0,0.5714285714285714,0.6666666666666666
2365,0.34285714285714286,0.11842105263157895,0.022130065975494814,0.03534231888497473,0.12437676862956472,0.014084507042253521,1.0,0.5714285714285714,0.3333333333333333
1604,1.0,0.26315789473684215,0.043302226175147014,0.11586766733037218,0.5716210753267753,0.028169014084507043,1.0,0.8571428571428571,1.0
1118,0.15714285714285714,0.3223684210526315,0.05105246622683003,0.05166692193802012,0.10834119390917664,0.16901408450704225,0.0,0.2857142857142857,0.0
3536,0.45714285714285713,0.44736842105263164,0.06906006340502098,0.06838719558891102,0.38620132057674167,0.4647887323943662,0.0,1.0,0.6666666666666666
1943,0.6714285714285715,0.38815789473684215,0.0610076971410619,0.12004773574309492,0.5073440237164802,0.056338028169014086,0.5,0.7142857142857142,0.6666666666666666
2893,0.12857142857142856,0.3486842105263158,0.05438265786993403,0.03378197273701945,0.09473116830615819,0.14084507042253522,0.0,0.42857142857142855,1.0
2376,0.04285714285714286,0.631578947368421,0.09448633364750235,0.021337494256394546,0.059695458833041365,0.056338028169014086,0.0,0.42857142857142855,1.0
3138,0.9,0.1776315789473684,0.03067565975494816,0.09452060039822331,0.3995418407222746,0.07042253521126761,0.5,0.7142857142857142,0.6666666666666666
1342,0.11428571428571427,0.5855263157894737,0.08953817153628651,0.03702710981773625,0.13030588869424606,0.1267605633802817,0.0,0.5714285714285714,0.0
320,0.6285714285714286,0.5789473684210527,0.08836527385066499,0.23155345382141215,0.6515294434712302,0.014084507042253521,1.0,0.42857142857142855,0.6666666666666666
1619,0.5857142857142857,1.0,0.09817781966698083,0.15782789605350486,0.6668912545479045,0.5915492957746479,0.0,0.7142857142857142,1.0
3246,0.8857142857142858,1.0,0.0671723291892943,0.1708786439985705,0.7220051206036922,0.8873239436619719,0.0,0.7142857142857142,0.0
2060,0.9714285714285714,0.09868421052631579,0.01947847942192899,0.09105529177515699,0.3204419889502762,0.971830985915493,0.0,0.5714285714285714,0.3333333333333333
2219,0.1857142857142857,0.5328947368421053,0.08085364211660159,0.06632907030173074,0.186363023851233,0.0,1.0,0.42857142857142855,0.3333333333333333
1673,0.8285714285714286,0.23684210526315788,0.03944152462499401,0.12563179659978557,0.4421237030049858,0.8309859154929577,0.0,0.5714285714285714,0.0
1942,0.6285714285714286,0.5789473684210527,0.08765315739868049,0.18383366518609282,0.6469478506939765,0.6338028169014085,0.0,0.5714285714285714,0.3333333333333333
260,0.07142857142857142,0.4671052631578947,0.07163053722902922,0.051156379231122685,0.07087993531869019,0.0,0.5,0.14285714285714285,1.0
2925,0.7428571428571429,0.02631578947368421,0.008909359273024737,0.03346060433669563,0.1656111036248484,0.7464788732394366,0.0,0.8571428571428571,0.3333333333333333
2039,0.9714285714285714,0.2763157894736842,0.04439344889289568,0.26851993669270435,0.566230966177065,0.028169014084507043,1.0,0.2857142857142857,0.6666666666666666
689,0.4714285714285714,0.21710526315789472,0.037062704440871536,0.08624023587073058,0.2424201590082199,0.47887323943661975,0.0,0.42857142857142855,0.6666666666666666
901,0.7428571428571429,0.3486842105263158,0.054861024665232155,0.24369479756981674,0.5138121546961326,0.7464788732394366,0.0,0.2857142857142857,0.0
2306,0.3714285714285714,0.5460526315789473,0.0829406220546654,0.13127967529483842,0.3692224767551543,0.38028169014084506,0.0,0.42857142857142855,0.0
2026,0.15714285714285714,0.14473684210526314,0.025212064090480678,0.030670853116863225,0.06400754615280958,0.16901408450704225,0.0,0.2857142857142857,0.3333333333333333
138,0.32857142857142857,0.18421052631578946,0.03224159597863651,0.054841859396538524,0.1540223689529713,0.3380281690140845,0.0,0.42857142857142855,0.6666666666666666
1917,0.34285714285714286,0.17105263157894737,0.030311027332704993,0.05469826926022362,0.15361811076674303,0.35211267605633806,0.0,0.42857142857142855,0.0
1828,0.6,0.07236842105263158,0.015518488481686868,0.04962475111043039,0.17463953645061311,0.6056338028169014,0.0,0.5714285714285714,0.3333333333333333
1573,0.7285714285714286,0.30263157894736836,0.048285362140216045,0.32416909174452446,0.45519471769303327,0.028169014084507043,1.0,0.14285714285714285,0.6666666666666666
319,0.3142857142857143,0.42105263157894735,0.0654837519977052,0.1832593046408332,0.2568387009836949,0.323943661971831,0.0,0.14285714285714285,0.3333333333333333
653,0.24285714285714283,0.12499999999999997,0.02330086920096345,0.02170444682697708,0.09203611373130305,0.014084507042253521,0.5,0.7142857142857142,0.6666666666666666
2137,0.8142857142857143,0.09868421052631579,0.019191393935454513,0.06305840608566907,0.2666756501819162,0.056338028169014086,0.5,0.7142857142857142,0.6666666666666666
2885,0.17142857142857143,0.38815789473684215,0.06213296599724498,0.04919398070148568,0.13812154696132597,0.014084507042253521,0.5,0.42857142857142855,1.0
558,0.8142857142857143,0.2763157894736842,0.044557834183756376,0.22627252769694187,0.47702465974935987,0.8169014084507042,0.0,0.2857142857142857,0.6666666666666666
2187,0.3857142857142857,0.3157894736842105,0.05052511108119026,0.059867514167560115,0.25320037730764045,0.028169014084507043,0.5,0.7142857142857142,0.3333333333333333
112,0.6571428571428571,0.506578947368421,0.07744600637696272,0.2158064022055445,0.6071957957148632,0.6619718309859155,0.0,0.42857142857142855,0.0
531,0.09999999999999999,0.625,0.09260131950989632,0.05677234900699443,0.1191214122085972,0.11267605633802817,0.0,0.2857142857142857,0.6666666666666666
224,0.6142857142857143,0.032894736842105254,0.009917744837631737,0.05110851585235105,0.14351165611103625,0.014084507042253521,1.0,0.42857142857142855,1.0
723,0.7714285714285715,0.3223684210526315,0.051837888784165884,0.24165262674222698,0.5095000673763643,0.028169014084507043,1.0,0.2857142857142857,0.6666666666666666
3018,0.8714285714285714,0.06578947368421054,0.014396035389620261,0.049105091569481216,0.24268966446570542,0.07042253521126761,0.5,0.8571428571428571,0.6666666666666666
3203,0.9,0.5855263157894737,0.08877238454288407,0.4413386429774851,0.931141355612451,0.07042253521126761,0.5,0.2857142857142857,0.6666666666666666
1433,0.8142857142857143,0.5855263157894737,0.08909941824563683,0.3007638995251953,0.846381889233257,0.8169014084507042,0.0,0.42857142857142855,0.3333333333333333
2373,0.7857142857142857,0.07894736842105263,0.016796822404739464,0.056325624138459186,0.23824282441719444,0.028169014084507043,1.0,0.7142857142857142,0.3333333333333333
2895,0.2857142857142857,0.4276315789473685,0.0661550199721736,0.08408638382600704,0.23635628621479585,0.29577464788732394,0.0,0.42857142857142855,0.6666666666666666
3056,0.17142857142857143,0.15789473684210528,0.02907271804538534,0.02178741001684791,0.07667430265462874,0.18309859154929578,0.0,0.5714285714285714,1.0
1458,0.9857142857142858,0.05263157894736842,0.012239127507742021,0.12001582682391382,0.25266136639266945,0.9859154929577465,0.0,0.2857142857142857,0.6666666666666666
3368,0.014285714285714285,0.5197368421052632,0.07822808671065033,0.00874942563945474,0.024255491173696266,0.028169014084507043,0.0,0.42857142857142855,0.0
846,0.07142857142857142,0.30263157894736836,0.04571159283694628,0.01382294378924797,0.04864573507613529,0.08450704225352113,0.0,0.5714285714285714,0.3333333333333333
193,0.5428571428571429,0.3486842105263158,0.05519708064477151,0.13491729208148262,0.3794636841396038,0.5492957746478874,0.0,0.42857142857142855,1.0
1464,0.7000000000000001,0.5,0.07751178133836004,0.30655536835656305,0.6465435925077483,0.028169014084507043,1.0,0.2857142857142857,0.3333333333333333
2621,0.45714285714285713,0.0394736842105263,0.010538942678433725,0.03923839791698576,0.11009297938283248,0.014084507042253521,1.0,0.42857142857142855,0.0
946,0.15714285714285714,0.05921052631578946,0.015237197612315425,0.013325164650022975,0.046893949602479446,0.16901408450704225,0.0,0.5714285714285714,0.6666666666666666
2021,0.0,0.02631578947368421,0.014137606032045238,0.0013146474702608873,0.0020212909311413557,0.014084507042253521,0.0,0.2857142857142857,0.6666666666666666
2551,0.17142857142857143,0.1644736842105263,0.028927716957877186,0.015354571909940266,0.07640479719714323,0.18309859154929578,0.0,0.8571428571428571,0.6666666666666666
1629,0.7285714285714286,0.631578947368421,0.09637134778510839,0.2309312298973809,0.8126937070475676,0.7323943661971831,0.0,0.5714285714285714,1.0
117,0.22857142857142856,0.5328947368421053,0.08144369906303708,0.162869505284117,0.22813636976148766,0.23943661971830987,0.0,0.14285714285714285,0.3333333333333333
645,0.41428571428571426,0.39473684210526316,0.061828463713477846,0.11376167866442029,0.3199029780353052,0.4225352112676056,0.0,0.42857142857142855,0.6666666666666666
1870,0.05714285714285714,0.07894736842105263,0.018473138548539117,0.00750497779139225,0.020751920226384585,0.0,0.5,0.42857142857142855,0.6666666666666666
3,0.8,0.38815789473684215,0.06043619888552673,0.14155434727114924,0.5981673628890984,0.8028169014084507,0.0,0.7142857142857142,0.0
74,0.7428571428571429,0.1644736842105263,0.02870200771788807,0.063901713235455,0.315590890715537,0.7464788732394366,0.0,0.8571428571428571,1.0
1755,0.5857142857142857,0.1776315789473684,0.031125173914994836,0.062484045540409455,0.26425010106454655,0.5915492957746479,0.0,0.7142857142857142,0.0
467,0.34285714285714286,0.14473684210526314,0.025900094250706877,0.03255347934854751,0.13785204150384045,0.35211267605633806,0.0,0.7142857142857142,0.6666666666666666
5,0.7428571428571429,0.381578947368421,0.0598580904451123,0.13054577015367336,0.5516776714728473,0.7464788732394366,0.0,0.7142857142857142,0.0
1246,0.7571428571428571,0.618421052631579,0.0940587146996195,0.1955442385255527,0.8261689799218433,0.7605633802816901,0.0,0.7142857142857142,0.6666666666666666
919,0.35714285714285715,0.5460526315789473,0.08304937287029653,0.16890029100934292,0.3558819566096213,0.014084507042253521,1.0,0.2857142857142857,1.0
2595,0.9142857142857143,0.07894736842105263,0.016675125063437976,0.07834277837341094,0.2757040830076809,0.9154929577464789,0.0,0.5714285714285714,1.0
228,0.7000000000000001,0.4276315789473685,0.06646559849198869,0.40400520753561037,0.5675784934644926,0.7042253521126761,0.0,0.14285714285714285,1.0
1063,0.17142857142857143,0.3355263157894737,0.0530703980279852,0.03446163271557666,0.12127745586848132,0.014084507042253521,0.5,0.5714285714285714,1.0
2590,0.5142857142857143,1.0,0.03856637032885855,0.06430285393373156,0.2719310066028837,0.5211267605633803,0.0,0.7142857142857142,0.3333333333333333
242,0.17142857142857143,0.5394736842105263,0.08199811498586239,0.04973962321948232,0.1750437946368414,0.18309859154929578,0.0,0.5714285714285714,0.6666666666666666
3195,0.3714285714285714,0.44736842105263164,0.06848884699968584,0.089064175218257,0.31343484705565283,0.38028169014084506,0.0,0.5714285714285714,0.0
1160,0.6714285714285715,0.30263157894736836,0.048362393967954755,0.09949839179047328,0.4205632664061447,0.028169014084507043,1.0,0.7142857142857142,1.0
3130,0.3142857142857143,0.2828947368421052,0.04687948203089784,0.13979935671618932,0.19566096213448322,0.0,1.0,0.14285714285714285,1.0
2784,0.6285714285714286,0.1644736842105263,0.028463713477851087,0.18986445091131873,0.26613663926694514,0.014084507042253521,1.0,0.14285714285714285,1.0
2563,0.8,0.48026315789473684,0.07424310068290424,0.2019451677132792,0.7106858913893006,0.028169014084507043,1.0,0.5714285714285714,0.0
2671,0.6428571428571429,0.6052631578947368,0.0922632463221735,0.1965461785878389,0.6916857566365718,0.647887323943662,0.0,0.5714285714285714,0.6666666666666666
1526,0.028571428571428574,0.19078947368421054,0.03612943763744895,0.005475570531474958,0.019269640210214257,0.0,1.0,0.5714285714285714,0.6666666666666666
1605,0.3142857142857143,0.2763157894736842,0.04466663934762119,0.06704702098330526,0.18838431478237433,0.014084507042253521,0.5,0.42857142857142855,0.3333333333333333
3563,0.0,0.30263157894736836,0.05089538171536287,0.0020676979629345995,0.007276647352108881,0.014084507042253521,0.0,0.5714285714285714,0.6666666666666666
3720,0.3714285714285714,0.4144736842105263,0.06384612699410061,0.10509840710675449,0.29551273413286616,0.38028169014084506,0.0,0.42857142857142855,0.0
2709,0.7000000000000001,0.05921052631578946,0.01364750235626767,0.06762138152856487,0.19000134752728742,0.7042253521126761,0.0,0.42857142857142855,0.0
2892,0.42857142857142855,0.506578947368421,0.07734638654951202,0.11349364374329914,0.39940708799353186,0.4366197183098592,0.0,0.5714285714285714,0.6666666666666666
3169,0.6857142857142857,0.10526315789473684,0.020408163265306124,0.04724525742292629,0.23352647891119793,0.056338028169014086,0.5,0.8571428571428571,0.0
1989,0.9714285714285714,0.07236842105263158,0.015517217828409074,0.13360902639505795,0.2813636976148767,0.971830985915493,0.0,0.2857142857142857,0.3333333333333333
2922,0.7000000000000001,0.032894736842105254,0.01012252591894439,0.07840659621177311,0.16480258725239186,0.7042253521126761,0.0,0.2857142857142857,0.0
2362,0.14285714285714285,0.5394736842105263,0.0822551623682632,0.0705570020932251,0.14822800161703273,0.15492957746478875,0.0,0.2857142857142857,0.6666666666666666
1975,0.2857142857142857,0.02631578947368421,0.009200664243077063,0.015386480829121356,0.06535507344023715,0.29577464788732394,0.0,0.7142857142857142,0.6666666666666666
1761,0.1857142857142857,0.6118421052631579,0.09283694627709707,0.09997702557818962,0.21034900956744373,0.1971830985915493,0.0,0.2857142857142857,0.0
1305,0.8,0.6513157894736842,0.09874828447178265,0.43151069586970947,0.9103894353860665,0.8028169014084507,0.0,0.2857142857142857,0.3333333333333333
1541,0.3857142857142857,0.493421052631579,0.07550154840447018,0.07153250333676127,0.35318690203476616,0.3943661971830986,0.0,0.8571428571428571,0.0
3291,0.8285714285714286,0.02631578947368421,0.00920142494289046,0.08893653954153265,0.18703678749494676,0.028169014084507043,1.0,0.2857142857142857,0.3333333333333333
2472,0.09999999999999999,0.2302631578947368,0.03946748350612629,0.011689604621140843,0.058347931545613796,0.0,1.0,0.8571428571428571,1.0
2642,0.6714285714285715,0.5657894736842105,0.08539506754633994,0.23978595497013325,0.6747069128149844,0.676056338028169,0.0,0.42857142857142855,0.3333333333333333
622,0.7285714285714286,0.368421052631579,0.05852606394547959,0.10768986718596155,0.5313300094326909,0.056338028169014086,0.5,0.8571428571428571,0.0
2876,0.12857142857142856,0.256578947368421,0.04203581526861452,0.027511870117935367,0.07707856084085701,0.0,0.5,0.42857142857142855,0.6666666666666666
1493,0.4857142857142857,0.5986842105263158,0.09093846775279385,0.18455161586766733,0.5192022638458429,0.49295774647887325,0.0,0.42857142857142855,0.6666666666666666
110,0.39999999999999997,0.625,0.09600572004290031,0.12812069229591055,0.45088263037326504,0.4084507042253521,0.0,0.5714285714285714,0.6666666666666666
2275,0.8142857142857143,0.11842105263157895,0.022555169163768728,0.05963503489924075,0.29456946503166687,0.8169014084507042,0.0,0.8571428571428571,1.0
2821,0.11428571428571427,0.2236842105263158,0.03801445177505498,0.022869122377086843,0.06400754615280958,0.1267605633802817,0.0,0.42857142857142855,0.3333333333333333
1169,0.9,0.44736842105263164,0.0694068096135721,0.26792962168785417,0.7539415173157256,0.9014084507042254,0.0,0.42857142857142855,0.3333333333333333
3179,0.7000000000000001,0.5986842105263158,0.09106503298774742,0.21124980854648492,0.7434308044737905,0.7042253521126761,0.0,0.5714285714285714,0.0
232,0.5714285714285715,0.368421052631579,0.057446955242408226,0.11713126052994334,0.41220859722409375,0.014084507042253521,1.0,0.5714285714285714,1.0
66,0.4857142857142857,0.10526315789473684,0.020088864952201427,0.04679123908714964,0.1646678345236491,0.028169014084507043,0.5,0.5714285714285714,0.0
3375,0.5428571428571429,0.493421052631579,0.07617390463761811,0.11746311328942667,0.4964290526883169,0.04225352112676056,0.5,0.7142857142857142,0.6666666666666666
2072,0.3142857142857143,0.26973684210526316,0.04368315371060935,0.05261142594578037,0.18515024929254817,0.323943661971831,0.0,0.5714285714285714,0.6666666666666666
2192,0.6,0.368421052631579,0.057295662275606604,0.20470209833052536,0.431478237434308,0.04225352112676056,0.5,0.2857142857142857,0.6666666666666666
536,0.44285714285714284,0.506578947368421,0.07796300659754948,0.08411373432816227,0.41517315725643444,0.4507042253521127,0.0,0.8571428571428571,0.3333333333333333
125,0.41428571428571426,0.38815789473684215,0.06098020735155514,0.08986827998162046,0.3162646543592508,0.4225352112676056,0.0,0.5714285714285714,0.3333333333333333
2133,0.39999999999999997,0.07236842105263158,0.015405115538366536,0.023532372054350915,0.11669586309122758,0.014084507042253521,1.0,0.8571428571428571,0.6666666666666666
1254,0.8,0.6578947368421053,0.0997734675992526,0.26106601317200184,0.9187441045681174,0.056338028169014086,0.5,0.5714285714285714,1.0
3088,0.7285714285714286,0.08552631578947367,0.017345755093163197,0.0532304589778935,0.225171809729147,0.028169014084507043,1.0,0.7142857142857142,0.6666666666666666
1976,0.9142857142857143,0.11184210526315788,0.020967157253679404,0.08967682646653392,0.315590890715537,0.9154929577464789,0.0,0.5714285714285714,1.0
3546,0.6857142857142857,0.17105263157894737,0.029275423647310006,0.10514627048552612,0.2956474868616089,0.028169014084507043,1.0,0.42857142857142855,0.6666666666666666
2890,0.8571428571428572,0.39473684210526316,0.06144837069884582,0.3077679072854444,0.6491038943538606,0.8591549295774648,0.0,0.2857142857142857,0.0
2075,0.1857142857142857,0.506578947368421,0.07849737444459405,0.05161586766733037,0.18164667834523648,0.0,1.0,0.5714285714285714,0.0
484,0.2857142857142857,0.21710526315789472,0.03653336923836452,0.03481901261040486,0.1474194852445762,0.29577464788732394,0.0,0.7142857142857142,0.6666666666666666
1654,0.32857142857142857,0.09868421052631579,0.019439208294062205,0.03923839791698576,0.11009297938283248,0.3380281690140845,0.0,0.42857142857142855,0.6666666666666666
3337,0.7285714285714286,0.10526315789473684,0.019955774668310007,0.08700604993107673,0.244576202668104,0.7323943661971831,0.0,0.42857142857142855,0.3333333333333333
2822,0.8428571428571429,0.17105263157894737,0.02972038956958844,0.1040741308010415,0.3662579167228136,0.07042253521126761,0.5,0.5714285714285714,1.0
2991,0.6285714285714286,0.07894736842105263,0.016211121583411873,0.053224077194057286,0.18730629295243229,0.6338028169014085,0.0,0.5714285714285714,0.0
1774,0.6142857142857143,0.4013157894736842,0.06269814069060063,0.33862383213355796,0.4755423797331896,0.04225352112676056,0.5,0.14285714285714285,0.0
2410,0.1857142857142857,0.4407894736842105,0.06860105022216238,0.057617935365293305,0.1618380272200512,0.1971830985915493,0.0,0.42857142857142855,0.3333333333333333
918,0.22857142857142856,0.07894736842105263,0.016854244053889227,0.05134783274620922,0.0711494407761757,0.014084507042253521,0.5,0.14285714285714285,0.0
1646,0.0,0.4342105263157895,0.0640904806786051,0.0020804615306070353,0.009163185554507479,0.0,1.0,0.7142857142857142,1.0
1026,0.6571428571428571,0.04605263157894737,0.012413018629554615,0.06058546484913463,0.17019269640210213,0.04225352112676056,0.5,0.42857142857142855,0.6666666666666666
1030,0.5857142857142857,0.26315789473684215,0.0428167496970513,0.06773078353718574,0.33445627273952294,0.04225352112676056,0.5,0.8571428571428571,0.0
882,0.7714285714285715,0.09868421052631579,0.01909005226630109,0.08963853576351662,0.25198760274895565,0.7746478873239436,0.0,0.42857142857142855,0.3333333333333333
1335,0.7571428571428571,0.032894736842105254,0.009459978357245089,0.04088170725481187,0.17302250370570002,0.7605633802816901,0.0,0.7142857142857142,0.6666666666666666
2746,0.5285714285714286,0.506578947368421,0.07815367825785009,0.08760434216572216,0.49440776175717555,0.04225352112676056,0.5,1.0,1.0
2768,0.5857142857142857,0.3223684210526315,0.05118711009380189,0.10931995711441261,0.3847190405605713,0.014084507042253521,1.0,0.5714285714285714,0.0
2713,0.014285714285714285,0.17105263157894737,0.028275212064090477,0.00367590748966151,0.00997170192696402,0.0,1.0,0.42857142857142855,0.6666666666666666
364,0.2571428571428571,0.26315789473684215,0.04266084627213652,0.03539337315566447,0.14984503436194582,0.26760563380281693,0.0,0.7142857142857142,0.6666666666666666
2125,0.6571428571428571,0.10526315789473684,0.13590149798463916,0.23670674426915814,0.9999999999999999,0.6619718309859155,0.0,0.7142857142857142,0.0
27,0.9,0.6447368421052632,0.09629771442035814,0.4739495583805586,0.9999999999999999,0.9014084507042254,0.0,0.2857142857142857,0.3333333333333333
473,0.34285714285714286,0.4276315789473685,0.06639019792648444,0.13418338694031756,0.2825764721735615,0.014084507042253521,1.0,0.2857142857142857,0.6666666666666666
525,0.7000000000000001,0.5394736842105263,0.08207351555136663,0.1929851432072293,0.6791537528634954,0.028169014084507043,1.0,0.5714285714285714,0.6666666666666666
725,0.39999999999999997,0.48684210526315785,0.075075563066723,0.08612855465359678,0.3641018730629295,0.014084507042253521,1.0,0.7142857142857142,0.3333333333333333
55,0.7571428571428571,0.6513157894736842,0.09894578838970922,0.24548169704395773,0.8638997439698153,0.028169014084507043,1.0,0.5714285714285714,0.3333333333333333
638,0.6571428571428571,0.5394736842105263,0.08251950187498747,0.1822254556593659,0.6412882360867808,0.6619718309859155,0.0,0.5714285714285714,0.0
302,0.4857142857142857,0.15789473684210528,0.026767200754005654,0.04681676622249451,0.19808651125185284,0.028169014084507043,0.5,0.7142857142857142,0.0
2766,0.44285714285714284,0.375,0.05852379830348728,0.11601125746668708,0.3262363562862148,0.014084507042253521,1.0,0.42857142857142855,0.6666666666666666
3253,0.45714285714285713,0.2828947368421052,0.04586867734841344,0.19742686475723695,0.27678210483762294,0.4647887323943662,0.0,0.14285714285714285,0.0
1276,0.2714285714285714,0.35526315789473684,0.05664467483506126,0.05621075202940726,0.19781700579436734,0.28169014084507044,0.0,0.5714285714285714,0.6666666666666666
3285,0.07142857142857142,0.5723684210526315,0.08561105874960728,0.029569995405115637,0.08287292817679556,0.0,1.0,0.42857142857142855,0.6666666666666666
624,0.2857142857142857,0.39473684210526316,0.06085902787128046,0.15741308010415073,0.22045546422315052,0.29577464788732394,0.0,0.14285714285714285,0.3333333333333333
2055,0.32857142857142857,0.13157894736842105,0.024348099277411252,0.02996885689487926,0.12693707047567712,0.014084507042253521,1.0,0.7142857142857142,0.6666666666666666
1280,0.014285714285714285,0.20394736842105263,0.031102733270499526,0.003963087762291316,0.010780218299420562,0.028169014084507043,0.0,0.42857142857142855,0.6666666666666666
1049,0.39999999999999997,0.4605263157894737,0.07156553674152556,0.09932608362689539,0.3495485783587117,0.4084507042253521,0.0,0.5714285714285714,0.3333333333333333
336,0.6857142857142857,0.5328947368421053,0.08145953951797495,0.47053530402818194,0.6612316399407088,0.056338028169014086,0.5,0.14285714285714285,0.0
47,0.7428571428571429,0.20394736842105263,0.03403695339035798,0.08421401950273141,0.3560167093383641,0.7464788732394366,0.0,0.7142857142857142,1.0
106,0.3714285714285714,1.0,0.05986665270359898,0.06624929800377802,0.2801509230561919,0.028169014084507043,0.5,0.7142857142857142,1.0
2397,0.22857142857142856,0.3157894736842105,0.05056273216166768,0.036159187216010615,0.15307909985177198,0.23943661971830987,0.0,0.7142857142857142,0.6666666666666666
1079,0.35714285714285715,0.39473684210526316,0.062459218444138334,0.07937662735487823,0.27934240668373533,0.014084507042253521,1.0,0.5714285714285714,0.6666666666666666
2286,0.8857142857142858,0.13815789473684212,0.025357928279700195,0.12280785725225915,0.3453712437676863,0.8873239436619719,0.0,0.42857142857142855,0.6666666666666666
2261,0.34285714285714286,0.2236842105263158,0.03732327992459943,0.06360085771174759,0.17868211831289582,0.028169014084507043,0.5,0.42857142857142855,0.3333333333333333
1144,0.5857142857142857,0.5526315789473684,0.08392801041245905,0.16518609281666413,0.5813232717962539,0.014084507042253521,1.0,0.5714285714285714,0.6666666666666666
2969,0.21428571428571427,0.625,0.09348491988689915,0.08614450911318731,0.2421506535507344,0.014084507042253521,0.5,0.42857142857142855,0.3333333333333333
2296,0.014285714285714285,0.3092105263157895,0.054194156456173426,0.003375051965954094,0.01738310200781566,0.0,1.0,0.8571428571428571,1.0
1836,0.7285714285714286,0.21710526315789472,0.0360871456535924,0.06453419359779446,0.36450613124915776,0.028169014084507043,1.0,1.0,0.0
1753,0.19999999999999998,0.618421052631579,0.09368520263901979,0.08087953744830756,0.2273278533890311,0.2112676056338028,0.0,0.42857142857142855,0.6666666666666666
1101,0.8142857142857143,0.4144736842105263,0.06483798628489713,0.18333588604686782,0.6451960652203207,0.8169014084507042,0.0,0.5714285714285714,0.6666666666666666
1968,0.6714285714285715,0.4736842105263158,0.07329956016336789,0.21030211364680657,0.5916992319094462,0.676056338028169,0.0,0.42857142857142855,1.0
2828,0.5714285714285715,0.18421052631578946,0.030918829452196497,0.0729437892479706,0.25670394825495213,0.5774647887323944,0.0,0.5714285714285714,1.0
3422,0.8,0.368421052631579,0.058303156571919895,0.16503293000459487,0.5807842608812828,0.8028169014084507,0.0,0.5714285714285714,0.6666666666666666
523,0.32857142857142857,0.375,0.05926013195098963,0.07011027722468985,0.24673224632798813,0.3380281690140845,0.0,0.5714285714285714,0.6666666666666666
2280,0.6285714285714286,0.05921052631578946,0.013341711173944913,0.08032113136263848,0.16884516911467456,0.6338028169014085,0.0,0.2857142857142857,1.0
2692,0.7714285714285715,0.14473684210526314,0.026030331591123293,0.07250344616327156,0.30656245788977227,0.028169014084507043,1.0,0.7142857142857142,0.6666666666666666
1428,0.6,0.368421052631579,0.058303925651535415,0.12436820340021443,0.43767686295647484,0.014084507042253521,1.0,0.5714285714285714,0.0
2581,1.0,0.09868421052631579,0.019102361577570982,0.06600770190140691,0.3259668508287293,0.028169014084507043,1.0,0.8571428571428571,0.0
3252,0.8142857142857143,0.10526315789473684,0.020215151613637107,0.0650686679940777,0.27516507209270985,0.056338028169014086,0.5,0.7142857142857142,1.0
603,0.6,0.05263157894736842,0.013238936501326085,0.07642824322254557,0.16062525266136637,0.6056338028169014,0.0,0.2857142857142857,1.0
1489,0.6714285714285715,0.13815789473684212,0.024878259503612943,0.06133532444989024,0.25939900282980727,0.676056338028169,0.0,0.7142857142857142,0.6666666666666666
2921,0.6714285714285715,0.6447368421052632,0.09729421928997802,0.15336520578517823,0.7563670664330953,0.676056338028169,0.0,0.8571428571428571,0.0
3035,0.7285714285714286,0.30263157894736836,0.048067860508953814,0.1288865063562567,0.4535776849481202,0.7323943661971831,0.0,0.5714285714285714,0.6666666666666666
60,0.35714285714285715,0.032894736842105254,0.010041325309939824,0.024008270791851735,0.08448996092170866,0.36619718309859156,0.0,0.5714285714285714,0.6666666666666666
3522,0.6,0.6578947368421053,0.09916051114569405,0.19574207382447542,0.6888559493329739,0.014084507042253521,1.0,0.5714285714285714,0.6666666666666666
671,0.0,0.21052631578947364,0.028275212064090477,0.001148721090519222,0.0040425818622827105,0.014084507042253521,0.0,0.5714285714285714,0.6666666666666666
92,0.22857142857142856,0.39473684210526316,0.062316349725564116,0.05161586766733037,0.18164667834523648,0.23943661971830987,0.0,0.5714285714285714,0.3333333333333333
666,0.7285714285714286,0.5855263157894737,0.08971942289567171,0.27123219482309696,0.7632394555989759,0.7323943661971831,0.0,0.42857142857142855,0.0
1887,0.07142857142857142,0.6381578947368421,0.09503612943763744,0.02144917547352836,0.09095809190136099,0.08450704225352113,0.0,0.7142857142857142,0.0
280,0.9142857142857143,0.6513157894736842,0.09461320959907199,0.35532815132485834,0.9999999999999999,0.07042253521126761,0.5,0.42857142857142855,0.0
1719,0.22857142857142856,0.07236842105263158,0.015579087431391029,0.02430502374023587,0.06805012801509229,0.0,1.0,0.42857142857142855,1.0
359,0.0,0.13815789473684212,0.02073515551366635,0.0011870117935365294,0.0029645600323406547,0.014084507042253521,0.0,0.42857142857142855,0.0
899,0.07142857142857142,0.1513157894736842,0.02497643732327992,0.011094731199264818,0.03085837488209136,0.0,0.5,0.42857142857142855,0.6666666666666666
1935,0.0,0.23684210526315788,0.03204524033930255,0.0013018839025884515,0.0045815927772537395,0.014084507042253521,0.0,0.5714285714285714,1.0
1994,0.42857142857142855,0.07894736842105263,0.01681310996929251,0.0372568540358401,0.1311144050667026,0.4366197183098592,0.0,0.5714285714285714,0.6666666666666666
3280,0.7285714285714286,0.08552631578947367,0.016965127238454288,0.0631796599785572,0.2223420024255491,0.7323943661971831,0.0,0.5714285714285714,0.3333333333333333
760,0.3714285714285714,0.5263157894736842,0.08032254686354592,0.1020447235411242,0.3591160220994475,0.028169014084507043,0.5,0.5714285714285714,1.0
2158,0.19999999999999998,0.48684210526315785,0.07590323594093622,0.05376014703629959,0.18919283115483088,0.2112676056338028,0.0,0.5714285714285714,1.0
3269,0.8142857142857143,0.2828947368421052,0.04636159771198284,0.11641011895645072,0.4919822126398059,0.056338028169014086,0.5,0.7142857142857142,0.6666666666666666
42,0.15714285714285714,0.1644736842105263,0.029217719132893498,0.02014090978710369,0.07087993531869019,0.16901408450704225,0.0,0.5714285714285714,1.0
2173,0.09999999999999999,0.013157894736842118,0.006479736098020734,0.005858477561648032,0.020617167497641826,0.0,0.5,0.5714285714285714,0.6666666666666666
204,0.2571428571428571,0.04605263157894737,0.012054169353638573,0.01895389799356716,0.06670260072766472,0.26760563380281693,0.0,0.5714285714285714,0.6666666666666666
1473,0.3142857142857143,0.6447368421052632,0.09642257099536941,0.10189156072905499,0.3585770111844765,0.014084507042253521,0.5,0.5714285714285714,0.6666666666666666
2100,0.21428571428571427,0.26973684210526316,0.04341423185673893,0.06079287282381171,0.12761083411939092,0.22535211267605634,0.0,0.2857142857142857,0.0
2593,1.0,0.5328947368421053,0.08191846650117482,0.22809133609026397,0.9636167632394556,1.0,0.0,0.7142857142857142,0.6666666666666666
68,0.22857142857142856,0.42105263157894735,0.06586461163164606,0.09046816766222494,0.19027085298477292,0.23943661971830987,0.0,0.2857142857142857,0.3333333333333333
1875,0.3142857142857143,0.625,0.09515223538089579,0.08383111247255834,0.354399676593451,0.014084507042253521,0.5,0.7142857142857142,1.0
3384,0.8285714285714286,0.11184210526315788,0.02076710490582917,0.05761109773975451,0.28459776310470286,0.056338028169014086,0.5,0.8571428571428571,1.0
2231,0.9142857142857143,0.05263157894736842,0.01294859711447836,0.06850206769796294,0.24107263172079232,0.9154929577464789,0.0,0.5714285714285714,0.3333333333333333
137,0.6142857142857143,0.4671052631578947,0.07173764030502955,0.15128656762138154,0.532408031262633,0.619718309859155,0.0,0.5714285714285714,0.6666666666666666
796,0.24285714285714283,0.05921052631578946,0.01361399099382134,0.02396998008883443,0.067106858913893,0.2535211267605634,0.0,0.42857142857142855,0.6666666666666666
2180,0.11428571428571427,0.20394736842105263,0.03497748455335637,0.02148108439270945,0.06009971701926964,0.1267605633802817,0.0,0.42857142857142855,0.0
2128,0.7571428571428571,0.48684210526315785,0.07459768911229797,0.3204676571195181,0.6759196873736693,0.028169014084507043,1.0,0.2857142857142857,0.0
758,0.19999999999999998,0.19078947368421054,0.03103989946591266,0.04439168836473171,0.09297938283250234,0.0,1.0,0.2857142857142857,1.0
541,1.0,0.5,0.07692716146075321,0.2160935824781743,0.9129497372321789,1.0,0.0,0.7142857142857142,0.0
1019,0.7285714285714286,0.618421052631579,0.09426883201624012,0.18865191198243733,0.7970623905134079,0.7323943661971831,0.0,0.7142857142857142,0.6666666666666666
2847,0.1857142857142857,0.2302631578947368,0.038036892419550286,0.01767594578036453,0.1006602883708395,0.1971830985915493,0.0,1.0,0.6666666666666666
165,0.8285714285714286,0.05921052631578946,0.013770188022172877,0.04563157779576833,0.22557606791537527,0.028169014084507043,1.0,0.8571428571428571,0.0
248,0.8857142857142858,0.4342105263157895,0.06771090465718174,0.34459080002042175,0.7268562188384314,0.8873239436619719,0.0,0.2857142857142857,0.0
1331,0.24285714285714283,0.032894736842105254,0.00932034768038538,0.040626435901363146,0.056057135156986924,0.014084507042253521,0.5,0.14285714285714285,0.3333333333333333
2017,0.35714285714285715,0.09868421052631579,0.01932139491046183,0.03381069076428243,0.11898665947985446,0.014084507042253521,1.0,0.5714285714285714,0.0
446,0.9571428571428572,0.013157894736842118,0.007110384210234515,0.06958378005820187,0.19552620940574045,0.9577464788732395,0.0,0.42857142857142855,0.6666666666666666
2482,0.6142857142857143,0.08552631578947367,0.017157912775254903,0.053721856333282275,0.18905807842608813,0.014084507042253521,1.0,0.5714285714285714,0.6666666666666666
1358,0.2714285714285714,0.3092105263157895,0.04886899151743637,0.04148797671925256,0.1755828055518124,0.28169014084507044,0.0,0.7142857142857142,1.0
2845,0.8714285714285714,0.5460526315789473,0.08336627040831839,0.30349211211517846,0.8540627947715941,0.8732394366197184,0.0,0.42857142857142855,0.6666666666666666
2145,0.35714285714285715,0.10526315789473684,0.019865148988617416,0.04311533159748813,0.12100795041099581,0.36619718309859156,0.0,0.42857142857142855,1.0
1329,0.44285714285714284,0.09210526315789472,0.01823162111215834,0.040320110277224694,0.14189462336612316,0.4507042253521127,0.0,0.5714285714285714,1.0
2785,0.9571428571428572,0.6052631578947368,0.08985696069191107,0.17739604074130802,0.9999999999999999,0.07042253521126761,0.5,1.0,0.3333333333333333
3634,0.9857142857142858,0.17105263157894737,0.029608186347111883,0.15162161127278298,0.426492386470826,0.9859154929577465,0.0,0.42857142857142855,0.6666666666666666
2150,0.41428571428571426,0.36184210526315785,0.056801759346528424,0.08477561648031859,0.29834254143646405,0.4225352112676056,0.0,0.5714285714285714,0.3333333333333333
434,0.014285714285714285,0.4605263157894737,0.07163053722902922,0.005207535610353806,0.02236895297129767,0.028169014084507043,0.0,0.7142857142857142,0.6666666666666666
2122,0.0,0.6447368421052632,0.09802073515551367,0.0026912894120736056,0.014014283789246733,0.0,1.0,0.8571428571428571,0.0
577,0.4714285714285714,0.5526315789473684,0.08468703221156512,0.096038553267838,0.4739253469882765,0.47887323943661975,0.0,0.8571428571428571,0.3333333333333333
2974,0.44285714285714284,0.29605263157894735,0.04733152686145146,0.0781513248583244,0.2750303193639671,0.014084507042253521,1.0,0.5714285714285714,0.3333333333333333
3582,0.9428571428571428,0.11184210526315788,0.02065075189556459,0.07623678970745904,0.32232852715267485,0.943661971830986,0.0,0.7142857142857142,1.0
3421,0.41428571428571426,0.2236842105263158,0.0371976123154257,0.050645836524225246,0.2142568387009837,0.014084507042253521,1.0,0.7142857142857142,0.0
2448,0.15714285714285714,0.13157894736842105,0.025369148601947847,0.030798488793587583,0.0642770516102951,0.16901408450704225,0.0,0.2857142857142857,1.0
1848,0.05714285714285714,0.5657894736842105,0.08803016022620169,0.02002603767805177,0.07047567713246192,0.07042253521126761,0.0,0.5714285714285714,0.6666666666666666
762,0.9,0.29605263157894735,0.04706644674835061,0.19532087609128504,0.5495216278129632,0.9014084507042254,0.0,0.42857142857142855,0.6666666666666666
388,0.04285714285714286,0.618421052631579,0.09590009425070688,0.029011589319446574,0.060503975205497905,0.056338028169014086,0.0,0.2857142857142857,0.3333333333333333
235,0.6,0.3223684210526315,0.051421432172369205,0.14056517077653546,0.3953645061312491,0.6056338028169014,0.0,0.42857142857142855,1.0
3250,0.32857142857142857,0.5328947368421053,0.08219447062519634,0.15447745953949046,0.32542783991375823,0.3380281690140845,0.0,0.2857142857142857,0.6666666666666666
1984,0.5571428571428572,0.05921052631578946,0.013336475023562673,0.05335809465461786,0.14984503436194582,0.5633802816901409,0.0,0.42857142857142855,0.6666666666666666
267,0.2714285714285714,0.019736842105263164,0.008576814326107445,0.021576811150252718,0.06036922247675515,0.014084507042253521,0.5,0.42857142857142855,0.6666666666666666
770,0.8428571428571429,0.5131578947368421,0.07849513038014451,0.222966763669781,0.7846651394690742,0.07042253521126761,0.5,0.5714285714285714,0.6666666666666666
2165,0.19999999999999998,0.44736842105263164,0.06767200754005655,0.08159748812988206,0.1715402236895297,0.2112676056338028,0.0,0.2857142857142857,0.0
437,0.9857142857142858,0.11184210526315788,0.021058300794398813,0.08064022055444939,0.3409244037191753,0.9859154929577465,0.0,0.7142857142857142,0.6666666666666666
673,0.7428571428571429,0.506578947368421,0.07845926768979068,0.19681421350896003,0.6926290257377712,0.056338028169014086,0.5,0.5714285714285714,0.6666666666666666
249,0.8,0.09868421052631579,0.019792648444863337,0.09495137080716802,0.2669451556394017,0.8028169014084507,0.0,0.42857142857142855,0.3333333333333333
2201,0.04285714285714286,0.17105263157894737,0.025447690857681435,0.007313524276305713,0.020212909311413556,0.056338028169014086,0.0,0.42857142857142855,1.0
1574,0.6571428571428571,0.4736842105263158,0.07245272424649568,0.2720299178026242,0.5736423662579166,0.04225352112676056,0.5,0.2857142857142857,0.6666666666666666
2142,0.44285714285714284,0.4342105263157895,0.06703581526861452,0.17330372185633328,0.36517989489287156,0.028169014084507043,0.5,0.2857142857142857,1.0
2081,0.3142857142857143,0.26315789473684215,0.04331434659672991,0.04346632970848012,0.18393747473386335,0.014084507042253521,0.5,0.7142857142857142,0.6666666666666666
3264,0.11428571428571427,0.19736842105263155,0.03288302440046078,0.016311839485372952,0.05740466244441449,0.1267605633802817,0.0,0.5714285714285714,0.3333333333333333
3201,0.9571428571428572,0.07236842105263158,0.015620668625602928,0.07907030173073978,0.2782643848537933,0.9577464788732395,0.0,0.5714285714285714,0.6666666666666666
3535,0.42857142857142855,0.11842105263157895,0.021920890213128208,0.03631873181191607,0.15375286349548578,0.028169014084507043,0.5,0.7142857142857142,0.0
448,0.7714285714285715,0.21710526315789472,0.03646645531659669,0.09193597794455506,0.38862686969411125,0.7746478873239436,0.0,0.7142857142857142,0.0
1469,0.22857142857142856,0.618421052631579,0.09491600598769197,0.09279751876244448,0.2608812828459776,0.0,1.0,0.42857142857142855,1.0
716,0.49999999999999994,0.09868421052631579,0.01955702167766258,0.05934101700107214,0.16668912545479045,0.5070422535211268,0.0,0.42857142857142855,0.3333333333333333
2984,0.7714285714285715,0.02631578947368421,0.009596435609630711,0.06312222392403125,0.17733459102546825,0.7746478873239436,0.0,0.42857142857142855,0.3333333333333333
3260,0.41428571428571426,0.4736842105263158,0.07313854853911403,0.08714964006739163,0.36841396038269775,0.4225352112676056,0.0,0.7142857142857142,0.0
2048,0.7000000000000001,0.0394736842105263,0.010556079170593778,0.03966916832593047,0.16790190001347527,0.7042253521126761,0.0,0.7142857142857142,1.0
1901,0.35714285714285715,0.1513157894736842,0.02704270282027115,0.041966610506968906,0.1476889907020617,0.014084507042253521,1.0,0.5714285714285714,0.6666666666666666
3106,0.9142857142857143,0.2236842105263158,0.03765678242586819,0.13374942563945474,0.4706912814984503,0.9154929577464789,0.0,0.5714285714285714,0.6666666666666666
1168,0.9571428571428572,0.2302631578947368,0.03819925708266341,0.14144585694593353,0.4977765799757445,0.9577464788732395,0.0,0.5714285714285714,0.6666666666666666
82,0.8,0.6578947368421053,0.09979000281098599,0.21749757492214222,0.9188788572968601,0.8028169014084507,0.0,0.7142857142857142,0.3333333333333333
3012,0.09999999999999999,0.04605263157894737,0.010721017907634307,0.012418951345280033,0.02546826573238108,0.0,1.0,0.2857142857142857,0.3333333333333333
2724,0.014285714285714285,0.07894736842105263,0.017436380772855795,0.0025750497779139228,0.006872389165880609,0.028169014084507043,0.0,0.42857142857142855,1.0
1460,0.8857142857142858,0.3157894736842105,0.05053633140343791,0.2033619237249196,0.5721600862417463,0.028169014084507043,1.0,0.42857142857142855,1.0
2818,0.12857142857142856,0.3157894736842105,0.05155513666352497,0.02138535763516618,0.09068858644387548,0.14084507042253522,0.0,0.7142857142857142,0.0
1893,0.5714285714285715,0.05921052631578946,0.013585894577136156,0.0552247664267116,0.15510039078291335,0.014084507042253521,1.0,0.42857142857142855,0.3333333333333333
1668,0.17142857142857143,0.4276315789473685,0.06430798230986731,0.05062988206463471,0.14216412882360868,0.18309859154929578,0.0,0.42857142857142855,1.0
2756,0.5857142857142857,0.019736842105263164,0.008190835240788116,0.02987313013733599,0.12653281228944885,0.5915492957746479,0.0,0.7142857142857142,1.0
2000,0.42857142857142855,0.0394736842105263,0.011553312456295033,0.03063256241384592,0.10780218299420562,0.014084507042253521,1.0,0.5714285714285714,0.6666666666666666
475,0.6428571428571429,0.0394736842105263,0.011084702700487642,0.22633634553530405,0.1577954453577685,0.04225352112676056,0.5,0.0,0.0
517,0.8714285714285714,0.6052631578947368,0.09212246511203671,0.4415939143309338,0.9316803665274221,0.8732394366197184,0.0,0.2857142857142857,0.6666666666666666
3232,0.8142857142857143,0.4407894736842105,0.06903051772888297,0.24165262674222698,0.6799622692359519,0.8169014084507042,0.0,0.42857142857142855,0.0
404,0.04285714285714286,0.18421052631578946,0.03204524033930255,0.008653698881911472,0.023985985716210752,0.056338028169014086,0.0,0.42857142857142855,0.3333333333333333
384,0.41428571428571426,0.44736842105263164,0.06918001885014138,0.16679430234339102,0.3514351165611103,0.4225352112676056,0.0,0.2857142857142857,1.0
3023,0.4857142857142857,0.5789473684210527,0.08781473003904673,0.14309235717567775,0.5035709473116831,0.028169014084507043,0.5,0.5714285714285714,0.0
2152,0.8857142857142858,0.26973684210526316,0.043998623640470955,0.1458492877929239,0.5132731437811615,0.028169014084507043,1.0,0.5714285714285714,1.0
1633,0.07142857142857142,0.20394736842105263,0.03581526861451461,0.011410629499157604,0.040156313165341594,0.08450704225352113,0.0,0.5714285714285714,0.3333333333333333
3573,0.9,0.32894736842105265,0.051808435438265785,0.21073288405575127,0.5929120064681309,0.9014084507042254,0.0,0.42857142857142855,0.6666666666666666
688,1.0,0.5526315789473684,0.08416189881987496,0.23348394343186807,0.9863899743969815,1.0,0.0,0.7142857142857142,0.6666666666666666
3036,0.9571428571428572,0.6578947368421053,0.08985696069191107,0.2841553070914382,0.9999999999999999,0.028169014084507043,1.0,0.5714285714285714,0.6666666666666666
2874,0.45714285714285713,0.3486842105263158,0.05495101819324251,0.11366595190687702,0.31963347257781966,0.4647887323943662,0.0,0.42857142857142855,1.0
1240,0.0,0.19736842105263155,0.04052780395852969,0.004920355337724,0.005794367335938553,0.014084507042253521,0.0,0.14285714285714285,0.0
62,0.7571428571428571,0.6118421052631579,0.09294166928474186,0.232309695206004,0.8175448052823069,0.7605633802816901,0.0,0.5714285714285714,1.0
852,1.0,0.3157894736842105,0.05069626050364391,0.22983037218563332,0.646678345236491,1.0,0.0,0.42857142857142855,0.3333333333333333
3432,0.9142857142857143,0.4078947368421053,0.06352497643732329,0.2527090672384745,0.7110901495755289,0.9154929577464789,0.0,0.42857142857142855,1.0
3080,0.19999999999999998,0.4276315789473685,0.06490732013823436,0.07878950324194618,0.1656111036248484,0.014084507042253521,0.5,0.2857142857142857,0.6666666666666666
1262,0.34285714285714286,0.07894736842105263,0.016588124410933082,0.0498800224638791,0.10456811750437944,0.028169014084507043,0.5,0.2857142857142857,0.3333333333333333
223,0.32857142857142857,0.368421052631579,0.05847470939365379,0.057697707663246035,0.244037191753133,0.014084507042253521,1.0,0.7142857142857142,0.3333333333333333
2193,0.19999999999999998,0.5789473684210527,0.08846999685830977,0.06141828763976107,0.21614337690338228,0.2112676056338028,0.0,0.5714285714285714,0.6666666666666666
373,0.7714285714285715,0.19736842105263155,0.03334761374346671,0.08612855465359678,0.3641018730629295,0.028169014084507043,1.0,0.7142857142857142,1.0
1824,0.8,0.30263157894736836,0.048167071779354136,0.17708492877929238,0.4981808381619728,0.8028169014084507,0.0,0.42857142857142855,0.6666666666666666
3188,0.6142857142857143,0.493421052631579,0.07576471596264245,0.13198167151682239,0.5577415442662713,0.619718309859155,0.0,0.7142857142857142,0.6666666666666666
3585,0.3142857142857143,0.18421052631578946,0.0321271974757202,0.07004645938632767,0.14714997978709068,0.0,1.0,0.2857142857142857,1.0
3237,0.41428571428571426,0.6381578947368421,0.09654414074772227,0.33383749425639453,0.4688047432960517,0.028169014084507043,0.5,0.14285714285714285,0.6666666666666666
3347,0.22857142857142856,0.26315789473684215,0.043078117203526084,0.03832899372032471,0.1348874814714998,0.23943661971830987,0.0,0.5714285714285714,0.6666666666666666
2871,0.12857142857142856,0.5,0.07747408105560792,0.04550850053606984,0.12774558684813367,0.14084507042253522,0.0,0.42857142857142855,0.3333333333333333
9,0.3142857142857143,0.3092105263157895,0.04978896037372453,0.058316740695359165,0.20522840587521896,0.0,1.0,0.5714285714285714,1.0
2497,0.8285714285714286,1.0,0.05832361539321715,0.1423201613314954,0.6014014283789246,0.028169014084507043,1.0,0.7142857142857142,0.6666666666666666
1944,0.32857142857142857,0.2828947368421052,0.04527961043041156,0.0707325011487211,0.19876027489556664,0.3380281690140845,0.0,0.42857142857142855,0.3333333333333333
1838,0.6142857142857143,0.3355263157894737,0.05353011738497129,0.1485583550313984,0.4178682118312896,0.619718309859155,0.0,0.42857142857142855,1.0
708,0.6285714285714286,0.13815789473684212,0.024777463608754845,0.06888497472813601,0.2424201590082199,0.04225352112676056,0.5,0.5714285714285714,0.0
255,0.9571428571428572,0.013157894736842118,0.007235127792870211,0.055904426405268805,0.19673898396442527,0.028169014084507043,1.0,0.5714285714285714,0.0
2930,0.2571428571428571,0.3223684210526315,0.05273079021776873,0.06307436054525961,0.1771998382967255,0.26760563380281693,0.0,0.42857142857142855,0.6666666666666666
1617,0.5857142857142857,0.4671052631578947,0.07241595978636506,0.18206272017154235,0.5121951219512195,0.5915492957746479,0.0,0.42857142857142855,1.0
389,0.8857142857142858,0.11184210526315788,0.021483176996843344,0.11041124215040589,0.3104702870233122,0.07042253521126761,0.5,0.42857142857142855,0.0
1581,0.5285714285714286,0.24342105263157895,0.04027977578252889,0.10265737478940114,0.28864034496698554,0.5352112676056339,0.0,0.42857142857142855,0.6666666666666666
924,0.4857142857142857,0.11184210526315788,0.022162380503568058,0.08325675192729873,0.1750437946368414,0.49295774647887325,0.0,0.2857142857142857,0.0
3463,0.45714285714285713,0.4013157894736842,0.0627195613058007,0.12668479093276153,0.3562862147958496,0.4647887323943662,0.0,0.42857142857142855,0.6666666666666666
2947,0.9571428571428572,0.26973684210526316,0.043313743970726834,0.19460292540971053,0.5475003368818219,0.028169014084507043,1.0,0.42857142857142855,0.6666666666666666
2508,0.14285714285714285,0.032894736842105254,0.009168023305629335,0.011956272017154235,0.033283923999460986,0.15492957746478875,0.0,0.42857142857142855,0.3333333333333333
2036,0.028571428571428574,0.2763157894736842,0.04838202953188815,0.006968907949149947,0.02452499663118178,0.04225352112676056,0.0,0.5714285714285714,0.0
2989,0.5285714285714286,0.3223684210526315,0.1712138498933479,0.35532815132485834,0.9999999999999999,0.014084507042253521,1.0,0.42857142857142855,1.0
1224,0.8571428571428572,0.3421052631578947,0.054016470697300714,0.13826772859549702,0.5842878318285945,0.8591549295774648,0.0,0.7142857142857142,0.6666666666666666
2549,0.9571428571428572,0.6578947368421053,0.08985696069191107,0.4739495583805586,0.9999999999999999,0.07042253521126761,0.5,0.2857142857142857,0.3333333333333333
1946,0.14285714285714285,0.381578947368421,0.060663182246594116,0.032470516158676674,0.11427031397385795,0.0,1.0,0.5714285714285714,0.3333333333333333
739,0.6,0.26973684210526316,0.04410056331236437,0.08287384489712565,0.3503570947311683,0.6056338028169014,0.0,0.7142857142857142,0.0
40,0.15714285714285714,0.19736842105263155,0.03212378259503613,0.021557665798744068,0.0758657862821722,0.16901408450704225,0.0,0.5714285714285714,0.0
868,0.17142857142857143,0.5723684210526315,0.08779815848618865,0.043913054577015366,0.18582401293626194,0.014084507042253521,0.5,0.7142857142857142,1.0
2779,0.4714285714285714,0.631578947368421,0.095442701114376,0.24956603869913718,0.5262094057404663,0.47887323943661975,0.0,0.2857142857142857,1.0
539,0.4714285714285714,0.5921052631578947,0.09006486666297056,0.17775501608209526,0.5000673763643714,0.028169014084507043,0.5,0.42857142857142855,0.0
2745,0.9285714285714286,0.6118421052631579,0.0927512638162968,0.3545623372645122,0.9978439563401158,0.028169014084507043,1.0,0.42857142857142855,1.0
3244,0.11428571428571427,0.21052631578947364,0.033511362446329455,0.02081099708990657,0.05821317881687104,0.1267605633802817,0.0,0.42857142857142855,0.0
2723,0.0,0.2828947368421052,0.04429783223374175,0.00113231078922609,0.00633337825090958,0.014084507042253521,0.0,0.8571428571428571,1.0
1371,0.9285714285714286,0.08552631578947367,0.017479222003255933,0.081712360238934,0.2875623231370435,0.9295774647887324,0.0,0.5714285714285714,0.3333333333333333
1145,0.5428571428571429,0.5723684210526315,0.08704898620072984,0.19800122530249656,0.5570677806225576,0.04225352112676056,0.5,0.42857142857142855,0.6666666666666666
1031,0.2571428571428571,0.2236842105263158,0.0366585644129173,0.037946086690151634,0.13353995418407222,0.014084507042253521,0.5,0.5714285714285714,1.0
372,0.4714285714285714,0.3157894736842105,0.050146920219548696,0.0869581865523051,0.3060234469748012,0.47887323943661975,0.0,0.5714285714285714,0.6666666666666666
667,0.9857142857142858,1.0,0.018042278174229164,0.0629170951578671,0.3107397924807977,0.028169014084507043,1.0,0.8571428571428571,0.3333333333333333
357,0.4857142857142857,0.19078947368421054,0.03207216911269692,0.06383060192985143,0.22463279881417597,0.014084507042253521,1.0,0.5714285714285714,0.3333333333333333
967,0.0857142857142857,0.019736842105263164,0.008078632018311566,0.005513861234492265,0.019404392938957012,0.0,0.5,0.5714285714285714,1.0
2831,0.3142857142857143,0.26315789473684215,0.04290456091464164,0.051883902588451526,0.18258994744643578,0.323943661971831,0.0,0.5714285714285714,0.0
2783,0.5571428571428572,0.5328947368421053,0.08119698397737983,0.15285648644509114,0.537932893141086,0.5633802816901409,0.0,0.5714285714285714,0.0
1353,0.9285714285714286,0.13815789473684212,0.025147802244880467,0.06372051615867667,0.35992453847190403,0.028169014084507043,1.0,1.0,0.6666666666666666
1035,0.7571428571428571,0.4605263157894737,0.07094983767933814,0.30712972890182266,0.647756367066433,0.056338028169014086,0.5,0.2857142857142857,0.6666666666666666
470,0.24285714285714283,0.625,0.09430306838412399,0.05561451108242347,0.2747608139064816,0.0,1.0,0.8571428571428571,1.0
3230,0.42857142857142855,0.6052631578947368,0.09209206165820437,0.22046510440598355,0.464762161433769,0.4366197183098592,0.0,0.2857142857142857,1.0
1396,0.9285714285714286,0.07236842105263158,0.015494244994716244,0.0635689487925665,0.2688316938418003,0.9295774647887324,0.0,0.7142857142857142,0.6666666666666666
3267,0.11428571428571427,0.13815789473684212,0.024505183788878414,0.01324858324398836,0.046624444144993935,0.1267605633802817,0.0,0.5714285714285714,0.0
1549,0.9,0.375,0.05933376531573986,0.18804564251799663,0.6617706508556798,0.9014084507042254,0.0,0.5714285714285714,0.6666666666666666
1256,0.9142857142857143,0.45394736842105265,0.07028202711520336,0.27501340174605604,0.7738849211696537,0.9154929577464789,0.0,0.42857142857142855,0.6666666666666666
2094,0.9571428571428572,0.5592105263157895,0.08497810057104839,0.270676979629346,0.9525670394825495,0.9577464788732395,0.0,0.5714285714285714,1.0
1555,0.8571428571428572,0.4736842105263158,0.07288206300891518,0.26611081329453207,0.7488209136235008,0.07042253521126761,0.5,0.42857142857142855,0.0
3224,0.5285714285714286,0.08552631578947367,0.017833225854457062,0.04736559963240925,0.16668912545479045,0.014084507042253521,1.0,0.5714285714285714,1.0
1250,0.2857142857142857,0.4671052631578947,0.07198958754095418,0.06002705876346556,0.25387414095135424,0.29577464788732394,0.0,0.7142857142857142,0.0
1699,0.9714285714285714,0.24999999999999997,0.04111516343618954,0.15170776535457192,0.5338903112788034,0.028169014084507043,1.0,0.5714285714285714,0.6666666666666666
1252,0.6571428571428571,0.5,0.07676419275272223,0.21417904732730894,0.6026142029376095,0.6619718309859155,0.0,0.42857142857142855,1.0
3452,0.7000000000000001,0.2763157894736842,0.04441093308199811,0.0830470647441087,0.4099178008354669,0.7042253521126761,0.0,0.8571428571428571,0.0
3725,0.45714285714285713,0.3421052631578947,0.054122754405506526,0.14988257517741357,0.3157256434442797,0.014084507042253521,1.0,0.2857142857142857,0.6666666666666666
2933,0.6,0.5592105263157895,0.08443109834951669,0.21264741920661664,0.5983021156178412,0.6056338028169014,0.0,0.42857142857142855,0.6666666666666666
79,0.3,0.13157894736842105,0.024376660097678006,0.04144011334048093,0.1162916049049993,0.3098591549295775,0.0,0.42857142857142855,0.6666666666666666
1172,0.9428571428571428,0.5197368421052632,0.07931126647628961,0.25126359319957114,0.8842474060099716,0.943661971830986,0.0,0.5714285714285714,0.3333333333333333
814,0.6428571428571429,0.0394736842105263,0.010613449166086135,0.04395772706386889,0.15469613259668508,0.647887323943662,0.0,0.5714285714285714,0.0
1852,0.3714285714285714,0.09868421052631579,0.019129402729779733,0.029011589319446574,0.1228944886133944,0.38028169014084506,0.0,0.7142857142857142,0.0
2220,0.6142857142857143,0.09210526315789472,0.018357467226458743,0.09346760606524736,0.19660423123568252,0.619718309859155,0.0,0.2857142857142857,0.0
2719,0.05714285714285714,0.19736842105263155,0.034495758718190384,0.011573364986981161,0.03220590216951893,0.07042253521126761,0.0,0.42857142857142855,0.6666666666666666
3276,0.4857142857142857,0.39473684210526316,0.061505318432745384,0.08797927196609996,0.37191753133000943,0.49295774647887325,0.0,0.7142857142857142,0.6666666666666666
2105,0.7000000000000001,0.44736842105263164,0.06876531573986804,0.16595190687701028,0.584018326371109,0.7042253521126761,0.0,0.5714285714285714,0.6666666666666666
133,0.0,0.24342105263157895,0.06126295947219604,0.002488895696124981,0.008758927368279207,0.0,0.5,0.5714285714285714,1.0
1140,0.5428571428571429,0.29605263157894735,0.04743952246308513,0.1595828866084648,0.3362080582131788,0.04225352112676056,0.5,0.2857142857142857,0.3333333333333333
933,0.22857142857142856,0.4407894736842105,0.06891389920718523,0.07034959411854802,0.19768225306562456,0.0,1.0,0.42857142857142855,0.6666666666666666
928,0.15714285714285714,0.375,0.060006283380458686,0.08868126818808393,0.12370300498585095,0.16901408450704225,0.0,0.14285714285714285,0.3333333333333333
823,0.6857142857142857,0.05263157894736842,0.013252803477658736,0.08721345790575381,0.18339846381889233,0.056338028169014086,0.5,0.2857142857142857,1.0
1531,0.3714285714285714,0.09868421052631579,0.018605787691555832,0.03434676060652474,0.12087319768225305,0.014084507042253521,1.0,0.5714285714285714,0.0
1214,0.9142857142857143,0.618421052631579,0.09355470166026245,0.351834124674529,0.9901630508017787,0.9154929577464789,0.0,0.42857142857142855,1.0
504,0.6142857142857143,0.5,0.07647159626424471,0.13303466584979834,0.5621883843147824,0.014084507042253521,1.0,0.7142857142857142,0.3333333333333333
3703,0.5428571428571429,0.05263157894736842,0.012590927765291571,0.06755756369020269,0.14189462336612316,0.014084507042253521,1.0,0.2857142857142857,0.6666666666666666
2395,0.32857142857142857,0.14473684210526314,0.02674363807728558,0.048140986368509726,0.1351569869289853,0.3380281690140845,0.0,0.42857142857142855,0.6666666666666666
1996,0.5428571428571429,0.375,0.05865293989704923,0.1133021902282126,0.39873332434981806,0.5492957746478874,0.0,0.5714285714285714,0.0
2434,0.21428571428571427,0.23684210526315788,0.03881950989632422,0.041727293613110734,0.11710012127745585,0.0,1.0,0.42857142857142855,0.0
1958,0.9,0.5592105263157895,0.0850907163053723,0.4253841833869403,0.8974531734267618,0.07042253521126761,0.5,0.2857142857142857,1.0
1384,0.19999999999999998,0.5723684210526315,0.08671065032987747,0.06034614795527646,0.21237030049858507,0.2112676056338028,0.0,0.5714285714285714,1.0
894,0.7285714285714286,0.5131578947368421,0.0783005872544044,0.3216163782100373,0.678345236491039,0.7323943661971831,0.0,0.2857142857142857,0.3333333333333333
828,0.7714285714285715,0.04605263157894737,0.011601405192357122,0.0456361362127942,0.19310066028837083,0.028169014084507043,1.0,0.7142857142857142,0.0
3645,0.6857142857142857,0.368421052631579,0.0585893169708977,0.1423648338183489,0.5010106454655706,0.028169014084507043,1.0,0.5714285714285714,0.0
2523,0.24285714285714283,0.5131578947368421,0.07911823227563095,0.05571935467401848,0.23568252257108205,0.0,1.0,0.7142857142857142,0.3333333333333333
1683,0.44285714285714284,0.2236842105263158,0.03755301602262017,0.06543881145657834,0.23029241342137177,0.014084507042253521,1.0,0.5714285714285714,0.6666666666666666
3208,0.32857142857142857,0.019736842105263164,0.007657869934024505,0.019796293459947926,0.06966716076000538,0.3380281690140845,0.0,0.5714285714285714,0.6666666666666666
3186,0.21428571428571427,0.23684210526315788,0.03858388312912347,0.0331214581099709,0.11656111036248483,0.22535211267605634,0.0,0.5714285714285714,0.3333333333333333
3128,0.35714285714285715,0.48684210526315785,0.0755093163198724,0.0931612804411089,0.3278533890311279,0.028169014084507043,0.5,0.5714285714285714,0.0
652,0.41428571428571426,0.48026315789473684,0.07414388941250392,0.1325241231429009,0.372726047702466,0.4225352112676056,0.0,0.42857142857142855,0.6666666666666666
172,0.07142857142857142,0.3092105263157895,0.05089538171536287,0.015086536988819114,0.05309257512464627,0.08450704225352113,0.0,0.5714285714285714,0.0
38,0.9571428571428572,0.631578947368421,0.08985696069191107,0.4739495583805586,0.9999999999999999,0.07042253521126761,0.5,0.2857142857142857,0.3333333333333333
3575,0.9571428571428572,0.6447368421052632,0.08985696069191107,0.35532815132485834,0.9999999999999999,0.9577464788732395,0.0,0.42857142857142855,0.6666666666666666
713,0.6142857142857143,0.13157894736842105,0.02336989118327478,0.06482616020830143,0.22813636976148766,0.619718309859155,0.0,0.5714285714285714,0.6666666666666666
90,0.4714285714285714,0.5394736842105263,0.0829406220546654,0.16545412773778526,0.46543592507748277,0.014084507042253521,1.0,0.42857142857142855,0.6666666666666666
3688,0.11428571428571427,0.506578947368421,0.07927531678709812,0.041727293613110734,0.11710012127745585,0.0,0.5,0.42857142857142855,0.6666666666666666
1205,0.5857142857142857,0.13157894736842105,0.02374220187603788,0.10450809210190432,0.2199164533081795,0.5915492957746479,0.0,0.2857142857142857,0.0
2923,0.17142857142857143,0.256578947368421,0.04110780830856231,0.03531360085771175,0.0990432556259264,0.014084507042253521,0.5,0.42857142857142855,1.0
3077,0.6285714285714286,0.11842105263157895,0.02247355744056969,0.08097526420585083,0.22759735884651663,0.6338028169014085,0.0,0.42857142857142855,0.3333333333333333
3220,0.6142857142857143,0.4013157894736842,0.06280524376660097,0.169283198039516,0.4762161433769034,0.619718309859155,0.0,0.42857142857142855,0.6666666666666666
1827,0.9857142857142858,0.6052631578947368,0.08691261613033525,0.35532815132485834,0.9999999999999999,0.9859154929577465,0.0,0.42857142857142855,0.3333333333333333
1155,1.0,0.06578947368421054,0.014987189868712746,0.08075509266350131,0.28419350491847456,1.0,0.0,0.5714285714285714,0.0
1324,0.6571428571428571,0.618421052631579,0.09394990675196022,0.16995328534231888,0.7180972914701522,0.04225352112676056,0.5,0.7142857142857142,0.6666666666666666
216,0.11428571428571427,0.5855263157894737,0.08995706356686564,0.06232450094450401,0.13084489960921708,0.1267605633802817,0.0,0.2857142857142857,0.3333333333333333
510,0.5142857142857143,0.5131578947368421,0.0789158621392363,0.17253790779598713,0.48537932893141084,0.5211267605633803,0.0,0.42857142857142855,0.3333333333333333
1680,0.6714285714285715,0.5921052631578947,0.0896363493559535,0.2501244447848063,0.70381350222342,0.676056338028169,0.0,0.42857142857142855,0.3333333333333333
499,0.028571428571428574,0.02631578947368421,0.009739239710964496,0.002957956808086997,0.007950410995822665,0.04225352112676056,0.0,0.42857142857142855,1.0
3083,0.6428571428571429,0.36184210526315785,0.05679629553743391,0.16296523204166027,0.4584287831828594,0.014084507042253521,1.0,0.42857142857142855,0.6666666666666666
1856,0.39999999999999997,0.5131578947368421,0.07907309304819786,0.13534806249042733,0.38067645869828864,0.4084507042253521,0.0,0.42857142857142855,0.6666666666666666
1388,0.9428571428571428,0.631578947368421,0.0913950511345253,0.2841553070914382,0.9999999999999999,0.943661971830986,0.0,0.5714285714285714,0.6666666666666666
1519,0.2571428571428571,0.506578947368421,0.07763281908824841,0.06957420738244754,0.24484570812558953,0.0,1.0,0.5714285714285714,0.3333333333333333
2386,0.7857142857142857,0.6513157894736842,0.09810488757237107,0.18033280091022472,0.8892332569734537,0.7887323943661972,0.0,0.8571428571428571,0.6666666666666666
3394,0.9857142857142858,0.4144736842105263,0.06481755756025313,0.3692244856282228,0.7788707721331356,0.07042253521126761,0.5,0.2857142857142857,0.6666666666666666
2076,0.2714285714285714,0.29605263157894735,0.04787935909519321,0.06149486904579568,0.17275299824821452,0.0,1.0,0.42857142857142855,1.0
1540,0.42857142857142855,0.4144736842105263,0.06399927031710802,0.08048067595854394,0.3402506400754615,0.4366197183098592,0.0,0.7142857142857142,0.3333333333333333
1217,0.11428571428571427,0.26315789473684215,0.04314587914964918,0.020064328381069075,0.07061042986120468,0.1267605633802817,0.0,0.5714285714285714,0.3333333333333333
2681,0.49999999999999994,0.0394736842105263,0.011022096554613045,0.02897968040026548,0.12275973588465165,0.5070422535211268,0.0,0.7142857142857142,1.0
3579,0.7428571428571429,0.17105263157894737,0.030142443049454945,0.09277837341093582,0.3265058617437003,0.7464788732394366,0.0,0.5714285714285714,0.6666666666666666
2993,0.4857142857142857,0.11842105263157895,0.022539383331089263,0.06297863378771634,0.17693033283923998,0.49295774647887325,0.0,0.42857142857142855,0.0
1416,0.5571428571428572,0.2894736842105263,0.046418473138548536,0.12055827844999234,0.33903786551677667,0.5633802816901409,0.0,0.42857142857142855,0.6666666666666666
2217,0.0857142857142857,0.20394736842105263,0.035411337013599026,0.01674260989431766,0.04675919687373669,0.09859154929577466,0.0,0.42857142857142855,1.0
3135,0.3857142857142857,0.3092105263157895,0.04975090884610206,0.08896844846071374,0.25010106454655706,0.014084507042253521,1.0,0.42857142857142855,0.6666666666666666
1676,0.0857142857142857,0.05263157894736842,0.012387235761411066,0.0067391637310461015,0.023716480258725237,0.0,0.5,0.5714285714285714,0.3333333333333333
1197,0.0857142857142857,0.5723684210526315,0.08576814326107446,0.019566549241844082,0.09715671742352781,0.09859154929577466,0.0,0.8571428571428571,0.6666666666666666
1542,0.0,0.4736842105263158,0.0527803958529689,0.0013784653086230663,0.007546152809594394,0.014084507042253521,0.0,0.8571428571428571,0.6666666666666666
2960,0.42857142857142855,0.21710526315789472,0.035328813353196924,0.04311533159748813,0.21317881687104162,0.4366197183098592,0.0,0.8571428571428571,1.0
2539,0.7714285714285715,0.3092105263157895,0.04947305286607831,0.17450030632562413,0.49090419080986386,0.056338028169014086,0.5,0.42857142857142855,0.6666666666666666
953,0.15714285714285714,0.3421052631578947,0.053801445177505486,0.03212589983152091,0.11305753941517314,0.16901408450704225,0.0,0.5714285714285714,0.3333333333333333
2635,0.17142857142857143,0.6118421052631579,0.09142318567389256,0.06853078572522592,0.1925616493733998,0.18309859154929578,0.0,0.42857142857142855,0.0
750,0.8428571428571429,0.45394736842105265,0.07054665409990574,0.2546236023893399,0.7164802587252391,0.8450704225352113,0.0,0.42857142857142855,0.0
2705,0.12857142857142856,0.4605263157894737,0.071253534401508,0.033772400061265126,0.1188519067511117,0.14084507042253522,0.0,0.5714285714285714,0.6666666666666666
234,0.3142857142857143,0.5723684210526315,0.08728435028480104,0.09335273395619544,0.32852715267484167,0.323943661971831,0.0,0.5714285714285714,0.6666666666666666
732,0.5714285714285715,0.1644736842105263,0.028482103859681383,0.06888497472813601,0.2424201590082199,0.5774647887323944,0.0,0.5714285714285714,0.6666666666666666
3738,0.12857142857142856,0.2763157894736842,0.04637134778510839,0.023663654464695972,0.08327718636302384,0.14084507042253522,0.0,0.5714285714285714,1.0
1156,0.014285714285714285,0.26315789473684215,0.04005655042412818,0.0030696380252208093,0.013340520145532947,0.0,1.0,0.7142857142857142,0.0
3207,0.2571428571428571,0.4407894736842105,0.0689022272930205,0.10508245264716393,0.2211292278668643,0.26760563380281693,0.0,0.2857142857142857,0.3333333333333333
2445,0.5428571428571429,0.032894736842105254,0.009425070688030161,0.029330678511257466,0.12424201590082197,0.04225352112676056,0.5,0.7142857142857142,1.0
2982,0.5142857142857143,0.368421052631579,0.05828259928165677,0.10690764282432226,0.3762296186497776,0.5211267605633803,0.0,0.5714285714285714,0.0
1209,0.12857142857142856,0.5986842105263158,0.09189443920829406,0.07062081993158728,0.1483627543457755,0.0,1.0,0.2857142857142857,1.0
1065,0.7285714285714286,0.08552631578947367,0.017563256724425436,0.10776280185837545,0.2267888424740601,0.7323943661971831,0.0,0.2857142857142857,1.0
2156,0.2571428571428571,0.17105263157894737,0.029267324768093655,0.03224077194057283,0.11346179760140142,0.26760563380281693,0.0,0.5714285714285714,0.3333333333333333
1062,0.19999999999999998,0.32894736842105265,0.05290606346214263,0.06660029611477,0.13987333243498182,0.2112676056338028,0.0,0.2857142857142857,0.6666666666666666
2616,0.07142857142857142,0.0394736842105263,0.01115300031416902,0.006882753867361004,0.019000134752728742,0.08450704225352113,0.0,0.42857142857142855,0.0
1167,0.3714285714285714,0.26315789473684215,0.04293643313435962,0.07642824322254557,0.21479584961595471,0.38028169014084506,0.0,0.42857142857142855,0.6666666666666666
1492,0.7571428571428571,0.2763157894736842,0.044367647572171605,0.15731735334660746,0.44252796119121407,0.7605633802816901,0.0,0.42857142857142855,0.3333333333333333
2938,0.7000000000000001,0.13815789473684212,0.02507068803016023,0.05498544953285343,0.27166150114539817,0.056338028169014086,0.5,0.8571428571428571,0.3333333333333333
2995,0.5714285714285715,0.18421052631578946,0.03142456495252983,0.07378618471435136,0.2596685082872928,0.5774647887323944,0.0,0.5714285714285714,0.6666666666666666
3078,0.8714285714285714,0.24342105263157895,0.040436593597032625,0.1683259304640833,0.4735210888020482,0.8732394366197184,0.0,0.42857142857142855,0.3333333333333333
884,0.5571428571428572,0.368421052631579,0.0575636192271442,0.11445091131873182,0.40277590621210074,0.5633802816901409,0.0,0.5714285714285714,0.6666666666666666
143,0.45714285714285713,0.26315789473684215,0.0432410818838717,0.09404196661050697,0.2643848537932893,0.028169014084507043,0.5,0.42857142857142855,1.0
3674,0.5428571428571429,0.23684210526315788,0.039730297977234826,0.1392249961709297,0.2932219377442393,0.014084507042253521,1.0,0.2857142857142857,0.3333333333333333
850,0.6,0.07894736842105263,0.016526751857615676,0.06436667177209374,0.18083816197277994,0.014084507042253521,1.0,0.42857142857142855,0.6666666666666666
2782,0.7428571428571429,0.4276315789473685,0.06652677253569968,0.14251161484658192,0.6022099447513811,0.028169014084507043,1.0,0.7142857142857142,1.0
717,0.7714285714285715,0.36184210526315785,0.057270156798903266,0.26188288150303773,0.5522166823878183,0.056338028169014086,0.5,0.2857142857142857,1.0
3551,0.9714285714285714,0.1644736842105263,0.028603040609761092,0.08315646675272959,0.4104568117504379,0.971830985915493,0.0,0.8571428571428571,0.0
2502,0.8714285714285714,0.6513157894736842,0.09826396278617251,0.35039822331138,0.9861204689394959,0.8732394366197184,0.0,0.42857142857142855,0.3333333333333333
264,0.17142857142857143,0.4342105263157895,0.06786050895381715,0.042272936131107365,0.14876701253200378,0.18309859154929578,0.0,0.5714285714285714,0.0
75,0.9,0.07236842105263158,0.015374646559849197,0.05252390433888367,0.25953375555855007,0.9014084507042254,0.0,0.8571428571428571,0.3333333333333333
2492,0.5285714285714286,0.6578947368421053,0.09916166476511731,0.14401133404809313,0.6085433230022907,0.5352112676056339,0.0,0.7142857142857142,0.6666666666666666
395,0.21428571428571427,0.17105263157894737,0.02986569274269557,0.02278935007913412,0.09661770650855678,0.22535211267605634,0.0,0.7142857142857142,1.0
3320,0.028571428571428574,0.6513157894736842,0.10210493245366006,0.017029790166947466,0.04756771324619323,0.04225352112676056,0.0,0.42857142857142855,0.6666666666666666
2224,0.07142857142857142,0.48026315789473684,0.816368206094879,0.2522304334507582,0.7097426222881013,0.08450704225352113,0.0,0.42857142857142855,0.3333333333333333
3495,0.6,0.24342105263157895,0.03978256581110405,0.11514971664879767,0.32381080716884514,0.6056338028169014,0.0,0.42857142857142855,1.0
396,0.19999999999999998,0.2763157894736842,0.044172164624568015,0.03442334201255935,0.12114270313973856,0.2112676056338028,0.0,0.5714285714285714,0.0
1365,0.15714285714285714,0.09210526315789472,0.017514923028589383,0.03689309235717568,0.050801778736019404,0.16901408450704225,0.0,0.14285714285714285,0.6666666666666666
3111,0.49999999999999994,0.013157894736842118,0.006519007225887528,0.04751876244447848,0.09958226654089744,0.5070422535211268,0.0,0.2857142857142857,0.6666666666666666
1903,0.15714285714285714,0.04605263157894737,0.013509267986176562,0.010312962679328125,0.04392938957013879,0.16901408450704225,0.0,0.7142857142857142,0.6666666666666666
595,0.9857142857142858,0.13157894736842105,0.02372424936044163,0.0869581865523051,0.3676054440102412,0.9859154929577465,0.0,0.7142857142857142,0.0
2109,0.5714285714285715,0.4144736842105263,0.06443530033792326,0.09182657593593418,0.4531734267618919,0.5774647887323944,0.0,0.8571428571428571,0.3333333333333333
1296,0.9571428571428572,0.36184210526315785,0.08985696069191107,0.2841553070914382,0.9999999999999999,0.9577464788732395,0.0,0.5714285714285714,0.0
1821,0.17142857142857143,0.19736842105263155,0.03277024577684332,0.014636621228365752,0.08354669182050935,0.014084507042253521,0.5,1.0,0.3333333333333333
872,0.6714285714285715,0.5197368421052632,0.07981856738925541,0.22619275539898914,0.6364371378520415,0.676056338028169,0.0,0.42857142857142855,0.6666666666666666
3233,0.12857142857142856,0.5855263157894737,0.08925541941564562,0.03414892530760198,0.1445896779409783,0.14084507042253522,0.0,0.7142857142857142,0.3333333333333333
3635,0.42857142857142855,0.5526315789473684,0.08473442583077438,0.12279828457650484,0.4321520010780218,0.014084507042253521,1.0,0.5714285714285714,0.6666666666666666
2326,0.32857142857142857,0.3092105263157895,0.049520892240025136,0.06061418287639761,0.2133135695997844,0.3380281690140845,0.0,0.5714285714285714,0.3333333333333333
1548,0.014285714285714285,0.44736842105263164,0.07210179076343072,0.005239444529534895,0.022503705700040424,0.0,1.0,0.7142857142857142,1.0
36,0.14285714285714285,0.4342105263157895,0.06743209664981578,0.08954280900597335,0.12491577954453577,0.15492957746478875,0.0,0.14285714285714285,1.0
2710,1.0,0.24342105263157895,0.04001008880806042,0.19130035227446776,0.5382023985985716,0.028169014084507043,1.0,0.42857142857142855,0.6666666666666666
3145,0.11428571428571427,0.26973684210526316,0.04419310922609697,0.016950017868994742,0.07195795714863225,0.0,0.5,0.7142857142857142,0.3333333333333333
2143,0.24285714285714283,0.618421052631579,0.09404126086501204,0.07788328993720325,0.2740870502627678,0.2535211267605634,0.0,0.5714285714285714,0.0
3390,0.11428571428571427,0.06578947368421054,0.01424232903969002,0.009496094348292234,0.03341867672820374,0.0,1.0,0.5714285714285714,0.6666666666666666
977,0.07142857142857142,0.4013157894736842,0.06361922714420358,0.01506739163731046,0.06400754615280958,0.0,0.5,0.7142857142857142,0.0
1571,0.5142857142857143,0.5855263157894737,0.08910512774791757,0.15323939347526422,0.5392804204285137,0.04225352112676056,0.5,0.5714285714285714,0.6666666666666666
1122,0.34285714285714286,0.6118421052631579,0.09266729500471253,0.10698422423035688,0.37649912410726316,0.014084507042253521,1.0,0.5714285714285714,0.3333333333333333
2786,0.11428571428571427,0.1513157894736842,0.025447690857681435,0.009556265453033718,0.04783721870367875,0.1267605633802817,0.0,0.8571428571428571,0.0
2239,0.14285714285714285,0.256578947368421,0.040613486419329964,0.019502731403481903,0.08273817544805281,0.15492957746478875,0.0,0.7142857142857142,0.6666666666666666
2967,0.9285714285714286,0.1776315789473684,0.03050295604489761,0.11663348139071833,0.4104568117504379,0.9295774647887324,0.0,0.5714285714285714,0.6666666666666666
2504,0.6857142857142857,0.5328947368421053,0.08115178210775356,0.1559771787410017,0.6590755962808247,0.056338028169014086,0.5,0.7142857142857142,0.0
1892,0.3714285714285714,0.6513157894736842,0.09857925786295249,0.15272246898453057,0.42959169923190943,0.38028169014084506,0.0,0.42857142857142855,0.6666666666666666
675,0.8571428571428572,0.4013157894736842,0.0625762889942986,0.23418593965385204,0.6589408435520819,0.8591549295774648,0.0,0.42857142857142855,1.0
2808,0.04285714285714286,0.4605263157894737,0.07139491046182846,0.022374534129779956,0.04648969141625118,0.056338028169014086,0.0,0.2857142857142857,0.0
3068,0.8857142857142858,0.11842105263157895,0.022635130080935928,0.09117016388420891,0.3208462471365045,0.8873239436619719,0.0,0.5714285714285714,0.3333333333333333
728,0.9428571428571428,0.2763157894736842,0.04473391759393419,0.13086485934548425,0.5530251987602749,0.943661971830986,0.0,0.7142857142857142,0.3333333333333333
412,0.5857142857142857,0.14473684210526314,0.025784300525111076,0.06597488129882065,0.23217895162377036,0.5915492957746479,0.0,0.5714285714285714,0.6666666666666666
1516,0.19999999999999998,0.3421052631578947,0.053597235312598177,0.06730229233675397,0.14135561245115214,0.2112676056338028,0.0,0.2857142857142857,0.0
1649,0.7714285714285715,0.02631578947368421,0.008653928540827693,0.08083167406953592,0.1699231909446166,0.7746478873239436,0.0,0.2857142857142857,0.0
825,0.8857142857142858,0.05921052631578946,0.01358407013449426,0.056580895491907895,0.23932084624713648,0.8873239436619719,0.0,0.7142857142857142,0.3333333333333333
616,0.0857142857142857,0.368421052631579,0.05789686279789956,0.02473579414918058,0.06926290257377711,0.09859154929577466,0.0,0.42857142857142855,0.6666666666666666
114,0.42857142857142855,0.24999999999999997,0.041135873035176795,0.06788941644968602,0.2389165880609082,0.014084507042253521,1.0,0.5714285714285714,0.0
417,0.5142857142857143,0.625,0.09470922383269226,0.13463011180885281,0.5689260207519202,0.014084507042253521,1.0,0.7142857142857142,0.6666666666666666
3069,0.8714285714285714,0.1513157894736842,0.026815846280137424,0.10024506049931077,0.3527826438485379,0.8732394366197184,0.0,0.5714285714285714,0.6666666666666666
1625,0.34285714285714286,0.21710526315789472,0.03536286522148916,0.04878235564404963,0.17167497641827245,0.028169014084507043,0.5,0.5714285714285714,0.0
3017,0.11428571428571427,0.1513157894736842,0.02649492093412923,0.011557410527390616,0.04918474599110632,0.1267605633802817,0.0,0.7142857142857142,1.0
2652,0.9,0.02631578947368421,0.009233623939679546,0.05778067085311687,0.20334186767282036,0.9014084507042254,0.0,0.5714285714285714,0.0
3669,0.9714285714285714,0.6381578947368421,0.08836345258096681,0.2841553070914382,0.9999999999999999,0.028169014084507043,1.0,0.5714285714285714,0.0
89,0.8428571428571429,0.5592105263157895,0.08565818410304744,0.300668172767652,0.8461123837757714,0.8450704225352113,0.0,0.42857142857142855,0.3333333333333333
2896,0.8285714285714286,0.08552631578947367,0.017572165689547753,0.05214099730871059,0.2576472173561514,0.8309859154929577,0.0,0.8571428571428571,1.0
3263,0.8,0.5789473684210527,0.08781850951601436,0.23338183489048858,0.8213178816871041,0.8028169014084507,0.0,0.5714285714285714,1.0
2082,0.8714285714285714,0.506578947368421,0.07780243835699735,0.2859741154847603,0.804743296051745,0.028169014084507043,1.0,0.42857142857142855,1.0
753,0.7142857142857143,0.44736842105263164,0.06963463990685811,0.14247970592740083,0.6020751920226384,0.056338028169014086,0.5,0.7142857142857142,0.0
2546,0.15714285714285714,0.05263157894736842,0.013038014451775052,0.012253024965538368,0.04312087319768225,0.014084507042253521,0.5,0.5714285714285714,1.0
1630,0.34285714285714286,0.13815789473684212,0.02507068803016023,0.03832899372032471,0.1348874814714998,0.35211267605633806,0.0,0.5714285714285714,0.6666666666666666
11,0.3857142857142857,0.6578947368421053,0.09919886899151743,0.15927975187624446,0.44805282306966715,0.014084507042253521,1.0,0.42857142857142855,0.3333333333333333
2444,0.22857142857142856,0.10526315789473684,0.02073515551366635,0.01899218869658447,0.0805821317881687,0.23943661971830987,0.0,0.7142857142857142,0.0
284,0.7857142857142857,0.26315789473684215,0.04295139356402315,0.3188083933221014,0.44764856488343885,0.7887323943661972,0.0,0.14285714285714285,0.6666666666666666
1066,0.5714285714285715,0.05921052631578946,0.013631870531711915,0.04414918057895543,0.15536989624039887,0.04225352112676056,0.5,0.5714285714285714,0.3333333333333333
1191,0.24285714285714283,0.6578947368421053,0.0999057492931197,0.06838719558891102,0.2891793558819566,0.2535211267605634,0.0,0.7142857142857142,0.6666666666666666
1440,0.7428571428571429,0.4276315789473685,0.06595771166396955,0.12120101525064,0.597897857431613,0.7464788732394366,0.0,0.8571428571428571,0.6666666666666666
3502,0.2571428571428571,0.6052631578947368,0.0917208194850935,0.057310242216047094,0.2831154830885325,0.26760563380281693,0.0,0.8571428571428571,0.6666666666666666
3498,0.6428571428571429,0.24342105263157895,0.04040486825390321,0.12467452902435289,0.3506266001886538,0.647887323943662,0.0,0.42857142857142855,0.0
2738,0.32857142857142857,0.032894736842105254,0.00977851083883129,0.027464006739163733,0.07694380811211425,0.3380281690140845,0.0,0.42857142857142855,0.6666666666666666
3378,0.9142857142857143,0.5986842105263158,0.09056767925759443,0.22780415581763416,0.9624039886807707,0.9154929577464789,0.0,0.7142857142857142,0.6666666666666666
1568,0.21428571428571427,0.5197368421052632,0.07911168708765315,0.042322167034986764,0.20927098773750166,0.22535211267605634,0.0,0.8571428571428571,0.0
2427,0.45714285714285713,0.5855263157894737,0.08885271184988432,0.11347449839179048,0.47958496159547226,0.4647887323943662,0.0,0.7142857142857142,0.6666666666666666
2737,0.9714285714285714,0.368421052631579,0.05821688590200658,0.3331035891152295,0.7026007276647351,0.07042253521126761,0.5,0.2857142857142857,0.6666666666666666
3211,0.19999999999999998,0.4144736842105263,0.06610116242538486,0.04778679736559963,0.1681714054709608,0.014084507042253521,0.5,0.5714285714285714,0.6666666666666666
1687,0.44285714285714284,0.3486842105263158,0.05522502356267672,0.14771276867309951,0.311144050667026,0.4507042253521127,0.0,0.2857142857142857,1.0
851,0.35714285714285715,0.1513157894736842,0.02624519683897629,0.03418083422678307,0.14472443066972107,0.014084507042253521,1.0,0.7142857142857142,1.0
2207,0.6,0.5197368421052632,0.07980623808166934,0.161931383060193,0.5698692898531195,0.6056338028169014,0.0,0.5714285714285714,1.0
895,0.7142857142857143,0.36184210526315785,0.056956995804919516,0.1811533159748813,0.5096348201051071,0.7183098591549296,0.0,0.42857142857142855,1.0
496,0.7857142857142857,0.4407894736842105,0.06811296620438938,0.18444631643436973,0.6491038943538606,0.028169014084507043,1.0,0.5714285714285714,0.6666666666666666
2305,0.2571428571428571,0.12499999999999997,0.022669775286472543,0.03406915300964926,0.09553968467861473,0.014084507042253521,0.5,0.42857142857142855,0.6666666666666666
1782,0.9428571428571428,0.48026315789473684,0.07424704939018385,0.19780977178741002,0.835736423662579,0.943661971830986,0.0,0.7142857142857142,0.3333333333333333
335,0.6285714285714286,0.24342105263157895,0.039501518483610845,0.11988819114718946,0.3371513273143781,0.014084507042253521,1.0,0.42857142857142855,1.0
2839,0.7142857142857143,0.39473684210526316,0.06189129751806473,0.15503905651707767,0.5456137986794232,0.7183098591549296,0.0,0.5714285714285714,0.3333333333333333
3087,0.8714285714285714,0.1513157894736842,0.02654221519564623,0.1662837596364936,0.3503570947311683,0.07042253521126761,0.5,0.2857142857142857,0.0
515,0.028571428571428574,0.12499999999999997,0.023248507697141062,0.005016082095267269,0.013744778331761218,0.04225352112676056,0.0,0.42857142857142855,0.3333333333333333
1348,0.04285714285714286,0.09210526315789472,0.021677662582469365,0.003511804476730192,0.018056865651529443,0.056338028169014086,0.0,0.8571428571428571,0.6666666666666666
1015,0.41428571428571426,0.3355263157894737,0.05300031416902293,0.08014244141522438,0.28203746125859047,0.028169014084507043,0.5,0.5714285714285714,0.6666666666666666
2816,0.3857142857142857,0.19736842105263155,0.03325703514204928,0.0434982386276612,0.1840722274626061,0.014084507042253521,1.0,0.7142857142857142,0.6666666666666666
3510,0.6142857142857143,0.3355263157894737,0.053101705080969924,0.08411373432816227,0.41517315725643444,0.014084507042253521,1.0,0.8571428571428571,0.3333333333333333
3504,0.35714285714285715,0.4144736842105263,0.06452548394112956,0.08155919742686477,0.2870233122220725,0.028169014084507043,0.5,0.5714285714285714,0.6666666666666666
2809,0.5142857142857143,0.19078947368421054,0.03194334768321573,0.11254913973553887,0.23689529712976687,0.014084507042253521,1.0,0.2857142857142857,1.0
3205,0.17142857142857143,0.2828947368421052,0.04451533386500399,0.024863429825904934,0.10537663387683599,0.0,1.0,0.7142857142857142,0.3333333333333333
1781,0.45714285714285713,0.32894736842105265,0.052866078313769174,0.08803032623678972,0.3097965233795984,0.4647887323943662,0.0,0.5714285714285714,1.0
2569,0.5428571428571429,0.019736842105263164,0.007854225573358464,0.04115293306785112,0.11548308853254277,0.014084507042253521,1.0,0.42857142857142855,0.3333333333333333
1785,0.028571428571428574,0.381578947368421,0.06126295947219604,0.00853882677285955,0.03004985850963482,0.04225352112676056,0.0,0.5714285714285714,0.6666666666666666
2070,0.2857142857142857,0.1644736842105263,0.029801175889771554,0.045317047020983305,0.12720657593316265,0.29577464788732394,0.0,0.42857142857142855,0.6666666666666666
356,0.9,0.20394736842105263,0.034799128180961356,0.15545068157451372,0.43727260477024654,0.07042253521126761,0.5,0.42857142857142855,0.0
3565,0.2857142857142857,0.30263157894736836,0.32049728468201605,0.2028149136818152,0.9999999999999999,0.29577464788732394,0.0,0.8571428571428571,0.3333333333333333
1312,0.11428571428571427,0.618421052631579,0.09299403078856425,0.09653086230663195,0.13475272874275704,0.1267605633802817,0.0,0.14285714285714285,0.3333333333333333
1635,0.9857142857142858,0.09868421052631579,0.01922714420358152,0.11471894623985296,0.32259803261016035,0.028169014084507043,1.0,0.42857142857142855,0.6666666666666666
550,0.7857142857142857,0.5328947368421053,0.08115659081728828,0.2677860315515393,0.7535372591294973,0.056338028169014086,0.5,0.42857142857142855,0.0
2388,0.9,0.493421052631579,0.07591599905749292,0.23116097411548478,0.8135022234200242,0.028169014084507043,1.0,0.5714285714285714,0.6666666666666666
2479,0.45714285714285713,0.381578947368421,0.06006340502099221,0.24500306325624138,0.3437542110227732,0.014084507042253521,1.0,0.14285714285714285,0.6666666666666666
2521,0.07142857142857142,0.26315789473684215,0.04021363493559535,0.021161995200898554,0.04392938957013879,0.08450704225352113,0.0,0.2857142857142857,0.3333333333333333
2265,0.9428571428571428,0.381578947368421,0.05992656885225148,0.2482577730127125,0.6985581458024525,0.028169014084507043,1.0,0.42857142857142855,0.0
2959,0.2571428571428571,0.006578947368421045,0.005903070588818889,0.017891330984836883,0.04999326236356286,0.014084507042253521,0.5,0.42857142857142855,0.0
1227,0.6,0.19736842105263155,0.03357955417223769,0.20374483075509267,0.2856757849346449,0.6056338028169014,0.0,0.14285714285714285,0.0
3646,0.3857142857142857,0.2302631578947368,0.03874377272115255,0.0979348547505999,0.2060369222476755,0.3943661971830986,0.0,0.2857142857142857,0.6666666666666666
3059,0.21428571428571427,0.4605263157894737,0.07180725730442979,0.06853078572522592,0.1925616493733998,0.0,1.0,0.42857142857142855,0.3333333333333333
957,0.7428571428571429,0.5263157894736842,0.08034428182739672,0.16730484505028845,0.7069128149845034,0.7464788732394366,0.0,0.7142857142857142,0.6666666666666666
1773,0.09999999999999999,0.13157894736842105,0.024269557021677664,0.014684484607137387,0.04096482953779814,0.0,1.0,0.42857142857142855,0.6666666666666666
2141,0.8285714285714286,0.26973684210526316,0.043690793782648285,0.13581712360238934,0.47796792885055916,0.028169014084507043,1.0,0.5714285714285714,0.6666666666666666
1008,0.014285714285714285,0.4276315789473685,0.06691800188501414,0.007600704548935518,0.021021425683870096,0.028169014084507043,0.0,0.42857142857142855,1.0
3118,0.05714285714285714,0.11842105263157895,0.01602262016965127,0.006882753867361004,0.019000134752728742,0.07042253521126761,0.0,0.42857142857142855,0.0
1092,0.15714285714285714,0.2828947368421052,0.04398366321080741,0.045923316485424005,0.09621344832232852,0.16901408450704225,0.0,0.2857142857142857,1.0
3333,0.41428571428571426,0.256578947368421,0.04216148287778825,0.06693214887425333,0.2355477698423393,0.4225352112676056,0.0,0.5714285714285714,0.0
2744,0.35714285714285715,0.05263157894736842,0.012216341622562167,0.02630571297289018,0.09257512464627407,0.36619718309859156,0.0,0.5714285714285714,1.0
3552,0.8285714285714286,0.32894736842105265,0.05218933209795684,0.1561877776075969,0.549656380541706,0.8309859154929577,0.0,0.5714285714285714,0.6666666666666666
996,0.7285714285714286,0.256578947368421,0.042195316464873484,0.07259917292081483,0.4099178008354669,0.056338028169014086,0.5,1.0,0.3333333333333333
1679,0.45714285714285713,0.17105263157894737,0.02933196241396053,0.04018882786687964,0.19876027489556664,0.4647887323943662,0.0,0.8571428571428571,0.6666666666666666
153,0.014285714285714285,0.5855263157894737,0.09048067860508953,0.005481040631906001,0.027759062121007948,0.028169014084507043,0.0,0.8571428571428571,0.6666666666666666
3147,0.5571428571428572,0.4736842105263158,0.07339773798303487,0.1401822637463624,0.4933297399272335,0.5633802816901409,0.0,0.5714285714285714,0.3333333333333333
3476,0.42857142857142855,0.24342105263157895,0.04083183849685324,0.08451715423495175,0.23756906077348064,0.4366197183098592,0.0,0.42857142857142855,0.6666666666666666
2908,0.7571428571428571,0.06578947368421054,0.014050336859007924,0.09908357584111911,0.20846247136504514,0.056338028169014086,0.5,0.2857142857142857,1.0
2837,0.8428571428571429,0.48684210526315785,0.07502356267672007,0.17866442027875631,0.7548847864169249,0.028169014084507043,1.0,0.7142857142857142,0.6666666666666666
580,0.5285714285714286,0.3223684210526315,0.051813085966565794,0.0711495963065882,0.35130036383236757,0.5352112676056339,0.0,0.8571428571428571,0.6666666666666666
1470,0.6285714285714286,0.05921052631578946,0.013718714001466122,0.0609683718793077,0.1712707182320442,0.6338028169014085,0.0,0.42857142857142855,1.0
703,0.7571428571428571,0.24999999999999997,0.04159248786958494,0.1497070761219176,0.4211022773211157,0.7605633802816901,0.0,0.42857142857142855,0.6666666666666666
1212,0.2857142857142857,0.493421052631579,0.0758942596831381,0.07547097564711289,0.2655976283519741,0.014084507042253521,0.5,0.5714285714285714,0.6666666666666666
896,1.0,0.631578947368421,0.08550264831211586,0.2028149136818152,0.9999999999999999,0.07042253521126761,0.5,0.8571428571428571,0.6666666666666666
487,0.8285714285714286,0.5263157894736842,0.08038467068164028,0.27984760300199113,0.7874949467726721,0.8309859154929577,0.0,0.42857142857142855,0.6666666666666666
559,0.014285714285714285,0.02631578947368421,0.01649387370405278,0.0018762444478480622,0.006602883708395095,0.028169014084507043,0.0,0.5714285714285714,0.3333333333333333
1141,0.22857142857142856,0.5197368421052632,0.07972500970227865,0.0636391484147649,0.2239590351704622,0.23943661971830987,0.0,0.5714285714285714,0.6666666666666666
1119,0.04285714285714286,0.2236842105263158,0.03298774740810556,0.011972226476744778,0.02452499663118178,0.056338028169014086,0.0,0.2857142857142857,0.0
2849,0.49999999999999994,0.5,0.07678814535553462,0.1639703629958646,0.46125859048645734,0.04225352112676056,0.5,0.42857142857142855,0.6666666666666666
512,0.6714285714285715,0.4342105263157895,0.06693763744894753,0.2599045285138102,0.5480393477967929,0.056338028169014086,0.5,0.2857142857142857,0.0
633,0.3714285714285714,0.5,0.07627325723461444,0.12213776994945627,0.34348470556528765,0.028169014084507043,0.5,0.42857142857142855,0.6666666666666666
3734,0.2571428571428571,0.21052631578947364,0.03616250806091572,0.03756317965997856,0.13219242689664465,0.014084507042253521,0.5,0.5714285714285714,0.3333333333333333
1664,0.9142857142857143,0.23684210526315788,0.03917929384470384,0.13776994945627202,0.4848403180164398,0.9154929577464789,0.0,0.5714285714285714,1.0
1012,0.4857142857142857,0.032894736842105254,0.010098290022889457,0.032585388267728596,0.11467457216008622,0.49295774647887325,0.0,0.5714285714285714,1.0
1931,0.9428571428571428,0.19736842105263155,0.034028725364693965,0.16014129269413388,0.45047837218703674,0.943661971830986,0.0,0.42857142857142855,1.0
1150,0.3,0.15789473684210528,0.027675434838488562,0.04512559350589677,0.12666756501819162,0.3098591549295775,0.0,0.42857142857142855,0.6666666666666666
2838,0.6857142857142857,0.15789473684210528,0.027582757891092345,0.08064022055444939,0.2837892467322463,0.056338028169014086,0.5,0.5714285714285714,1.0
3506,0.8142857142857143,0.1776315789473684,0.03102148266111996,0.10365293306785113,0.3647756367066433,0.028169014084507043,1.0,0.5714285714285714,1.0
116,0.5142857142857143,0.29605263157894735,0.047227246096237616,0.15083984275284626,0.31774693437542106,0.014084507042253521,1.0,0.2857142857142857,0.0
740,0.0857142857142857,0.1644736842105263,0.02894843139894978,0.009451421861438708,0.04029106589408435,0.09859154929577466,0.0,0.7142857142857142,1.0
3448,0.22857142857142856,0.3157894736842105,0.04995287464655984,0.10849670699954052,0.15159681983560166,0.0,1.0,0.14285714285714285,0.6666666666666666
1974,0.5285714285714286,0.12499999999999997,0.023413859814474927,0.05598100781130341,0.1970084894219108,0.5352112676056339,0.0,0.5714285714285714,0.0
1081,0.5142857142857143,0.5263157894736842,0.08062256412869043,0.14048858937050085,0.49440776175717555,0.5211267605633803,0.0,0.5714285714285714,1.0
1810,0.9714285714285714,0.11842105263157895,0.022073788741821358,0.12304717414611732,0.34604500741140004,0.971830985915493,0.0,0.42857142857142855,0.3333333333333333
830,0.7285714285714286,0.618421052631579,0.09377945334590009,0.28195359166794304,0.7934240668373534,0.7323943661971831,0.0,0.42857142857142855,0.6666666666666666
119,0.6714285714285715,0.18421052631578946,0.03186852026390198,0.1093103844386583,0.3073709742622288,0.676056338028169,0.0,0.42857142857142855,0.3333333333333333
656,0.1857142857142857,0.2763157894736842,0.04476908576814326,0.026937509572675756,0.1141355612451152,0.1971830985915493,0.0,0.7142857142857142,0.3333333333333333
3407,0.6714285714285715,0.20394736842105263,0.034813854853911405,0.07748123755552153,0.3275838835736423,0.028169014084507043,1.0,0.7142857142857142,0.0
3356,0.6,0.5921052631578947,0.09065602875742498,0.30183284831776175,0.6365718905807842,0.6056338028169014,0.0,0.2857142857142857,0.0
3658,0.8428571428571429,0.09210526315789472,0.01806471881872447,0.189960177668862,0.2662713919956879,0.07042253521126761,0.5,0.14285714285714285,0.6666666666666666
635,0.9142857142857143,0.10526315789473684,0.020285652142391065,0.07314162454689334,0.3092575124646274,0.028169014084507043,1.0,0.7142857142857142,0.6666666666666666
369,0.0,0.5855263157894737,0.09048067860508953,0.002973911267677541,0.012936261959304675,0.014084507042253521,0.0,0.7142857142857142,0.6666666666666666
268,0.9285714285714286,0.1776315789473684,0.03070288178676492,0.11716955123296063,0.4123433499528365,0.07042253521126761,0.5,0.5714285714285714,0.3333333333333333
2703,0.8857142857142858,0.13815789473684212,0.024774471522822132,0.12094118548016541,0.34011588734671877,0.8873239436619719,0.0,0.42857142857142855,0.6666666666666666
2983,0.9142857142857143,0.4736842105263158,0.07283404625534692,0.3780951651605657,0.7976014014283789,0.9154929577464789,0.0,0.2857142857142857,0.6666666666666666
2870,0.2714285714285714,0.6118421052631579,0.09302544769085769,0.08577117475876858,0.30184611238377573,0.0,1.0,0.5714285714285714,0.6666666666666666
2914,0.3,0.11842105263157895,0.0224059634992717,0.03923839791698576,0.11009297938283248,0.3098591549295775,0.0,0.42857142857142855,0.0
46,0.6428571428571429,0.032894736842105254,0.009998770642953736,0.05364527492724767,0.15065355073440237,0.014084507042253521,1.0,0.42857142857142855,0.6666666666666666
3467,0.9,0.5,0.07699104618284637,0.2339561954357482,0.8233391726182454,0.07042253521126761,0.5,0.5714285714285714,0.0
991,0.7857142857142857,0.3355263157894737,0.052696243436111484,0.18684905804870577,0.5256703948254952,0.7887323943661972,0.0,0.42857142857142855,0.6666666666666666
876,0.6714285714285715,0.5723684210526315,0.08686773484134465,0.48728748659825394,0.6848133674706912,0.676056338028169,0.0,0.14285714285714285,0.0
773,0.34285714285714286,0.5197368421052632,0.08007540056550423,0.07840659621177311,0.3314917127071823,0.35211267605633806,0.0,0.7142857142857142,1.0
1219,0.9714285714285714,0.23684210526315788,0.03875206600281386,0.14508347373257774,0.5105780892063064,0.971830985915493,0.0,0.5714285714285714,1.0
1126,0.8571428571428572,0.5460526315789473,0.08369771789681865,0.3996655945269822,0.8431478237434308,0.028169014084507043,1.0,0.2857142857142857,1.0
4,0.7285714285714286,0.07236842105263158,0.015261364460233452,0.04240421854145242,0.20967524592372994,0.028169014084507043,1.0,0.8571428571428571,0.6666666666666666
3051,0.45714285714285713,0.4407894736842105,0.0685745294604861,0.10909021289630878,0.3839105241881148,0.4647887323943662,0.0,0.5714285714285714,0.0
1595,0.6428571428571429,0.21052631578947364,0.03526205794369544,0.09002144279368969,0.31680366527422177,0.014084507042253521,1.0,0.5714285714285714,1.0
3124,0.5142857142857143,0.4342105263157895,0.06750388465751331,0.12076887731658754,0.4250101064546557,0.014084507042253521,1.0,0.5714285714285714,0.3333333333333333
2311,0.9714285714285714,0.32894736842105265,0.05194716496605607,0.18207229284729667,0.6407492251718097,0.07042253521126761,0.5,0.5714285714285714,1.0
3040,0.35714285714285715,0.06578947368421054,0.014790110925831945,0.02902435288711901,0.10214256838700982,0.36619718309859156,0.0,0.5714285714285714,1.0
3588,0.4857142857142857,0.19736842105263155,0.033337821462232395,0.05460254250268035,0.23096617706508554,0.028169014084507043,0.5,0.7142857142857142,0.3333333333333333
2491,0.028571428571428574,0.5263157894736842,0.07854225573358466,0.010644815438811456,0.037461258590486456,0.04225352112676056,0.0,0.5714285714285714,1.0
3050,0.19999999999999998,0.10526315789473684,0.020860823122840086,0.020217491193138308,0.0711494407761757,0.2112676056338028,0.0,0.5714285714285714,0.0
1077,0.04285714285714286,0.4144736842105263,0.06432610744580584,0.015210981773625364,0.042447109553968465,0.056338028169014086,0.0,0.42857142857142855,0.3333333333333333
837,0.7571428571428571,0.48026315789473684,0.07414388941250392,0.19107060805636392,0.6724161164263576,0.7605633802816901,0.0,0.5714285714285714,0.0
681,0.6,0.6513157894736842,0.09815224776976525,0.48575585847756164,0.6826573238108071,0.6056338028169014,0.0,0.14285714285714285,0.0
1715,0.6571428571428571,0.5723684210526315,0.08669059698798805,0.19018992188696585,0.6693168036652741,0.6619718309859155,0.0,0.5714285714285714,1.0
2352,0.12857142857142856,0.6381578947368421,0.09632422243166824,0.04395772706386889,0.15469613259668508,0.0,1.0,0.5714285714285714,1.0
2617,0.2857142857142857,0.2894736842105263,0.046227727660338405,0.06283504365140144,0.1765260746530117,0.0,1.0,0.42857142857142855,1.0
2361,0.9428571428571428,0.631578947368421,0.0913950511345253,0.4739495583805586,0.9999999999999999,0.943661971830986,0.0,0.2857142857142857,0.6666666666666666
2197,0.7000000000000001,0.019736842105263164,0.008180961357210179,0.03564864450911319,0.1509230561918879,0.7042253521126761,0.0,0.7142857142857142,0.0
1148,0.5285714285714286,0.019736842105263164,0.008333746713626668,0.04100934293153622,0.1150788303463145,0.5352112676056339,0.0,0.42857142857142855,0.6666666666666666
574,0.11428571428571427,0.39473684210526316,0.061577128495130376,0.02680349211211518,0.09432691011992991,0.0,0.5,0.5714285714285714,1.0
50,0.8,0.19736842105263155,0.03310349389023927,0.1781538775718589,0.3754211022773211,0.8028169014084507,0.0,0.2857142857142857,0.0
853,0.45714285714285713,0.032894736842105254,0.009824922171764772,0.0380418134476949,0.10672416116426356,0.028169014084507043,0.5,0.42857142857142855,0.6666666666666666
1982,0.6285714285714286,1.0,0.012943763744894754,0.059197426864757235,0.16628486726856218,0.6338028169014085,0.0,0.42857142857142855,1.0
2774,0.41428571428571426,0.493421052631579,0.07631165567075086,0.09037244090468168,0.3820239859857162,0.4225352112676056,0.0,0.7142857142857142,0.0
1823,0.35714285714285715,0.18421052631578946,0.03190023925179439,0.039158625619033036,0.16574585635359115,0.36619718309859156,0.0,0.7142857142857142,0.6666666666666666
833,0.6428571428571429,0.2894736842105263,0.04710486415604639,0.1403258538826773,0.39469074248753533,0.647887323943662,0.0,0.42857142857142855,0.6666666666666666
1115,0.7571428571428571,0.08552631578947367,0.017645826788145354,0.055846990350742844,0.23622153348605307,0.7605633802816901,0.0,0.7142857142857142,0.3333333333333333
1166,0.19999999999999998,0.1513157894736842,0.026076028903550104,0.02339561954357482,0.08233391726182454,0.0,1.0,0.5714285714285714,0.6666666666666666
2518,0.7428571428571429,0.48026315789473684,0.0740668290861238,0.1873564098636851,0.6593451017383102,0.028169014084507043,1.0,0.5714285714285714,1.0
1906,0.7142857142857143,0.006578947368421045,0.0058583282511873724,0.03894164496860162,0.1370435251313839,0.7183098591549296,0.0,0.5714285714285714,0.3333333333333333
971,0.5285714285714286,0.36184210526315785,0.05667443821618136,0.08935135549088681,0.37771189866594795,0.014084507042253521,1.0,0.7142857142857142,1.0
2701,0.9428571428571428,0.35526315789473684,0.056634827746282715,0.18953897993567162,0.6670260072766473,0.943661971830986,0.0,0.5714285714285714,1.0
399,0.05714285714285714,0.5,0.07728557964184732,0.030096492571603614,0.06279477159412476,0.07042253521126761,0.0,0.2857142857142857,0.6666666666666666
2559,0.17142857142857143,0.23684210526315788,0.03900529253969405,0.04541277377852657,0.09513542649238646,0.18309859154929578,0.0,0.2857142857142857,0.3333333333333333
2368,0.14285714285714285,0.5986842105263158,0.09039499614428925,0.04575739010568234,0.16102951084759465,0.0,0.5,0.5714285714285714,1.0
19,0.14285714285714285,0.26315789473684215,0.043355325164938736,0.02473579414918058,0.08705026276782103,0.0,1.0,0.5714285714285714,0.3333333333333333
684,0.3142857142857143,0.4276315789473685,0.06683604474859649,0.061782049318425486,0.2612855410322059,0.323943661971831,0.0,0.7142857142857142,1.0
35,0.0857142857142857,0.15789473684210528,0.02760199272923118,0.011066013172001838,0.03894353860665678,0.0,0.5,0.5714285714285714,0.6666666666666666
2950,0.7142857142857143,0.506578947368421,0.07769215131858587,0.23485602695665492,0.6608273817544805,0.7183098591549296,0.0,0.42857142857142855,0.6666666666666666
3537,0.14285714285714285,0.2763157894736842,0.04429783223374175,0.025156991882370958,0.08853254278399136,0.0,0.5,0.5714285714285714,0.6666666666666666
2875,0.8571428571428572,0.381578947368421,0.05985692433676859,0.18050237402358707,0.6352243632933566,0.07042253521126761,0.5,0.5714285714285714,0.3333333333333333
524,0.3142857142857143,0.5131578947368421,0.07970331516616809,0.07180144994128759,0.3035978978574316,0.323943661971831,0.0,0.7142857142857142,0.0
2455,0.9714285714285714,0.45394736842105265,0.07075632777390757,0.39168836473170976,0.8263037326505861,0.971830985915493,0.0,0.2857142857142857,0.3333333333333333
920,0.2857142857142857,0.4671052631578947,0.0709124366051793,0.11905855924848113,0.25064007546152806,0.014084507042253521,0.5,0.2857142857142857,0.3333333333333333
1841,0.8285714285714286,0.4736842105263158,0.07289253821946037,0.171421095624649,0.724295916992319,0.8309859154929577,0.0,0.7142857142857142,0.6666666666666666
1890,0.5285714285714286,0.4407894736842105,0.0681581427650181,0.20878643998570479,0.4401024120738445,0.5352112676056339,0.0,0.2857142857142857,0.0
537,0.17142857142857143,0.032894736842105254,0.011165083738128037,0.015546025425026803,0.04339037865516777,0.0,1.0,0.42857142857142855,0.6666666666666666
2806,0.8428571428571429,0.18421052631578946,0.03188815582783538,0.136831827232348,0.3848537932893141,0.8450704225352113,0.0,0.42857142857142855,1.0
1705,0.49999999999999994,0.5460526315789473,0.08372604461200125,0.11759074896615102,0.49696806360328794,0.5070422535211268,0.0,0.7142857142857142,0.6666666666666666
3657,0.41428571428571426,0.506578947368421,0.07788250078542257,0.11046867820493184,0.38876162242285406,0.014084507042253521,1.0,0.5714285714285714,0.3333333333333333
3110,0.1857142857142857,0.5855263157894737,0.08873030833445536,0.0574360545259611,0.20212909311413554,0.0,1.0,0.5714285714285714,0.6666666666666666
3247,0.8571428571428572,0.6578947368421053,0.09947312309760356,0.2321437688262623,0.9807303597897856,0.8591549295774648,0.0,0.7142857142857142,1.0
245,0.24285714285714283,0.6118421052631579,0.09226096973505078,0.09586077500382907,0.2695054574855141,0.2535211267605634,0.0,0.42857142857142855,0.0
3175,0.05714285714285714,0.4144736842105263,0.06503298774740811,0.012706131617909839,0.05403584422584557,0.0,0.5,0.7142857142857142,0.3333333333333333
784,0.11428571428571427,0.375,0.058435438265786996,0.021289630877622912,0.0902843282576472,0.1267605633802817,0.0,0.7142857142857142,0.6666666666666666
1409,0.028571428571428574,0.05263157894736842,0.011938422871504869,0.001651970330175262,0.008893680097021964,0.0,1.0,0.8571428571428571,0.0
2537,0.5142857142857143,0.26315789473684215,0.0430751203607,0.0699507326287844,0.2957822395903517,0.5211267605633803,0.0,0.7142857142857142,0.0
154,0.7285714285714286,0.26973684210526316,0.04377220329152469,0.14989852963700415,0.42164128823608676,0.7323943661971831,0.0,0.42857142857142855,1.0
3009,0.34285714285714286,0.4736842105263158,0.07298774740810555,0.0869964772553224,0.30615819970354397,0.35211267605633806,0.0,0.5714285714285714,0.6666666666666666
1686,0.49999999999999994,0.381578947368421,0.060215729395748235,0.13367284423342013,0.3759601131922921,0.5070422535211268,0.0,0.42857142857142855,0.3333333333333333
2901,0.22857142857142856,0.20394736842105263,0.03431834562288629,0.04048284576504824,0.11359655033014417,0.0,1.0,0.42857142857142855,0.6666666666666666
625,0.11428571428571427,0.256578947368421,0.04188920305791182,0.03303211313626385,0.0689933971162916,0.1267605633802817,0.0,0.2857142857142857,0.6666666666666666
2733,0.41428571428571426,0.45394736842105265,0.07093936537857366,0.08491601572471537,0.35898126937070474,0.4225352112676056,0.0,0.7142857142857142,0.6666666666666666
3592,0.0,0.11184210526315788,0.02073515551366635,0.0011870117935365294,0.0029645600323406547,0.0,1.0,0.42857142857142855,0.6666666666666666
1346,0.1857142857142857,0.48684210526315785,0.07593914097212871,0.06283504365140144,0.1765260746530117,0.1971830985915493,0.0,0.42857142857142855,1.0
569,0.5142857142857143,0.4013157894736842,0.06304608095371525,0.07109147648950835,0.4014283789246732,0.5211267605633803,0.0,1.0,1.0
3659,0.24285714285714283,0.1513157894736842,0.02639019792648445,0.04771021595956502,0.09998652472712571,0.014084507042253521,0.5,0.2857142857142857,0.3333333333333333
1758,0.8,0.4342105263157895,0.06691800188501414,0.15406264359013633,0.6509904325562592,0.8028169014084507,0.0,0.7142857142857142,0.6666666666666666
1816,0.41428571428571426,0.5723684210526315,0.08715048696198555,0.086821434041529,0.4285136774019674,0.014084507042253521,1.0,0.8571428571428571,0.6666666666666666
2065,0.3142857142857143,0.32894736842105265,0.05220669589804533,0.07585388267728596,0.21317881687104162,0.323943661971831,0.0,0.42857142857142855,1.0
127,0.9285714285714286,0.1776315789473684,0.03023162825236341,0.2905689998468372,0.4078965099043255,0.9295774647887324,0.0,0.14285714285714285,0.6666666666666666
3719,0.5142857142857143,0.1776315789473684,0.17619787553812058,0.4739495583805586,0.9999999999999999,0.04225352112676056,0.5,0.2857142857142857,0.6666666666666666
2006,0.8142857142857143,0.48684210526315785,0.07478306087295654,0.20676979629345996,0.7276647352108879,0.8169014084507042,0.0,0.5714285714285714,0.6666666666666666
2975,0.7571428571428571,0.5131578947368421,0.07906587077180856,0.16813447694899677,0.7104163859318151,0.7605633802816901,0.0,0.7142857142857142,0.3333333333333333
980,0.5285714285714286,0.21052631578947364,0.03586487424971477,0.07520294072599173,0.2646543592507748,0.5352112676056339,0.0,0.5714285714285714,1.0
3715,0.35714285714285715,0.4276315789473685,0.06597549481621112,0.1039975493950069,0.2924134213717828,0.014084507042253521,1.0,0.42857142857142855,0.0
190,0.5857142857142857,0.4144736842105263,0.06418024325658633,0.16449686016235257,0.46274087050262763,0.5915492957746479,0.0,0.42857142857142855,1.0
1139,0.0,0.02631578947368421,0.0,0.0,0.0,0.0,0.5,0.5714285714285714,0.6666666666666666
992,0.8,0.4276315789473685,0.06663690328554657,0.30757645377035786,0.6486996361676324,0.8028169014084507,0.0,0.2857142857142857,0.6666666666666666
699,0.9857142857142858,0.3157894736842105,0.050854988555271305,0.45483611579108596,0.6391321924268966,0.028169014084507043,1.0,0.14285714285714285,0.0
3408,0.41428571428571426,0.1644736842105263,0.02990889098334904,0.05199877469750344,0.18299420563266405,0.014084507042253521,1.0,0.5714285714285714,0.6666666666666666
606,0.5857142857142857,0.04605263157894737,0.01187110093801894,0.05292732424567315,0.148632259803261,0.04225352112676056,0.5,0.42857142857142855,0.6666666666666666
180,0.3857142857142857,0.39473684210526316,0.06176787397334052,0.08473732577730127,0.2982077887077213,0.3943661971830986,0.0,0.5714285714285714,0.6666666666666666
301,0.3857142857142857,0.23684210526315788,0.03901306045509627,0.07370003063256242,0.20711494407761757,0.3943661971830986,0.0,0.42857142857142855,0.3333333333333333
2544,0.32857142857142857,0.21052631578947364,0.035265472824379515,0.033214449817298645,0.16439832906616358,0.3380281690140845,0.0,0.8571428571428571,0.3333333333333333
3468,0.9142857142857143,0.36184210526315785,0.05672442543319074,0.922652779905039,0.6478911197951758,0.07042253521126761,0.5,0.0,1.0
1060,0.8428571428571429,0.29605263157894735,0.04750235626767201,0.24605605758921734,0.5187980056596145,0.028169014084507043,1.0,0.2857142857142857,0.6666666666666666
3524,0.8,0.5328947368421053,0.08128710088132679,0.2729552764588758,0.768090553833715,0.028169014084507043,1.0,0.42857142857142855,1.0
3594,0.9428571428571428,0.44736842105263164,0.06971738855205593,0.16066778986062186,0.7923460450074113,0.943661971830986,0.0,0.8571428571428571,0.6666666666666666
2565,0.9571428571428572,0.18421052631578946,0.03214226312579697,0.15602504211977333,0.43888963751515964,0.028169014084507043,1.0,0.42857142857142855,0.3333333333333333
1069,0.19999999999999998,0.5657894736842105,0.08658498272070372,0.07547097564711289,0.21210079504109958,0.0,1.0,0.42857142857142855,0.6666666666666666
2524,0.7285714285714286,0.08552631578947367,0.017363880229101715,0.10706080563639149,0.22530656245788977,0.7323943661971831,0.0,0.2857142857142857,0.0
2205,0.8142857142857143,0.5986842105263158,0.09082193116448373,0.3058374176749885,0.8606656784799892,0.8169014084507042,0.0,0.42857142857142855,0.6666666666666666
1243,0.2857142857142857,0.4736842105263158,0.07293209460975719,0.09131375402052382,0.25670394825495213,0.29577464788732394,0.0,0.42857142857142855,0.0
3243,0.9571428571428572,0.05263157894736842,0.01273770582691135,0.059165517945576146,0.2502358172752998,0.9577464788732395,0.0,0.7142857142857142,1.0
16,0.7142857142857143,0.18421052631578946,0.03191587662397664,0.07735360187879715,0.3270448726586713,0.028169014084507043,1.0,0.7142857142857142,1.0
3120,0.8,0.13157894736842105,0.023810704896076194,0.08515852351049166,0.29969006872389164,0.056338028169014086,0.5,0.5714285714285714,0.0
3722,0.04285714285714286,0.4013157894736842,0.06479736098020734,0.015306708531168632,0.042716615011453976,0.056338028169014086,0.0,0.42857142857142855,1.0
546,0.1857142857142857,0.2828947368421052,0.047731250841524166,0.05721907387552969,0.1200646813097965,0.1971830985915493,0.0,0.2857142857142857,0.6666666666666666
658,0.3,0.5394736842105263,0.08255505098106418,0.10643858171236024,0.29928581053766334,0.3098591549295775,0.0,0.42857142857142855,1.0
3371,1.0,0.5592105263157895,0.08547609881722,0.3552324245673151,0.9997304945425144,1.0,0.0,0.42857142857142855,1.0
3067,0.6857142857142857,0.4407894736842105,0.06828367539287157,0.16166334813907185,0.5689260207519202,0.6901408450704225,0.0,0.5714285714285714,0.3333333333333333
3414,0.45714285714285713,0.05263157894736842,0.012595321737640303,0.028277684178281512,0.11979517585231099,0.028169014084507043,0.5,0.7142857142857142,1.0
1504,0.8571428571428572,0.15789473684210528,0.02796619335300752,0.08446929085618012,0.35709473116830615,0.8591549295774648,0.0,0.7142857142857142,0.6666666666666666
959,0.09999999999999999,0.08552631578947367,0.01802544769085768,0.006711813228890882,0.033822934914432015,0.0,1.0,0.8571428571428571,0.3333333333333333
2926,0.6142857142857143,0.1776315789473684,0.030310170508096985,0.07723234798590901,0.2717962538741409,0.619718309859155,0.0,0.5714285714285714,1.0
2331,0.09999999999999999,0.3157894736842105,0.050306314797360974,0.016662837596364936,0.07074518258994743,0.11267605633802817,0.0,0.7142857142857142,0.6666666666666666
797,0.5857142857142857,0.493421052631579,0.07549032808222253,0.15078878848215654,0.5306562457889772,0.5915492957746479,0.0,0.5714285714285714,1.0
3348,1.0,0.20394736842105263,0.03443469487992991,0.13685097258385664,0.48160625252661365,1.0,0.0,0.5714285714285714,0.6666666666666666
225,0.0,0.5921052631578947,0.10179076343072573,0.003356818297850615,0.014553294704217758,0.014084507042253521,0.0,0.7142857142857142,0.0
2074,0.8142857142857143,0.4078947368421053,0.06381422860671455,0.2262884821565324,0.636706643309527,0.056338028169014086,0.5,0.42857142857142855,0.6666666666666666
1799,0.4857142857142857,0.23684210526315788,0.03901979264844486,0.052496553836728445,0.25939900282980727,0.014084507042253521,1.0,0.8571428571428571,0.6666666666666666
2485,0.8714285714285714,0.17105263157894737,0.029704174394211177,0.10752029407259917,0.37838566230966175,0.07042253521126761,0.5,0.5714285714285714,0.6666666666666666
3699,0.3,0.10526315789473684,0.020692314283266212,0.02470388522999949,0.1047028702331222,0.014084507042253521,0.5,0.7142857142857142,0.6666666666666666
2277,0.6714285714285715,0.5328947368421053,0.08170358152686145,0.230787639761066,0.6493733998113461,0.056338028169014086,0.5,0.42857142857142855,0.6666666666666666
2085,0.45714285714285713,0.3421052631578947,0.05429411932710708,0.11256509419512943,0.31653415981673627,0.4647887323943662,0.0,0.42857142857142855,0.3333333333333333
1693,0.41428571428571426,0.625,0.09469054351240967,0.1309542043191913,0.46085433230022904,0.4225352112676056,0.0,0.5714285714285714,0.6666666666666666
2797,0.5142857142857143,0.26973684210526316,0.04411952008558983,0.08561801194669934,0.30130710146880474,0.014084507042253521,1.0,0.5714285714285714,0.3333333333333333
1045,0.35714285714285715,0.6052631578947368,0.09127818458638438,0.10981773625363761,0.38647082603422717,0.36619718309859156,0.0,0.5714285714285714,0.6666666666666666
469,0.32857142857142857,0.06578947368421054,0.014255419415645617,0.02622913156685557,0.09230561918878856,0.3380281690140845,0.0,0.5714285714285714,0.0
954,0.014285714285714285,0.42105263157894735,0.06738925541941565,0.007648567927707153,0.021156178412612855,0.028169014084507043,0.0,0.42857142857142855,0.6666666666666666
3718,0.09999999999999999,0.3355263157894737,0.052191328934967016,0.01717338030326237,0.07290122624983154,0.11267605633802817,0.0,0.7142857142857142,1.0
2735,0.1857142857142857,0.11184210526315788,0.021273730981553787,0.02396998008883443,0.067106858913893,0.1971830985915493,0.0,0.42857142857142855,0.3333333333333333
3600,0.1857142857142857,0.17105263157894737,0.029352362999865357,0.023663654464695972,0.08327718636302384,0.1971830985915493,0.0,0.5714285714285714,1.0
639,1.0,1.0,0.03330634134685588,0.3347947618318272,0.4701522705834793,1.0,0.0,0.14285714285714285,1.0
3471,0.19999999999999998,0.10526315789473684,0.019855482249450204,0.049816204625516926,0.0689933971162916,0.2112676056338028,0.0,0.14285714285714285,1.0
1218,0.22857142857142856,0.4013157894736842,0.06198370017186894,0.05138612344922653,0.18083816197277994,0.23943661971830987,0.0,0.5714285714285714,0.6666666666666666
1158,0.42857142857142855,0.4605263157894737,0.07135690614453802,0.10595037524888958,0.3728608004312087,0.028169014084507043,0.5,0.5714285714285714,0.3333333333333333
1415,0.7857142857142857,0.4407894736842105,0.0687693550558772,0.23255858477561647,0.6543592507748281,0.056338028169014086,0.5,0.42857142857142855,0.3333333333333333
3383,0.14285714285714285,0.29605263157894735,0.04892468511695656,0.03416487976719253,0.09580919013610024,0.15492957746478875,0.0,0.42857142857142855,0.3333333333333333
1527,0.9,0.13157894736842105,0.024210650329877473,0.16156123959769234,0.34038539280420427,0.9014084507042254,0.0,0.2857142857142857,0.0
3647,0.17142857142857143,0.5394736842105263,0.08214311607337055,0.041424158880890384,0.1753133000943269,0.18309859154929578,0.0,0.7142857142857142,0.6666666666666666
1300,0.32857142857142857,0.3421052631578947,0.054901036757775676,0.08245902894777148,0.2317746934375421,0.028169014084507043,0.5,0.42857142857142855,0.0
3581,0.22857142857142856,0.02631578947368421,0.007928147696401839,0.023778526573747894,0.04945425144859183,0.014084507042253521,0.5,0.2857142857142857,1.0
2848,0.49999999999999994,0.3355263157894737,0.0533040108911928,0.09672231582171849,0.34038539280420427,0.5070422535211268,0.0,0.5714285714285714,0.6666666666666666
1603,0.5142857142857143,0.5460526315789473,0.08327177318694755,0.12030300709654362,0.5084220455464222,0.5211267605633803,0.0,0.7142857142857142,0.0
160,0.6,0.6381578947368421,0.096968634241501,0.24002527186399142,0.6753806764586983,0.6056338028169014,0.0,0.42857142857142855,0.6666666666666666
1704,0.9571428571428572,0.07236842105263158,0.015440483450684703,0.07857252259151477,0.27651259938013745,0.9577464788732395,0.0,0.5714285714285714,0.0
956,0.14285714285714285,0.18421052631578946,0.03221660526090309,0.01975800275693062,0.06953240803126262,0.15492957746478875,0.0,0.5714285714285714,0.6666666666666666
3234,0.12857142857142856,0.19736842105263155,0.033176248821866164,0.023012712513401746,0.06441180433903786,0.0,0.5,0.42857142857142855,0.6666666666666666
2869,0.8571428571428572,0.11842105263157895,0.022434758424622614,0.10983688160514628,0.3088532542783991,0.8591549295774648,0.0,0.42857142857142855,0.0
3639,0.12857142857142856,0.13815789473684212,0.02516493873704053,0.015048246285801809,0.05295782239590351,0.14084507042253522,0.0,0.5714285714285714,0.6666666666666666
877,0.014285714285714285,0.631578947368421,0.09849198868991517,0.005945999168544734,0.03004985850963482,0.028169014084507043,0.0,0.8571428571428571,0.6666666666666666
1919,0.7142857142857143,0.6118421052631579,0.093141875034651,0.21978863531934445,0.7734806629834253,0.7183098591549296,0.0,0.5714285714285714,0.3333333333333333
2961,0.35714285714285715,0.506578947368421,0.07826433698252735,0.09607137387042426,0.3380945964155774,0.028169014084507043,0.5,0.5714285714285714,1.0
1884,0.9142857142857143,0.3421052631578947,0.05378090335677517,0.17632868739470056,0.6205363158603961,0.9154929577464789,0.0,0.5714285714285714,0.6666666666666666
2200,0.9714285714285714,0.35526315789473684,0.055621576582114224,0.19237249195895237,0.6769977092036114,0.07042253521126761,0.5,0.5714285714285714,0.0
98,0.7000000000000001,0.18421052631578946,0.031705937794533456,0.07547097564711289,0.31909446166284866,0.7042253521126761,0.0,0.7142857142857142,0.6666666666666666
3534,0.7000000000000001,0.5855263157894737,0.08929311969839773,0.25969712053913313,0.7307640479719714,0.056338028169014086,0.5,0.42857142857142855,1.0
2557,0.42857142857142855,0.10526315789473684,0.020491927883007507,0.03481901261040486,0.1474194852445762,0.014084507042253521,1.0,0.7142857142857142,0.6666666666666666
3183,0.1857142857142857,0.17105263157894737,0.029958260401238723,0.03014435595037525,0.08448996092170866,0.1971830985915493,0.0,0.42857142857142855,0.0
3298,0.2857142857142857,0.368421052631579,0.058480319554777616,0.06061418287639761,0.2133135695997844,0.0,1.0,0.5714285714285714,0.0
253,0.44285714285714284,1.0,0.06780160226201697,0.13108822177975188,0.36868346584018324,0.4507042253521127,0.0,0.42857142857142855,0.6666666666666666
103,0.49999999999999994,0.5921052631578947,0.08979997905539847,0.15009955582784498,0.5282306966716076,0.5070422535211268,0.0,0.5714285714285714,0.6666666666666666
1445,0.6285714285714286,0.3223684210526315,0.051272384542884075,0.14678741001684792,0.41288236086780755,0.04225352112676056,0.5,0.42857142857142855,0.0
1443,0.8,0.4671052631578947,0.07215966400449758,0.24653469137693368,0.6937070475677132,0.8028169014084507,0.0,0.42857142857142855,0.6666666666666666
1648,0.6428571428571429,0.09210526315789472,0.018092037864197025,0.0725513095420432,0.2038808785877914,0.04225352112676056,0.5,0.42857142857142855,0.0
586,0.04285714285714286,0.19736842105263155,0.03652214891611687,0.012929494052177463,0.026546287562323134,0.056338028169014086,0.0,0.2857142857142857,0.0
627,0.5857142857142857,0.4342105263157895,0.06669359544006104,0.11305968244243632,0.4778331761218164,0.5915492957746479,0.0,0.7142857142857142,0.0
1696,0.7714285714285715,0.013157894736842118,0.006700368434581442,0.07355644049624752,0.15456137986794233,0.7746478873239436,0.0,0.2857142857142857,1.0
3191,0.7714285714285715,0.15789473684210528,0.028052437666009768,0.22987823556440495,0.3224632798814176,0.056338028169014086,0.5,0.14285714285714285,0.6666666666666666
2101,0.5571428571428572,0.12499999999999997,0.023444863336475025,0.07389148414764896,0.2076539549925886,0.04225352112676056,0.5,0.42857142857142855,0.0
2199,0.17142857142857143,0.30263157894736836,0.04937287029652722,0.027001327411037935,0.11440506670260071,0.18309859154929578,0.0,0.7142857142857142,1.0
403,0.17142857142857143,0.2828947368421052,0.045457840933807,0.038185403584009805,0.10712841935049183,0.18309859154929578,0.0,0.42857142857142855,0.0
1154,0.9571428571428572,0.1776315789473684,0.03017408659976714,0.14922844233420127,0.4197547500336882,0.9577464788732395,0.0,0.42857142857142855,0.6666666666666666
2255,0.0857142857142857,0.13815789473684212,0.02463982765585028,0.026363149027416145,0.035978978574316124,0.09859154929577466,0.0,0.14285714285714285,0.0
2863,0.5428571428571429,0.45394736842105265,0.07042219483312791,0.10986879052432735,0.4643579032475407,0.5492957746478874,0.0,0.7142857142857142,0.6666666666666666
1682,1.0,0.631578947368421,0.08550264831211586,0.17739604074130802,0.9999999999999999,0.07042253521126761,0.5,1.0,0.0
3170,0.1857142857142857,0.11842105263157895,0.021677662582469365,0.015992750293562057,0.06791537528634954,0.1971830985915493,0.0,0.7142857142857142,0.3333333333333333
3508,0.3857142857142857,0.05921052631578946,0.014070284098559309,0.03823326696278144,0.1072631720792346,0.3943661971830986,0.0,0.42857142857142855,0.6666666666666666
2056,0.6857142857142857,0.08552631578947367,0.017580642058897075,0.04322473360610901,0.21371782778601267,0.6901408450704225,0.0,0.8571428571428571,0.6666666666666666
3062,0.09999999999999999,0.09868421052631579,0.01873232799245994,0.016758564353908205,0.034631451286888555,0.11267605633802817,0.0,0.2857142857142857,0.6666666666666666
3555,0.8142857142857143,0.08552631578947367,0.017111378335337515,0.0504726166772422,0.24942730090284326,0.8169014084507042,0.0,0.8571428571428571,0.6666666666666666
3108,0.028571428571428574,0.019736842105263164,0.006283380458686774,0.0014422831469852453,0.0064681309796523374,0.04225352112676056,0.0,0.7142857142857142,0.0
452,0.6857142857142857,0.5131578947368421,0.07872819250226008,0.22820301730739775,0.6420967524592373,0.028169014084507043,1.0,0.42857142857142855,0.6666666666666666
2301,0.014285714285714285,0.493421052631579,0.0711592836946277,0.008031474957880227,0.02223420024255491,0.0,1.0,0.42857142857142855,0.0
1327,0.24285714285714283,0.39473684210526316,0.06210074353335428,0.05452596109664574,0.19188788572968601,0.2535211267605634,0.0,0.5714285714285714,0.3333333333333333
2944,0.8571428571428572,0.368421052631579,0.0576628914880796,0.17506509419512944,0.6160894758118851,0.8591549295774648,0.0,0.5714285714285714,0.6666666666666666
2049,0.8428571428571429,0.5263157894736842,0.08081998114985862,0.381413692755399,0.8046085433230022,0.028169014084507043,1.0,0.2857142857142857,0.6666666666666666
880,0.6428571428571429,0.13815789473684212,0.025058394459697576,0.0709526726910706,0.24969680636032876,0.647887323943662,0.0,0.5714285714285714,0.6666666666666666
3642,0.8285714285714286,0.15789473684210528,0.02765219891691561,0.06939916416865413,0.34267618919283116,0.056338028169014086,0.5,0.8571428571428571,0.0
623,0.39999999999999997,0.4605263157894737,0.07179303844778835,0.09959411854801654,0.350491847459911,0.4084507042253521,0.0,0.5714285714285714,1.0
2393,0.7714285714285715,0.05921052631578946,0.014034787079084909,0.06030785725225916,0.21223554776984233,0.028169014084507043,1.0,0.5714285714285714,0.6666666666666666
3462,0.19999999999999998,0.5328947368421053,0.08212378259503614,0.04095464192722579,0.20253335130036382,0.0,1.0,0.8571428571428571,0.6666666666666666
1787,0.41428571428571426,0.6578947368421053,0.09940307885642476,0.13669780977178742,0.4810672416116426,0.4225352112676056,0.0,0.5714285714285714,0.6666666666666666
262,0.6714285714285715,0.11842105263157895,0.022659440779139173,0.04316319497625976,0.24417194448187574,0.056338028169014086,0.5,1.0,0.3333333333333333
1634,0.8142857142857143,0.30263157894736836,0.048945367090253177,0.10405225039931734,0.5134078965099043,0.8169014084507042,0.0,0.8571428571428571,0.0
3369,0.32857142857142857,0.6513157894736842,0.09880615771284951,0.10866901516311839,0.38242824417194443,0.028169014084507043,0.5,0.5714285714285714,0.3333333333333333
1438,0.5714285714285715,0.04605263157894737,0.012275579871727085,0.04189002910093429,0.1474194852445762,0.5774647887323944,0.0,0.5714285714285714,0.6666666666666666
2198,0.3142857142857143,0.5263157894736842,0.08027701512109167,0.06185042557381353,0.30548443605983017,0.323943661971831,0.0,0.8571428571428571,0.0
1969,0.9142857142857143,0.06578947368421054,0.015065612992097441,0.05277005885828064,0.26074653011723486,0.07042253521126761,0.5,0.8571428571428571,0.0
2520,0.6571428571428571,0.368421052631579,0.05829506487256102,0.11321922703834175,0.4785069397655302,0.6619718309859155,0.0,0.7142857142857142,0.0
1802,0.014285714285714285,0.4013157894736842,0.06079170593779454,0.006978480624904273,0.019269640210214257,0.0,0.5,0.42857142857142855,0.6666666666666666
640,0.8857142857142858,0.506578947368421,0.07777927382074412,0.232309695206004,0.8175448052823069,0.8873239436619719,0.0,0.5714285714285714,0.3333333333333333
3732,0.5285714285714286,0.1513157894736842,0.026638226102485243,0.06095879920355338,0.2145263441584692,0.5352112676056339,0.0,0.5714285714285714,0.6666666666666666
2385,0.3,0.5657894736842105,0.08516836603547254,0.10935824781742993,0.30750572699097156,0.014084507042253521,0.5,0.42857142857142855,0.3333333333333333
2598,0.12857142857142856,0.3157894736842105,0.05051837888784165,0.0210343595241742,0.08920630642770515,0.14084507042253522,0.0,0.7142857142857142,0.3333333333333333
3538,0.45714285714285713,0.6447368421052632,0.09733527546911147,0.14764895083473734,0.5196065220320711,0.4647887323943662,0.0,0.5714285714285714,0.6666666666666666
1959,0.014285714285714285,0.5657894736842105,0.07917059377945335,0.004824628580180732,0.02452499663118178,0.028169014084507043,0.0,0.8571428571428571,0.0
2976,0.8285714285714286,0.2763157894736842,0.044633300851451306,0.11497421759330169,0.48591833984638183,0.8309859154929577,0.0,0.7142857142857142,0.6666666666666666
488,0.7142857142857143,0.3157894736842105,0.05026704366949418,0.10903915862561904,0.46085433230022904,0.028169014084507043,1.0,0.7142857142857142,1.0
1843,0.09999999999999999,0.35526315789473684,0.05537229029217719,0.021749119313830605,0.07653954992588599,0.11267605633802817,0.0,0.5714285714285714,0.3333333333333333
1734,0.15714285714285714,0.5723684210526315,0.08678919258561105,0.040083984275284625,0.1696536854871311,0.014084507042253521,0.5,0.7142857142857142,1.0
2911,0.11428571428571427,0.4078947368421053,0.06388103466331552,0.04643385919232144,0.09729147015227056,0.1267605633802817,0.0,0.2857142857142857,0.0
3219,0.22857142857142856,0.45394736842105265,0.0695791983145756,0.04029822987550051,0.19929928581053766,0.0,1.0,0.8571428571428571,0.6666666666666666
146,0.5428571428571429,0.39473684210526316,0.061214625776359985,0.14683527339561955,0.4130171135965503,0.014084507042253521,1.0,0.42857142857142855,0.0
1534,0.6428571428571429,0.256578947368421,0.04206450026636069,0.12855146270485526,0.3615415712168171,0.014084507042253521,1.0,0.42857142857142855,1.0
1986,0.9285714285714286,0.1776315789473684,0.030674320966498157,0.09748812988206464,0.412073844495351,0.07042253521126761,0.5,0.7142857142857142,0.3333333333333333
1369,0.15714285714285714,0.15789473684210528,0.025683317624882185,0.01841782815132486,0.06481606252526613,0.014084507042253521,0.5,0.5714285714285714,0.0
2450,0.07142857142857142,0.29605263157894735,0.04665409990574929,0.017699877469750346,0.04945425144859183,0.08450704225352113,0.0,0.42857142857142855,0.6666666666666666
3665,0.04285714285714286,0.10526315789473684,0.01837888784165881,0.0058776229131566856,0.016170327449130845,0.056338028169014086,0.0,0.42857142857142855,0.0
3002,0.6857142857142857,0.625,0.09436611590913463,0.21358554143054068,0.7516507209270987,0.6901408450704225,0.0,0.5714285714285714,0.6666666666666666
2811,0.24285714285714283,0.26315789473684215,0.043669494187873074,0.04104763363455353,0.14445492521223555,0.0,1.0,0.5714285714285714,0.3333333333333333
659,0.9428571428571428,0.14473684210526314,0.02623545795996455,0.1336249808546485,0.37582536046354936,0.943661971830986,0.0,0.42857142857142855,0.0
1794,0.9571428571428572,0.35526315789473684,0.05570493984587238,0.1580831674069536,0.6679692763778466,0.07042253521126761,0.5,0.7142857142857142,0.6666666666666666
3420,0.5714285714285715,0.5460526315789473,0.0829636100319533,0.15963394087915456,0.5617841261285541,0.5774647887323944,0.0,0.5714285714285714,0.0
2511,0.6571428571428571,0.368421052631579,0.058074478111777336,0.22627252769694187,0.47702465974935987,0.6619718309859155,0.0,0.2857142857142857,1.0
3397,0.5142857142857143,0.4342105263157895,0.06722367985327457,0.12034767958339715,0.42352782643848536,0.014084507042253521,1.0,0.5714285714285714,0.3333333333333333
186,0.3,0.45394736842105265,0.07025961785622482,0.09270179200490121,0.2606117773884921,0.3098591549295775,0.0,0.42857142857142855,0.3333333333333333
1147,0.8714285714285714,0.1644736842105263,0.028700860417743453,0.13137540205238168,0.3694919822126398,0.8732394366197184,0.0,0.42857142857142855,1.0
3272,0.2857142857142857,0.2236842105263158,0.0371617072842332,0.0424260989431766,0.1493060234469748,0.0,1.0,0.5714285714285714,0.6666666666666666
608,0.3142857142857143,0.3092105263157895,0.04987091751014219,0.07312567008730281,0.20549791133270448,0.323943661971831,0.0,0.42857142857142855,0.3333333333333333
2191,0.12857142857142856,0.006578947368421045,0.005937794533459002,0.007236942870271099,0.02546826573238108,0.14084507042253522,0.0,0.5714285714285714,0.3333333333333333
2799,0.9,0.5,0.07659342601319509,0.19401261040486037,0.819700848942191,0.9014084507042254,0.0,0.7142857142857142,0.3333333333333333
1930,0.05714285714285714,0.6381578947368421,0.09858623939679546,0.03730790830652984,0.07802182994205631,0.07042253521126761,0.0,0.2857142857142857,0.3333333333333333
3029,0.3714285714285714,0.5394736842105263,0.08304534506231019,0.08743682034002144,0.36962673494138254,0.38028169014084506,0.0,0.7142857142857142,1.0
197,0.028571428571428574,0.6118421052631579,0.09487904492617028,0.010440598356052485,0.04446840048510982,0.04225352112676056,0.0,0.7142857142857142,0.3333333333333333
2931,0.5285714285714286,0.6118421052631579,0.09253931246589613,0.16269719712053915,0.5725643444279747,0.014084507042253521,1.0,0.5714285714285714,0.3333333333333333
2327,0.6428571428571429,0.15789473684210528,0.027332704995287463,0.09413769336805024,0.2646543592507748,0.647887323943662,0.0,0.42857142857142855,0.0
293,0.6857142857142857,0.4671052631578947,0.07274615784108177,0.17054679123908717,0.6001886538202398,0.6901408450704225,0.0,0.5714285714285714,0.0
766,0.49999999999999994,0.6578947368421053,0.09922504974342862,0.2734977280849543,0.5767416790190001,0.5070422535211268,0.0,0.2857142857142857,0.0
400,0.2714285714285714,0.0394736842105263,0.010933081998114987,0.03213866339919334,0.067106858913893,0.014084507042253521,0.5,0.2857142857142857,0.0
122,0.5428571428571429,0.506578947368421,0.07735808018560139,0.17880801041507122,0.503031936396712,0.5492957746478874,0.0,0.42857142857142855,0.6666666666666666
3255,0.3,0.6513157894736842,0.09767800531231258,0.12333435441874713,0.3468535237838566,0.3098591549295775,0.0,0.42857142857142855,0.6666666666666666
202,0.15714285714285714,0.5592105263157895,0.08584668551680803,0.047748506662582325,0.16803665274221802,0.16901408450704225,0.0,0.5714285714285714,0.6666666666666666
835,0.32857142857142857,0.44736842105263164,0.06986333647502356,0.10069497625976413,0.2831154830885325,0.028169014084507043,0.5,0.42857142857142855,0.3333333333333333
2294,0.028571428571428574,0.2302631578947368,0.03958529688972667,0.005896768264665339,0.020751920226384585,0.0,0.5,0.5714285714285714,0.6666666666666666
1439,0.8,0.42105263157894735,0.0658762835458108,0.1520523816817277,0.6425010106454655,0.8028169014084507,0.0,0.7142857142857142,0.0
1733,0.04285714285714286,0.4078947368421053,0.06267672007540057,0.01179353652933068,0.04150384045276916,0.056338028169014086,0.0,0.5714285714285714,1.0
1695,0.49999999999999994,0.02631578947368421,0.008979997905539848,0.02262980548322867,0.1122490230427166,0.014084507042253521,1.0,0.8571428571428571,0.6666666666666666
3654,0.8857142857142858,0.4276315789473685,0.06640934727645377,0.16925128912033494,0.7151327314378115,0.8873239436619719,0.0,0.7142857142857142,0.3333333333333333
1707,0.7428571428571429,0.256578947368421,0.04191488983337186,0.14779254097105224,0.41571216817140544,0.7464788732394366,0.0,0.42857142857142855,1.0
3637,0.6428571428571429,0.19078947368421054,0.03268040814653936,0.07090800020421709,0.2998248214526344,0.04225352112676056,0.5,0.7142857142857142,0.6666666666666666
1153,0.8285714285714286,0.02631578947368421,0.00947299477627438,0.03827429271601427,0.18932758388357362,0.028169014084507043,1.0,0.8571428571428571,0.6666666666666666
1661,0.21428571428571427,0.38815789473684215,0.05990810556079171,0.03906289886148977,0.16534159816736288,0.0,1.0,0.7142857142857142,0.0
3474,0.8571428571428572,0.493421052631579,0.07612675947528623,0.22082248430081178,0.7771189866594798,0.07042253521126761,0.5,0.5714285714285714,1.0
2432,0.9,0.0394736842105263,0.010676837888784166,0.06153315974881299,0.21654763508961056,0.9014084507042254,0.0,0.5714285714285714,0.3333333333333333
3516,0.5285714285714286,0.5,0.07726077682424723,0.13911012406187778,0.4895566635224363,0.5352112676056339,0.0,0.5714285714285714,1.0
1759,0.6857142857142857,0.13815789473684212,0.02502452441862702,0.09456846377699495,0.26586713380945964,0.028169014084507043,1.0,0.42857142857142855,1.0
854,0.35714285714285715,0.5855263157894737,0.08910316827376205,0.13453438505130955,0.37838566230966175,0.014084507042253521,1.0,0.42857142857142855,0.0
1589,0.2857142857142857,0.5526315789473684,0.0840626542794309,0.06861055802317864,0.2901226249831559,0.0,1.0,0.7142857142857142,0.0
2267,0.14285714285714285,0.013157894736842118,0.007025961785622481,0.0069944350844948185,0.029915105780892064,0.0,0.5,0.7142857142857142,0.6666666666666666
641,0.8,0.5394736842105263,0.08237842485573027,0.183897483024455,0.776984233930737,0.8028169014084507,0.0,0.7142857142857142,0.0
1,0.17142857142857143,0.5986842105263158,0.09185818893641702,0.06881796599785572,0.19337016574585633,0.0,1.0,0.42857142857142855,1.0
2160,0.6,0.3421052631578947,0.05433662845494597,0.09777531015469444,0.4132866190540358,0.6056338028169014,0.0,0.7142857142857142,0.3333333333333333
698,0.15714285714285714,0.09210526315789472,0.017750549795790136,0.012036044315106959,0.05120603692224767,0.16901408450704225,0.0,0.7142857142857142,0.6666666666666666
3666,0.4714285714285714,0.3486842105263158,0.054499085213727344,0.07738551079797826,0.3271796253874141,0.028169014084507043,0.5,0.7142857142857142,0.6666666666666666
2999,0.2714285714285714,0.48026315789473684,0.073751178133836,0.0499256066341378,0.24673224632798813,0.014084507042253521,0.5,0.8571428571428571,0.6666666666666666
1636,0.7428571428571429,0.6118421052631579,0.092347909590454,0.28353308316740694,0.7978709068858644,0.7464788732394366,0.0,0.42857142857142855,0.3333333333333333
3184,0.0,0.08552631578947367,0.010367577756833175,0.0001476927116381857,0.0014822800161703275,0.014084507042253521,0.0,0.8571428571428571,0.6666666666666666
3458,0.7000000000000001,0.0394736842105263,0.010688030160226202,0.03989253076019809,0.16884516911467456,0.056338028169014086,0.5,0.7142857142857142,0.6666666666666666
3457,0.9571428571428572,0.5657894736842105,0.08596218883406331,0.1951294225761985,0.9621344832232852,0.028169014084507043,1.0,0.8571428571428571,1.0
1291,0.6285714285714286,0.631578947368421,0.09536077076133626,0.4956157145045183,0.6965368548713111,0.04225352112676056,0.5,0.14285714285714285,0.6666666666666666
3569,0.9428571428571428,0.506578947368421,0.07745438687805084,0.3078955429621688,0.8664600458159277,0.028169014084507043,1.0,0.42857142857142855,0.6666666666666666
2489,0.0857142857142857,0.2302631578947368,0.03554598088057089,0.011014958901312094,0.046893949602479446,0.0,0.5,0.7142857142857142,0.3333333333333333
1520,0.11428571428571427,0.38815789473684215,0.061577128495130376,0.01899218869658447,0.09432691011992991,0.1267605633802817,0.0,0.8571428571428571,0.6666666666666666
1853,0.8714285714285714,0.26315789473684215,0.043309719984190205,0.11806938275386736,0.4989893545344293,0.8732394366197184,0.0,0.7142857142857142,1.0
1136,0.3857142857142857,0.48026315789473684,0.07405412683452268,0.12352580793383366,0.34739253469882764,0.3943661971830986,0.0,0.42857142857142855,0.0
3304,0.22857142857142856,0.32894736842105265,0.05339025336807672,0.056947848062490425,0.1599514890176526,0.23943661971830987,0.0,0.42857142857142855,0.0
3621,0.3,0.3486842105263158,0.05625053551538001,0.10291264614284985,0.21654763508961056,0.3098591549295775,0.0,0.2857142857142857,0.6666666666666666
1631,0.7571428571428571,0.5,0.07695395678430551,0.16427349772808497,0.6941113057539414,0.7605633802816901,0.0,0.7142857142857142,1.0
3445,0.8428571428571429,0.11184210526315788,0.02141061891297518,0.05971708640570641,0.29497372321789517,0.028169014084507043,1.0,0.8571428571428571,0.6666666666666666
1998,0.5142857142857143,0.06578947368421054,0.01472348880454441,0.10438045642517997,0.14580245249966312,0.5211267605633803,0.0,0.14285714285714285,0.6666666666666666
663,0.6142857142857143,0.04605263157894737,0.011717076514437496,0.05512903966916833,0.15483088532542783,0.014084507042253521,1.0,0.42857142857142855,1.0
683,0.8285714285714286,0.631578947368421,0.09551270787073277,0.21660412518507174,0.915105780892063,0.028169014084507043,1.0,0.7142857142857142,0.6666666666666666
1257,0.028571428571428574,0.4736842105263158,0.07665724159597863,0.013152856486445092,0.036652742218029916,0.04225352112676056,0.0,0.42857142857142855,1.0
3531,0.7571428571428571,0.15789473684210528,0.027821412364296437,0.08944708224843008,0.31478237434308043,0.7605633802816901,0.0,0.5714285714285714,0.0
317,0.2857142857142857,0.20394736842105263,0.03496252412369283,0.050821335579721245,0.1427031397385797,0.29577464788732394,0.0,0.42857142857142855,0.6666666666666666
648,0.5714285714285715,0.09210526315789472,0.018229465989287603,0.0867029151988564,0.18232044198895028,0.5774647887323944,0.0,0.2857142857142857,1.0
1434,0.15714285714285714,0.3157894736842105,0.051523719761231546,0.03890335426558432,0.10914971028163319,0.0,1.0,0.42857142857142855,0.6666666666666666
1479,0.7285714285714286,0.2894736842105263,0.04661784963387225,0.15741308010415073,0.4427974666486996,0.7323943661971831,0.0,0.42857142857142855,0.6666666666666666
709,0.3142857142857143,0.2763157894736842,0.044379789370159406,0.037891385685841196,0.18744104568117503,0.323943661971831,0.0,0.8571428571428571,1.0
3430,0.9714285714285714,0.30263157894736836,0.048860112827657794,0.2893883698371369,0.6102951084759466,0.07042253521126761,0.5,0.2857142857142857,0.6666666666666666
1282,0.8714285714285714,0.13157894736842105,0.023653887081572463,0.23150559044264052,0.32475407627004443,0.028169014084507043,1.0,0.14285714285714285,0.6666666666666666
1768,0.8142857142857143,0.23684210526315788,0.03880529103968279,0.1526267422269873,0.42932219377442393,0.8169014084507042,0.0,0.42857142857142855,0.3333333333333333
972,0.5285714285714286,0.39473684210526316,0.06193263554739818,0.14444210445703784,0.4062794771594124,0.5352112676056339,0.0,0.42857142857142855,0.3333333333333333
2675,0.14285714285714285,0.39473684210526316,0.06126295947219604,0.032738551079797826,0.11521358307505726,0.0,1.0,0.5714285714285714,0.0
2680,0.14285714285714285,0.5723684210526315,0.08773883985948076,0.07464134374840456,0.1568521762565692,0.15492957746478875,0.0,0.2857142857142857,0.6666666666666666
1306,0.15714285714285714,0.6447368421052632,0.09809927741124724,0.053721856333282275,0.18905807842608813,0.16901408450704225,0.0,0.5714285714285714,0.6666666666666666
1400,0.7285714285714286,0.4144736842105263,0.06470673530051475,0.13660846479808036,0.5772806899339711,0.028169014084507043,1.0,0.7142857142857142,0.0
1408,0.8285714285714286,0.3092105263157895,0.04956948194060608,0.3755743605452596,0.5275569330278937,0.028169014084507043,1.0,0.14285714285714285,0.6666666666666666
3296,0.7142857142857143,0.4605263157894737,0.07057714697566113,0.4333933221013938,0.608947581188519,0.7183098591549296,0.0,0.14285714285714285,0.0
2237,0.3142857142857143,0.1776315789473684,0.030283161906322992,0.10103001991116557,0.1410861069936666,0.014084507042253521,0.5,0.14285714285714285,0.3333333333333333
3302,0.3857142857142857,0.006578947368421045,0.006193617880705535,0.027033236330219024,0.07573103355342944,0.3943661971830986,0.0,0.42857142857142855,0.0
1496,0.17142857142857143,0.3223684210526315,0.05096788225911694,0.041823020370654,0.11736962673494136,0.18309859154929578,0.0,0.42857142857142855,0.0
3419,0.45714285714285713,0.4671052631578947,0.07203038871276382,0.09468014499412876,0.4002156043659884,0.014084507042253521,1.0,0.7142857142857142,0.0
2038,0.42857142857142855,0.2302631578947368,0.03852117600559423,0.08087953744830756,0.2273278533890311,0.014084507042253521,1.0,0.42857142857142855,0.6666666666666666
1529,0.14285714285714285,0.19736842105263155,0.033587524633707476,0.020370654005207538,0.07168845169114674,0.15492957746478875,0.0,0.5714285714285714,1.0
1663,0.14285714285714285,0.5723684210526315,0.08696769771227829,0.055416219941798135,0.15563940169788437,0.15492957746478875,0.0,0.42857142857142855,1.0
1354,0.3,0.29605263157894735,0.04823922543055437,0.05437279828457651,0.191348874814715,0.0,1.0,0.5714285714285714,0.6666666666666666
3650,0.8571428571428572,0.032894736842105254,0.010429381499049765,0.07264703629958646,0.2041503840452769,0.8591549295774648,0.0,0.42857142857142855,0.0
3676,0.45714285714285713,0.5657894736842105,0.08576814326107446,0.11002833512023281,0.4650316668912545,0.028169014084507043,0.5,0.7142857142857142,0.6666666666666666
1643,0.32857142857142857,0.375,0.058081998114985864,0.11529330678511257,0.24268966446570542,0.3380281690140845,0.0,0.2857142857142857,0.3333333333333333
1051,0.8142857142857143,0.5855263157894737,0.08892066690500178,0.24008270791851738,0.8448996092170866,0.028169014084507043,1.0,0.5714285714285714,0.0
795,0.22857142857142856,0.6578947368421053,0.09835338470920885,0.06366467555010977,0.2692359520280286,0.23943661971830987,0.0,0.7142857142857142,0.0
2693,0.12857142857142856,0.013157894736842118,0.007163053722902924,0.007734722009496094,0.02722005120603692,0.14084507042253522,0.0,0.5714285714285714,1.0
3060,0.9285714285714286,0.32894736842105265,0.052066375346299945,0.1744524429468525,0.613933432152001,0.9295774647887324,0.0,0.5714285714285714,0.6666666666666666
1597,0.11428571428571427,0.21052631578947364,0.03403497748455336,0.02105031398376474,0.058886942460584825,0.1267605633802817,0.0,0.42857142857142855,0.3333333333333333
2604,0.42857142857142855,0.35526315789473684,0.055547110151713236,0.08603920967988972,0.30278938148497503,0.4366197183098592,0.0,0.5714285714285714,0.0
2729,0.15714285714285714,0.08552631578947367,0.018300345585925228,0.01865714504518303,0.05214930602344697,0.0,1.0,0.42857142857142855,0.3333333333333333
2625,0.6428571428571429,0.6118421052631579,0.09263205343605294,0.1972354112421504,0.6941113057539414,0.04225352112676056,0.5,0.5714285714285714,0.6666666666666666
1819,0.7714285714285715,0.3223684210526315,0.051426612972324565,0.3604495328534232,0.5062660018865381,0.7746478873239436,0.0,0.14285714285714285,1.0
3157,0.15714285714285714,0.05921052631578946,0.012959472196041471,0.010089600245060499,0.042986120468939494,0.0,1.0,0.7142857142857142,0.6666666666666666
3314,0.35714285714285715,0.36184210526315785,0.05803668527513957,0.12486598253943942,0.26290257377711895,0.014084507042253521,1.0,0.2857142857142857,1.0
1722,0.6857142857142857,0.30263157894736836,0.04874107984381311,0.15358400980241999,0.43201724834927907,0.6901408450704225,0.0,0.42857142857142855,0.3333333333333333
1183,0.21428571428571427,0.24999999999999997,0.042177191328934965,0.03545719099402665,0.12478102681579299,0.22535211267605634,0.0,0.5714285714285714,0.6666666666666666
2572,0.6142857142857143,0.07894736842105263,0.016750921086453603,0.06637693368050238,0.18649777657997574,0.04225352112676056,0.5,0.42857142857142855,1.0
1059,0.5571428571428572,0.05263157894736842,0.012181903864278983,0.05101278909480778,0.14324215065355073,0.5633802816901409,0.0,0.42857142857142855,1.0
540,0.8714285714285714,0.10526315789473684,0.020446322702258976,0.10538558737938429,0.2963212505053227,0.8732394366197184,0.0,0.42857142857142855,0.0
3242,0.7857142857142857,0.29605263157894735,0.04734414972398007,0.1371955889110124,0.48281902708529845,0.028169014084507043,1.0,0.5714285714285714,0.6666666666666666
1678,0.35714285714285715,0.11842105263157895,0.02229391720437903,0.02289305406647266,0.13003638323676053,0.36619718309859156,0.0,1.0,0.0
2796,0.0,0.23684210526315788,0.046182846371347785,0.003484453974574973,0.006602883708395095,0.014084507042253521,0.0,0.2857142857142857,0.6666666666666666
3609,0.35714285714285715,0.381578947368421,0.05937794533459001,0.12722724255884005,0.267888424740601,0.36619718309859156,0.0,0.2857142857142857,0.6666666666666666
3478,0.6428571428571429,0.625,0.09437364258492809,0.3345075815591974,0.7055652876970758,0.647887323943662,0.0,0.2857142857142857,0.6666666666666666
2532,0.7714285714285715,0.6513157894736842,0.09826064604575442,0.4145351508653699,0.8745452095404931,0.7746478873239436,0.0,0.2857142857142857,0.0
1757,0.04285714285714286,0.42105263157894735,0.06338360037700283,0.0119084086383826,0.041908098638997436,0.056338028169014086,0.0,0.5714285714285714,0.0
1923,0.028571428571428574,0.256578947368421,0.04209864907320138,0.00427761853707634,0.02182994205632664,0.04225352112676056,0.0,0.8571428571428571,0.3333333333333333
95,0.04285714285714286,0.019736842105263164,0.006597549481621112,0.003484453974574973,0.009432691011992993,0.056338028169014086,0.0,0.42857142857142855,1.0
1020,0.6857142857142857,0.375,0.05937794533459001,0.1800524582631337,0.5065355073440236,0.6901408450704225,0.0,0.42857142857142855,0.6666666666666666
563,0.9714285714285714,0.381578947368421,0.059760411971205726,0.1698894675039567,0.7178277860126667,0.971830985915493,0.0,0.7142857142857142,0.6666666666666666
3312,0.6857142857142857,0.506578947368421,0.07809344284367847,0.18119160667789863,0.6376499124107263,0.6901408450704225,0.0,0.5714285714285714,0.3333333333333333
2790,0.5428571428571429,0.24999999999999997,0.040986974068972185,0.07100372696176036,0.3002290796388627,0.5492957746478874,0.0,0.7142857142857142,0.0
863,0.41428571428571426,0.15789473684210528,0.02796104304115614,0.03529308798109533,0.17463953645061311,0.4225352112676056,0.0,0.8571428571428571,0.3333333333333333
1484,0.5285714285714286,0.3421052631578947,0.054888635348975645,0.1308489048858937,0.36800970219646945,0.014084507042253521,1.0,0.42857142857142855,0.0
2939,0.35714285714285715,0.5723684210526315,0.08623939679547596,0.1044953285342319,0.36774019673898395,0.36619718309859156,0.0,0.5714285714285714,1.0
1881,0.45714285714285713,0.09868421052631579,0.019507040242195753,0.035999642620105174,0.1524053362080582,0.4647887323943662,0.0,0.7142857142857142,0.0
1038,0.32857142857142857,0.26315789473684215,0.04288407163053723,0.0678128350436514,0.19054035844225845,0.3380281690140845,0.0,0.42857142857142855,0.6666666666666666
206,0.09999999999999999,0.48026315789473684,0.07516493873704053,0.028181957420738243,0.09917800835466917,0.11267605633802817,0.0,0.5714285714285714,0.6666666666666666
392,0.11428571428571427,0.29605263157894735,0.048800921562467264,0.02213202634400368,0.07788707721331356,0.0,1.0,0.5714285714285714,1.0
2842,0.5142857142857143,0.2763157894736842,0.04478182235015411,0.10840098024199725,0.3048106724161164,0.04225352112676056,0.5,0.42857142857142855,0.3333333333333333
870,0.2857142857142857,0.5526315789473684,0.08464611103630897,0.0690253739725328,0.29187441045681173,0.014084507042253521,0.5,0.7142857142857142,0.3333333333333333
397,0.7285714285714286,0.26973684210526316,0.043953454650909884,0.10007275233573289,0.4229888155235143,0.7323943661971831,0.0,0.7142857142857142,0.3333333333333333
2814,0.45714285714285713,0.368421052631579,0.05755005283751749,0.09431000153162812,0.33189597089341055,0.4647887323943662,0.0,0.5714285714285714,1.0
3598,0.8571428571428572,0.618421052631579,0.09374082600701472,0.22030555981007813,0.9307370974262228,0.07042253521126761,0.5,0.7142857142857142,0.0
3289,0.7428571428571429,0.07236842105263158,0.015417992993438018,0.0508053811201307,0.21493060234469746,0.028169014084507043,1.0,0.7142857142857142,0.3333333333333333
1028,0.5571428571428572,0.2828947368421052,0.04627709707822809,0.12027109817736253,0.3382293491443202,0.014084507042253521,1.0,0.42857142857142855,0.3333333333333333
2690,0.32857142857142857,0.12499999999999997,0.022463085139805217,0.04292387808240159,0.12046893949602477,0.014084507042253521,1.0,0.42857142857142855,0.6666666666666666
1485,0.5142857142857143,0.5723684210526315,0.08678706982194258,0.18732769183642212,0.5270179221129228,0.5211267605633803,0.0,0.42857142857142855,0.0
2660,0.07142857142857142,0.04605263157894737,0.012723845428840714,0.003976763013368925,0.02034766204015631,0.08450704225352113,0.0,0.8571428571428571,0.6666666666666666
960,0.49999999999999994,0.013157894736842118,0.0071997067755785946,0.03674950222086078,0.10308583748820913,0.04225352112676056,0.5,0.42857142857142855,0.6666666666666666
1570,0.21428571428571427,0.32894736842105265,0.05248586239396795,0.03504237504467249,0.1483627543457755,0.014084507042253521,0.5,0.7142857142857142,0.6666666666666666
2773,0.014285714285714285,0.14473684210526314,0.029217719132893498,0.005207535610353806,0.010241207384449535,0.0,0.5,0.2857142857142857,0.3333333333333333
1895,0.8714285714285714,0.4605263157894737,0.07173694931744246,0.17773906162250472,0.750976957283385,0.8732394366197184,0.0,0.7142857142857142,0.6666666666666666
2731,0.2714285714285714,0.5263157894736842,0.08020735155513666,0.09432914688313677,0.26519337016574585,0.014084507042253521,0.5,0.42857142857142855,0.0
2146,0.11428571428571427,0.09210526315789472,0.018431249345481203,0.01102772246898453,0.038808785877914025,0.1267605633802817,0.0,0.5714285714285714,0.3333333333333333
804,0.2714285714285714,0.4671052631578947,0.071253534401508,0.08523510491652626,0.239590351704622,0.28169014084507044,0.0,0.42857142857142855,0.3333333333333333
1751,0.39999999999999997,0.18421052631578946,0.03159023692677695,0.04343442078929902,0.1838027220051206,0.014084507042253521,1.0,0.7142857142857142,0.6666666666666666
2454,0.8714285714285714,0.2236842105263158,0.03739624821379709,0.21184969622708938,0.4465705430534968,0.028169014084507043,1.0,0.2857142857142857,0.0
502,0.0,0.5460526315789473,0.060320452403393024,0.0024506049931076737,0.00862417463953645,0.0,1.0,0.5714285714285714,0.0
3119,1.0,0.2828947368421052,0.046036824149420556,0.21303032623678972,0.5993801374477833,0.07042253521126761,0.5,0.42857142857142855,1.0
3104,0.8571428571428572,0.19078947368421054,0.032369709985939646,0.09356333282279063,0.3954992588599919,0.07042253521126761,0.5,0.7142857142857142,0.6666666666666666
2977,0.5714285714285715,1.0,0.035585388841635826,0.08071680196048399,0.2840587521897318,0.5774647887323944,0.0,0.5714285714285714,0.0
779,0.5571428571428572,0.2763157894736842,0.04436852026390198,0.07741741971715935,0.3273143781161568,0.04225352112676056,0.5,0.7142857142857142,0.6666666666666666
1863,0.0857142857142857,0.4144736842105263,0.06382119294466136,0.026841782815132487,0.07519202263845842,0.0,1.0,0.42857142857142855,0.6666666666666666
200,0.4857142857142857,0.07894736842105263,0.016992056011848663,0.035233828559759026,0.14917127071823205,0.49295774647887325,0.0,0.7142857142857142,0.0
2182,0.8857142857142858,0.5328947368421053,0.08128001436201247,0.40247357941491807,0.849076943808112,0.8873239436619719,0.0,0.2857142857142857,0.3333333333333333
3099,0.7714285714285715,0.5,0.07646302801816468,0.19980088834431003,0.7031397385797062,0.7746478873239436,0.0,0.5714285714285714,0.6666666666666666
2088,0.7571428571428571,0.6381578947368421,0.09662442838691661,0.40100576913258795,0.8459776310470286,0.056338028169014086,0.5,0.2857142857142857,1.0
3065,0.21428571428571427,0.493421052631579,0.07563619227144204,0.07164190534538215,0.201320576741679,0.014084507042253521,0.5,0.42857142857142855,0.0
2278,0.5714285714285715,0.20394736842105263,0.03505666536401462,0.1334175728799714,0.2809594394286484,0.5774647887323944,0.0,0.2857142857142857,0.3333333333333333
3561,0.7714285714285715,0.2894736842105263,0.04647416673806872,0.13279215806402206,0.46732246327988136,0.7746478873239436,0.0,0.5714285714285714,0.6666666666666666
1796,0.7142857142857143,0.506578947368421,0.07785847609543346,0.23528679736559963,0.6620401563131653,0.7183098591549296,0.0,0.42857142857142855,0.3333333333333333
378,0.2857142857142857,0.631578947368421,0.09573178941699205,0.0658435988884756,0.32515833445627274,0.0,1.0,0.8571428571428571,0.6666666666666666
2336,0.5285714285714286,0.2236842105263158,0.036856986953717946,0.09605222851891561,0.27004446840048507,0.5352112676056339,0.0,0.42857142857142855,0.0
418,0.7285714285714286,0.4078947368421053,0.06361922714420358,0.134693929647215,0.5691955262094057,0.7323943661971831,0.0,0.7142857142857142,0.3333333333333333
1698,0.9142857142857143,0.05263157894736842,0.012702095265714492,0.06785112574666871,0.23878183533216546,0.028169014084507043,1.0,0.5714285714285714,0.3333333333333333
391,0.11428571428571427,0.10526315789473684,0.022515446643627604,0.01252105988665952,0.04406414229888155,0.1267605633802817,0.0,0.5714285714285714,1.0
2640,0.9428571428571428,0.3092105263157895,0.04905256938680771,0.21125938122223925,0.5943942864843013,0.943661971830986,0.0,0.42857142857142855,0.6666666666666666
1522,0.7571428571428571,0.631578947368421,0.09592627500261806,0.5979476183182724,0.8405875218973183,0.7605633802816901,0.0,0.14285714285714285,0.0
1162,0.6,0.5986842105263158,0.0913135918286829,0.1516056568131924,0.6406144724430669,0.04225352112676056,0.5,0.7142857142857142,1.0
3134,0.17142857142857143,0.12499999999999997,0.02334517508881316,0.018762444478480623,0.06602883708395094,0.014084507042253521,0.5,0.5714285714285714,0.6666666666666666
1495,0.014285714285714285,0.10526315789473684,0.0235626767200754,0.0024506049931076737,0.00862417463953645,0.028169014084507043,0.0,0.5714285714285714,0.6666666666666666
2695,0.014285714285714285,0.26315789473684215,0.04571159283694628,0.005446852504211977,0.014957552890446032,0.028169014084507043,0.0,0.42857142857142855,0.0
2027,0.6714285714285715,0.5263157894736842,0.08040763430725731,0.22762865676213817,0.6404797197143242,0.676056338028169,0.0,0.42857142857142855,1.0
1152,0.6857142857142857,0.18421052631578946,0.0312950816518879,0.11017192525654772,0.3097965233795984,0.6901408450704225,0.0,0.42857142857142855,0.3333333333333333
1367,0.7000000000000001,0.13157894736842105,0.024392082940622055,0.09490350742839639,0.26681040291065894,0.7042253521126761,0.0,0.42857142857142855,0.0
2568,0.21428571428571427,0.4736842105263158,0.07245523091423185,0.09225506713636596,0.19404392938957013,0.22535211267605634,0.0,0.2857142857142857,0.6666666666666666
64,0.49999999999999994,0.24342105263157895,0.039847104408838624,0.09643513554908868,0.27112249023042717,0.5070422535211268,0.0,0.42857142857142855,0.6666666666666666
2062,0.7714285714285715,0.32894736842105265,0.052814668837289,0.1469597181804258,0.5171809729147014,0.056338028169014086,0.5,0.5714285714285714,0.6666666666666666
1180,0.7428571428571429,0.5789473684210527,0.08772429000764675,0.2167636697809772,0.7628351974127475,0.7464788732394366,0.0,0.5714285714285714,0.6666666666666666
3112,0.9428571428571428,0.5131578947368421,0.07845316302558837,0.20735053862255576,0.8760274895566634,0.028169014084507043,1.0,0.7142857142857142,0.3333333333333333
492,0.11428571428571427,0.5723684210526315,0.08702481935281181,0.060537601470362995,0.1270718232044199,0.0,1.0,0.2857142857142857,0.0
379,0.9857142857142858,1.0,0.07443112966204389,0.20712717618828816,0.8750842204554642,0.9859154929577465,0.0,0.7142857142857142,0.6666666666666666
2235,0.3857142857142857,0.5723684210526315,0.08751851353170863,0.14267115944248737,0.40129362619593045,0.3943661971830986,0.0,0.42857142857142855,0.6666666666666666
763,0.8285714285714286,0.5460526315789473,0.08308439431939807,0.1917789860621841,0.810268157930198,0.8309859154929577,0.0,0.7142857142857142,1.0
2264,0.9714285714285714,0.006578947368421045,0.005887254299334781,0.05295604227293613,0.186363023851233,0.971830985915493,0.0,0.5714285714285714,0.3333333333333333
791,0.24285714285714283,1.0,0.07707613362655774,0.06547710215959565,0.23042716615011452,0.014084507042253521,0.5,0.5714285714285714,0.0
1076,0.9142857142857143,0.1513157894736842,0.027100703255274416,0.08813881656200542,0.3725912949737232,0.9154929577464789,0.0,0.7142857142857142,1.0
878,0.2714285714285714,0.48684210526315785,0.0747879359095193,0.08882485832439883,0.24969680636032876,0.28169014084507044,0.0,0.42857142857142855,0.0
337,0.2714285714285714,0.48684210526315785,0.07497643732327992,0.059165517945576146,0.2502358172752998,0.28169014084507044,0.0,0.7142857142857142,0.0
2767,0.44285714285714284,0.368421052631579,0.0579052780395853,0.09189768724153775,0.3234065489826169,0.014084507042253521,1.0,0.5714285714285714,0.6666666666666666
2343,0.45714285714285713,0.08552631578947367,0.017564904464056202,0.06819574207382448,0.14324215065355073,0.4647887323943662,0.0,0.2857142857142857,1.0
1016,0.6142857142857143,0.3421052631578947,0.05402279153457287,0.11962015622606832,0.42096752459237297,0.619718309859155,0.0,0.5714285714285714,1.0
1275,0.8285714285714286,0.368421052631579,0.0577804757264493,0.21212092204012867,0.5968198356016708,0.056338028169014086,0.5,0.42857142857142855,0.3333333333333333
3533,0.014285714285714285,0.1644736842105263,0.024505183788878414,0.001651970330175262,0.008893680097021964,0.0,1.0,0.8571428571428571,0.3333333333333333
455,0.6857142857142857,0.5328947368421053,0.08088249437380984,0.31159697758717514,0.6571890580784261,0.056338028169014086,0.5,0.2857142857142857,1.0
3342,0.5285714285714286,0.10526315789473684,0.0204375217024654,0.042732424567315054,0.18083816197277994,0.5352112676056339,0.0,0.7142857142857142,1.0
815,0.6857142857142857,0.6578947368421053,0.09917482544384389,0.18587583601368254,0.785338903112788,0.056338028169014086,0.5,0.7142857142857142,0.3333333333333333
2317,0.4857142857142857,0.19736842105263155,0.03384946815672546,0.11095369377648441,0.23352647891119793,0.49295774647887325,0.0,0.2857142857142857,1.0
995,0.3714285714285714,0.11184210526315788,0.02090969385974098,0.046226451217644356,0.12976687777927504,0.38028169014084506,0.0,0.42857142857142855,1.0
1981,0.3857142857142857,0.6578947368421053,0.09872761545711592,0.15860966457344158,0.44616628486726856,0.3943661971830986,0.0,0.42857142857142855,1.0
201,0.07142857142857142,0.5657894736842105,0.08608231228400878,0.03979680400265482,0.08327718636302384,0.0,1.0,0.2857142857142857,0.3333333333333333
161,0.5285714285714286,0.13157894736842105,0.024009127436876825,0.047327308929391944,0.20024255491173695,0.5352112676056339,0.0,0.7142857142857142,0.3333333333333333
1579,0.7571428571428571,0.3223684210526315,0.051000104723007644,0.11682493490580487,0.49373399811346175,0.056338028169014086,0.5,0.7142857142857142,0.6666666666666666
2777,0.11428571428571427,0.5263157894736842,0.0773903026494921,0.04086575279522132,0.11467457216008622,0.1267605633802817,0.0,0.42857142857142855,0.6666666666666666
2449,0.24285714285714283,0.36184210526315785,0.057074039166404855,0.0851074692398019,0.17895162377038135,0.2535211267605634,0.0,0.2857142857142857,0.3333333333333333
702,0.0,0.36184210526315785,0.046182846371347785,0.0024793230203706542,0.006602883708395095,0.014084507042253521,0.0,0.42857142857142855,0.6666666666666666
1500,0.7428571428571429,0.493421052631579,0.07609410844166237,0.19172155000765814,0.6747069128149844,0.056338028169014086,0.5,0.5714285714285714,0.0
1129,0.6,0.032894736842105254,0.010367577756833175,0.050917062337264514,0.14297264519606523,0.6056338028169014,0.0,0.42857142857142855,0.3333333333333333
2613,0.05714285714285714,0.1513157894736842,0.02620169651272384,0.007466687088374942,0.02627678210483762,0.0,0.5,0.5714285714285714,0.3333333333333333
3461,0.5857142857142857,0.493421052631579,0.07593914097212871,0.18957727063868893,0.5333513003638324,0.5915492957746479,0.0,0.42857142857142855,0.6666666666666666
1021,0.14285714285714285,0.44736842105263164,0.07051666523862565,0.03687394700566703,0.12976687777927504,0.15492957746478875,0.0,0.5714285714285714,0.6666666666666666
3073,0.41428571428571426,0.631578947368421,0.09566446748350613,0.11002833512023281,0.4650316668912545,0.014084507042253521,1.0,0.7142857142857142,0.0
3459,0.5142857142857143,1.0,0.013755508571719692,0.06698320314494308,0.14068184880743834,0.014084507042253521,1.0,0.2857142857142857,0.6666666666666666
1585,0.14285714285714285,0.11842105263157895,0.02313426441607403,0.012993311890539644,0.055248618784530384,0.0,0.5,0.7142857142857142,0.6666666666666666
1955,0.6857142857142857,0.3157894736842105,0.051010790744195886,0.15923188849747283,0.4479180703409244,0.056338028169014086,0.5,0.42857142857142855,0.0
3152,0.45714285714285713,0.5986842105263158,0.09068060434695685,0.1387272170317047,0.4882091362350087,0.4647887323943662,0.0,0.5714285714285714,1.0
2253,0.8,0.4671052631578947,0.07227541048663129,0.24686973502833512,0.6946503166689125,0.8028169014084507,0.0,0.42857142857142855,0.0
34,0.6571428571428571,1.0,0.03338881424589408,0.08841323326696279,0.311144050667026,0.6619718309859155,0.0,0.5714285714285714,0.0
775,0.6,0.48684210526315785,0.07450189597352212,0.12713151580129678,0.5372591294973723,0.014084507042253521,1.0,0.7142857142857142,0.6666666666666666
2556,1.0,0.5657894736842105,0.08550264831211586,0.2841553070914382,0.9999999999999999,1.0,0.0,0.5714285714285714,0.6666666666666666
3499,0.4857142857142857,0.45394736842105265,0.06998788205197252,0.11774391177822024,0.4143646408839779,0.49295774647887325,0.0,0.5714285714285714,0.6666666666666666
1478,0.6857142857142857,0.2894736842105263,0.04643289926715266,0.11816510951141063,0.4158469209001482,0.6901408450704225,0.0,0.5714285714285714,1.0
3003,0.7571428571428571,0.02631578947368421,0.009617062868712254,0.08287384489712565,0.17423527826438484,0.7605633802816901,0.0,0.2857142857142857,0.3333333333333333
1390,0.7142857142857143,0.11842105263157895,0.12420764724362884,0.35532815132485834,0.9999999999999999,0.028169014084507043,1.0,0.42857142857142855,0.0
2139,0.8857142857142858,0.618421052631579,0.0932034768038538,0.2717874100168479,0.9564748686160894,0.07042253521126761,0.5,0.5714285714285714,0.3333333333333333
1363,0.0857142857142857,0.18421052631578946,0.03298774740810556,0.012597641292694133,0.04433364775636706,0.0,0.5,0.5714285714285714,0.3333333333333333
2945,0.8571428571428572,0.14473684210526314,0.02560220021322291,0.11964887425333129,0.33647756367066434,0.8591549295774648,0.0,0.42857142857142855,0.3333333333333333
2612,0.014285714285714285,0.30263157894736836,0.052309142318567384,0.004786337877163425,0.01684409109284463,0.028169014084507043,0.0,0.5714285714285714,0.3333333333333333
3417,0.35714285714285715,0.4013157894736842,0.06293047197853985,0.07987440649410324,0.2810941921573912,0.36619718309859156,0.0,0.5714285714285714,0.6666666666666666
2824,0.8,0.48684210526315785,0.0754997767746416,0.17062337264512176,0.7209270987737502,0.8028169014084507,0.0,0.7142857142857142,0.6666666666666666
2041,0.7000000000000001,0.5263157894736842,0.08098020735155513,0.15888089038648082,0.6713380945964156,0.056338028169014086,0.5,0.7142857142857142,1.0
241,0.8714285714285714,0.6052631578947368,0.09207685993128818,0.26462704855261143,0.9312761083411938,0.8732394366197184,0.0,0.5714285714285714,0.3333333333333333
2061,0.8428571428571429,0.21052631578947364,0.03595664467483506,0.14922844233420127,0.4197547500336882,0.028169014084507043,1.0,0.42857142857142855,0.3333333333333333
2363,0.15714285714285714,0.39473684210526316,0.0604775369148602,0.02939449634961965,0.1245115213583075,0.16901408450704225,0.0,0.7142857142857142,0.6666666666666666
600,0.7857142857142857,0.506578947368421,0.07812710381042143,0.345739521110941,0.729281767955801,0.056338028169014086,0.5,0.2857142857142857,0.0
2435,0.22857142857142856,0.631578947368421,0.09652381216388534,0.07524123142900904,0.26478911197951754,0.23943661971830987,0.0,0.5714285714285714,0.6666666666666666
1297,0.39999999999999997,0.5986842105263158,0.09122818421138158,0.15324896615101855,0.4310739792480797,0.028169014084507043,0.5,0.42857142857142855,1.0
2214,0.19999999999999998,0.4276315789473685,0.06685516808042727,0.04824628580180732,0.16978843821587386,0.0,1.0,0.5714285714285714,0.0
2888,0.3857142857142857,0.1644736842105263,0.028847448498720882,0.039318170214938476,0.16641961999730495,0.3943661971830986,0.0,0.7142857142857142,0.6666666666666666
2068,0.45714285714285713,0.019736842105263164,0.008311198697626594,0.02349134630111809,0.09958226654089744,0.4647887323943662,0.0,0.7142857142857142,0.0
646,0.3,0.21710526315789472,0.30532944906177706,0.2841553070914382,0.9999999999999999,0.3098591549295775,0.0,0.5714285714285714,0.6666666666666666
3556,0.7714285714285715,0.032894736842105254,0.00971639105475109,0.06345726757543269,0.17827786012666755,0.7746478873239436,0.0,0.42857142857142855,1.0
3202,0.8857142857142858,0.26973684210526316,0.04383405891417201,0.1454280900597335,0.5117908637649912,0.8873239436619719,0.0,0.5714285714285714,0.0
1528,0.39999999999999997,0.18421052631578946,0.03149273619552147,0.06527607596875479,0.18339846381889233,0.014084507042253521,1.0,0.42857142857142855,0.3333333333333333
2879,0.0,0.019736842105263164,0.0018850141376060316,7.658140603461483e-05,0.00026950545748551406,0.014084507042253521,0.0,0.5714285714285714,0.3333333333333333
1267,0.7714285714285715,0.2302631578947368,0.03823151400908234,0.19098126308265687,0.40250640075461525,0.7746478873239436,0.0,0.2857142857142857,0.6666666666666666
3638,0.7285714285714286,0.07236842105263158,0.015116363372725296,0.04930566191861949,0.2085972240937879,0.028169014084507043,1.0,0.7142857142857142,0.6666666666666666
1899,0.3,0.20394736842105263,0.03453003170251049,0.05278373410935825,0.14822800161703273,0.0,1.0,0.42857142857142855,0.3333333333333333
562,0.07142857142857142,0.42105263157894735,0.06487590323594093,0.018494409557359474,0.06508556798275164,0.0,0.5,0.5714285714285714,0.6666666666666666
3702,0.9,0.5263157894736842,0.07999528746465598,0.2417674988512789,0.8508287292817679,0.9014084507042254,0.0,0.5714285714285714,0.3333333333333333
2734,0.32857142857142857,0.256578947368421,0.042334275840402134,0.06714274774084852,0.18865382023985985,0.3380281690140845,0.0,0.42857142857142855,0.0
3005,0.8142857142857143,0.0394736842105263,0.01038382787870909,0.06891369275539899,0.19363967120334186,0.056338028169014086,0.5,0.42857142857142855,0.0
189,0.9714285714285714,0.44736842105263164,0.06896693029545548,0.19139607903201103,0.8086511251852849,0.971830985915493,0.0,0.7142857142857142,0.6666666666666666
1806,0.9,0.2828947368421052,0.04575577285579642,0.12719533363965896,0.5375286349548578,0.9014084507042254,0.0,0.7142857142857142,0.0
975,0.6142857142857143,0.4407894736842105,0.06854596864021935,0.14558125287180274,0.5123298746799623,0.619718309859155,0.0,0.5714285714285714,0.6666666666666666
2747,0.9142857142857143,0.5526315789473684,0.084231131733488,0.2567391637310461,0.9035170462201859,0.9154929577464789,0.0,0.5714285714285714,0.0
3547,0.7000000000000001,0.5394736842105263,0.08269557021677662,0.3241052739061623,0.6836005929120064,0.7042253521126761,0.0,0.2857142857142857,0.6666666666666666
2047,0.11428571428571427,0.5131578947368421,0.07864697874122945,0.02345032054788526,0.1162916049049993,0.0,1.0,0.8571428571428571,0.6666666666666666
2558,0.8714285714285714,0.26973684210526316,0.04352254416101669,0.11851610762240262,0.5008758927368279,0.8732394366197184,0.0,0.7142857142857142,1.0
1082,0.3142857142857143,0.2894736842105263,0.04585501782567717,0.06843505896768265,0.1922921439159143,0.323943661971831,0.0,0.42857142857142855,1.0
474,0.7714285714285715,0.5592105263157895,0.08544254991003342,0.2198652167253791,0.7737501684409108,0.7746478873239436,0.0,0.5714285714285714,1.0
3632,0.39999999999999997,0.006578947368421045,0.005622542169066266,0.027176826466533927,0.07613529173965772,0.014084507042253521,1.0,0.42857142857142855,0.0
2904,0.014285714285714285,0.6118421052631579,0.09000942507068803,0.013440036759074897,0.027624309392265192,0.0,1.0,0.2857142857142857,0.6666666666666666
747,1.0,0.0394736842105263,0.011110963613917245,0.06957420738244754,0.24484570812558953,1.0,0.0,0.5714285714285714,0.6666666666666666
2300,0.014285714285714285,0.24999999999999997,0.0414703110273327,0.0039056517077653546,0.013744778331761218,0.0,0.5,0.5714285714285714,1.0
21,0.5857142857142857,0.15789473684210528,0.02782639917418428,0.057793434420789304,0.24444144993936126,0.014084507042253521,1.0,0.7142857142857142,0.0
3385,0.8714285714285714,0.5263157894736842,0.0810404061901432,0.3950707101649053,0.8334456272739522,0.028169014084507043,1.0,0.2857142857142857,0.6666666666666666
459,0.22857142857142856,0.3223684210526315,0.05178244719188335,0.044340634094041965,0.15604365988411265,0.0,1.0,0.5714285714285714,1.0
1184,0.5142857142857143,0.36184210526315785,0.057161780064701836,0.08759636493592689,0.37030049858509634,0.5211267605633803,0.0,0.7142857142857142,0.3333333333333333
2324,0.7714285714285715,0.506578947368421,0.07776540142232885,0.2535227446775923,0.7133809459641557,0.056338028169014086,0.5,0.42857142857142855,0.6666666666666666
955,0.09999999999999999,0.5921052631578947,0.0885956644674835,0.03254709756471129,0.11453981943134346,0.11267605633802817,0.0,0.5714285714285714,0.3333333333333333
1215,0.41428571428571426,0.3486842105263158,0.055545083254791086,0.06928064532598152,0.29295243228675377,0.4225352112676056,0.0,0.7142857142857142,0.0
2433,0.2714285714285714,0.6578947368421053,0.09919886899151743,0.15166947465155461,0.3194987198490769,0.0,1.0,0.2857142857142857,1.0
2853,0.6714285714285715,0.5921052631578947,0.08957744266415332,0.16647521315158015,0.7034092440371917,0.056338028169014086,0.5,0.7142857142857142,0.6666666666666666
3485,0.0857142857142857,0.5394736842105263,0.08280597818769356,0.04496604890999132,0.09419215739118715,0.0,1.0,0.2857142857142857,0.3333333333333333
1515,0.7428571428571429,0.5263157894736842,0.08085999324240215,0.25261334048093126,0.7108206441180434,0.028169014084507043,1.0,0.42857142857142855,1.0
2391,0.7714285714285715,0.48684210526315785,0.07498928969239996,0.16366722826364424,0.6915510039078291,0.7746478873239436,0.0,0.7142857142857142,0.6666666666666666
769,0.19999999999999998,0.5723684210526315,0.08771599120326735,0.05070965436258743,0.2145263441584692,0.014084507042253521,0.5,0.7142857142857142,0.6666666666666666
3380,0.39999999999999997,0.506578947368421,0.07689557671682538,0.1056057589217338,0.3716480258725239,0.4084507042253521,0.0,0.5714285714285714,0.3333333333333333
1685,0.2714285714285714,0.4736842105263158,0.07412818096135722,0.08815477102159595,0.2478102681579302,0.014084507042253521,0.5,0.42857142857142855,0.0
130,0.24285714285714283,0.6447368421052632,0.09660697455230914,0.13328993720324706,0.2806899339711629,0.0,1.0,0.2857142857142857,0.6666666666666666
2919,0.21428571428571427,0.5460526315789473,0.0819392082940622,0.10252973911267678,0.215739118717154,0.22535211267605634,0.0,0.2857142857142857,0.6666666666666666
3171,0.0,0.04605263157894737,0.016965127238454288,0.0006892326543115332,0.0024255491173696265,0.0,0.5,0.5714285714285714,0.6666666666666666
3444,0.22857142857142856,0.618421052631579,0.09292010866552088,0.1216112727829683,0.2560301846112384,0.0,1.0,0.2857142857142857,0.3333333333333333
2135,0.1857142857142857,0.625,0.09512589201561869,0.061073671312605306,0.21493060234469746,0.0,1.0,0.5714285714285714,0.6666666666666666
1482,0.05714285714285714,0.3157894736842105,0.05089538171536287,0.012482769183642212,0.04392938957013879,0.07042253521126761,0.0,0.5714285714285714,0.0
330,0.11428571428571427,0.4407894736842105,0.06890773903026495,0.03698881911471895,0.10375960113192291,0.1267605633802817,0.0,0.42857142857142855,0.0
1238,0.07142857142857142,0.032894736842105254,0.008325479107759975,0.006021213049471588,0.016574585635359115,0.0,0.5,0.42857142857142855,0.6666666666666666
466,0.49999999999999994,0.006578947368421045,0.005524138653262119,0.033686245979476184,0.09446166284867268,0.5070422535211268,0.0,0.42857142857142855,1.0
2169,0.3142857142857143,0.5723684210526315,0.08712043601196574,0.11663348139071833,0.3279881417598706,0.323943661971831,0.0,0.42857142857142855,0.0
1638,0.8142857142857143,0.48684210526315785,0.0747343105073288,0.20665492418440803,0.7272604770246597,0.028169014084507043,1.0,0.5714285714285714,0.0
3092,0.3,0.07236842105263158,0.01546568417444949,0.02081099708990657,0.08826303732650585,0.0,1.0,0.7142857142857142,1.0
1095,0.9714285714285714,0.1644736842105263,0.028630359655233646,0.08321116775704003,0.4107263172079234,0.971830985915493,0.0,0.8571428571428571,0.3333333333333333
1130,0.4857142857142857,0.1644736842105263,0.028221354517301733,0.09761576555878898,0.20536315860396173,0.49295774647887325,0.0,0.2857142857142857,0.6666666666666666
1294,0.9714285714285714,0.19736842105263155,0.03311068311273204,0.1617207841935978,0.4549252122355477,0.971830985915493,0.0,0.42857142857142855,0.0
860,0.35714285714285715,0.13815789473684212,0.02497643732327992,0.03306402205544494,0.14000808516372457,0.36619718309859156,0.0,0.7142857142857142,0.6666666666666666
3507,0.8857142857142858,0.2828947368421052,0.04543482488817079,0.12451498442844744,0.5262094057404663,0.028169014084507043,1.0,0.7142857142857142,0.3333333333333333
3174,0.9714285714285714,0.4144736842105263,0.0650876258383532,0.1823339459845816,0.770381350222342,0.07042253521126761,0.5,0.7142857142857142,0.3333333333333333
